{"ray_index": 68, "returncode": 0, "log": "D:\\mpc_gpt\\research_execution\\04_experiments\\runs\\e2_f2_cross_operating_q099_refine_v1\\process_logs\\q0.99_refine_ray_0068.log"}
{"ray_index": 66, "returncode": 0, "log": "D:\\mpc_gpt\\research_execution\\04_experiments\\runs\\e2_f2_cross_operating_q099_refine_v1\\process_logs\\q0.99_refine_ray_0066.log"}
{"ray_index": 67, "returncode": 0, "log": "D:\\mpc_gpt\\research_execution\\04_experiments\\runs\\e2_f2_cross_operating_q099_refine_v1\\process_logs\\q0.99_refine_ray_0067.log"}
{"ray_index": 69, "returncode": 0, "log": "D:\\mpc_gpt\\research_execution\\04_experiments\\runs\\e2_f2_cross_operating_q099_refine_v1\\process_logs\\q0.99_refine_ray_0069.log"}
{"ray_index": 70, "returncode": 0, "log": "D:\\mpc_gpt\\research_execution\\04_experiments\\runs\\e2_f2_cross_operating_q099_refine_v1\\process_logs\\q0.99_refine_ray_0070.log"}
{"ray_index": 71, "returncode": 0, "log": "D:\\mpc_gpt\\research_execution\\04_experiments\\runs\\e2_f2_cross_operating_q099_refine_v1\\process_logs\\q0.99_refine_ray_0071.log"}
{
  "analysis_id": "E2-F2-CROSS-OPERATING-SLOW-V1",
  "status": "complete",
  "mode": "refine",
  "frequency_label": "q0.99",
  "expected_ray_count": 72,
  "observed_ray_count": 72,
  "missing_ray_indices": [],
  "duplicate_ray_indices": [],
  "shared_identity": {
    "study_id": "E2-F2-CROSS-OPERATING-SLOW-V1",
    "mode": "refine",
    "frequency_label": "q0.99",
    "config_sha256": "98B3C08719A647559C3979B5BE867706017CFE9C65CFCAA5A8911D8FB3013053",
    "core_code_bundle_sha256": "C931CE2936BF1A3C2A3EF3060AC34CF48CEBF133953EB8A2B5CE438F65DAA3B1",
    "f2_runner_sha256": "949CBCC8F6A5D062467F2D37C7C1E2B12893A84A19C0BD36F24A1B2C0562D43D"
  },
  "gating_issues": {
    "center_unsafe_ray_indices": [],
    "forcing_bracket_missing_ray_indices": [],
    "joint_bracket_missing_ray_indices": [],
    "forcing_non_star_ray_indices": [],
    "joint_non_star_ray_indices": [
      25,
      33,
      41
    ],
    "solver_failure_ray_indices": [],
    "recovery_phase_physical_violation_ray_indices": []
  },
  "refinement_gate_pass": true,
  "per_ray_bracket_policy": {
    "forcing_label": "forcing_stage_safe",
    "joint_label": "joint_valid_for_boundary",
    "recovery_completion_is_not_used_for_forcing_bisection": true,
    "f1_center_cases_merged": false
  },
  "rays": [
    {
      "wave_ray_index": 0,
      "global_ray_key": {
        "power_pu": 0.8,
        "soc": 0.2,
        "phase_rad": 0.0,
        "controller": "PID",
        "frequency_label": "q0.99"
      },
      "coarse_scan": {
        "amplitude_grid_pu": [
          0.0,
          0.024548310554290048,
          0.0544,
          0.0982,
          0.1322,
          0.2168,
          0.3
        ],
        "evaluation_count": 7,
        "forcing_stage": {
          "label": "forcing_stage_safe",
          "status": "bracketed_first_failure",
          "center_safe": true,
          "all_safe": false,
          "first_failure_bracket": {
            "lower_amplitude_pu": 0.2168,
            "upper_amplitude_pu": 0.3,
            "from_safe": true,
            "to_safe": false
          },
          "transitions": [
            {
              "lower_amplitude_pu": 0.2168,
              "upper_amplitude_pu": 0.3,
              "from_safe": true,
              "to_safe": false
            }
          ],
          "non_star_shaped": false,
          "search_upper_amplitude_pu": 0.3
        },
        "joint_recovery": {
          "label": "joint_valid_for_boundary",
          "status": "bracketed_first_failure",
          "center_safe": true,
          "all_safe": false,
          "first_failure_bracket": {
            "lower_amplitude_pu": 0.2168,
            "upper_amplitude_pu": 0.3,
            "from_safe": true,
            "to_safe": false
          },
          "transitions": [
            {
              "lower_amplitude_pu": 0.2168,
              "upper_amplitude_pu": 0.3,
              "from_safe": true,
              "to_safe": false
            }
          ],
          "non_star_shaped": false,
          "search_upper_amplitude_pu": 0.3
        }
      },
      "forcing_stage_boundary": {
        "label": "forcing_stage_safe",
        "status": "bracketed_first_failure",
        "center_safe": true,
        "all_safe": false,
        "first_failure_bracket": {
          "lower_amplitude_pu": 0.29479999999999995,
          "upper_amplitude_pu": 0.3,
          "from_safe": true,
          "to_safe": false
        },
        "transitions": [
          {
            "lower_amplitude_pu": 0.29479999999999995,
            "upper_amplitude_pu": 0.3,
            "from_safe": true,
            "to_safe": false
          }
        ],
        "non_star_shaped": false,
        "search_upper_amplitude_pu": 0.3,
        "conservative_safe_amplitude_pu": 0.29479999999999995,
        "first_failure_amplitude_pu": 0.3,
        "bracket_width_pu": 0.005200000000000038,
        "tolerance_pu": 0.01,
        "precision_status": "within_frozen_tolerance",
        "bisection_iterations": 4
      },
      "joint_recovery_complete_boundary": {
        "label": "joint_valid_for_boundary",
        "status": "bracketed_first_failure",
        "center_safe": true,
        "all_safe": false,
        "first_failure_bracket": {
          "lower_amplitude_pu": 0.29479999999999995,
          "upper_amplitude_pu": 0.3,
          "from_safe": true,
          "to_safe": false
        },
        "transitions": [
          {
            "lower_amplitude_pu": 0.29479999999999995,
            "upper_amplitude_pu": 0.3,
            "from_safe": true,
            "to_safe": false
          }
        ],
        "non_star_shaped": false,
        "search_upper_amplitude_pu": 0.3,
        "conservative_safe_amplitude_pu": 0.29479999999999995,
        "first_failure_amplitude_pu": 0.3,
        "bracket_width_pu": 0.005200000000000038,
        "tolerance_pu": 0.01,
        "precision_status": "within_frozen_tolerance",
        "bisection_iterations": 0
      },
      "solver_failure_total": 0,
      "recovery_phase_physical_violation_case_files": [],
      "evaluation_count": 11
    },
    {
      "wave_ray_index": 1,
      "global_ray_key": {
        "power_pu": 0.8,
        "soc": 0.2,
        "phase_rad": 0.0,
        "controller": "MPC",
        "frequency_label": "q0.99"
      },
      "coarse_scan": {
        "amplitude_grid_pu": [
          0.0,
          0.024548310554290048,
          0.0544,
          0.0982,
          0.1322,
          0.2168,
          0.3,
          0.35
        ],
        "evaluation_count": 8,
        "forcing_stage": {
          "label": "forcing_stage_safe",
          "status": "bracketed_first_failure",
          "center_safe": true,
          "all_safe": false,
          "first_failure_bracket": {
            "lower_amplitude_pu": 0.3,
            "upper_amplitude_pu": 0.35,
            "from_safe": true,
            "to_safe": false
          },
          "transitions": [
            {
              "lower_amplitude_pu": 0.3,
              "upper_amplitude_pu": 0.35,
              "from_safe": true,
              "to_safe": false
            }
          ],
          "non_star_shaped": false,
          "search_upper_amplitude_pu": 0.35
        },
        "joint_recovery": {
          "label": "joint_valid_for_boundary",
          "status": "bracketed_first_failure",
          "center_safe": true,
          "all_safe": false,
          "first_failure_bracket": {
            "lower_amplitude_pu": 0.3,
            "upper_amplitude_pu": 0.35,
            "from_safe": true,
            "to_safe": false
          },
          "transitions": [
            {
              "lower_amplitude_pu": 0.3,
              "upper_amplitude_pu": 0.35,
              "from_safe": true,
              "to_safe": false
            }
          ],
          "non_star_shaped": false,
          "search_upper_amplitude_pu": 0.35
        }
      },
      "forcing_stage_boundary": {
        "label": "forcing_stage_safe",
        "status": "bracketed_first_failure",
        "center_safe": true,
        "all_safe": false,
        "first_failure_bracket": {
          "lower_amplitude_pu": 0.31875,
          "upper_amplitude_pu": 0.32499999999999996,
          "from_safe": true,
          "to_safe": false
        },
        "transitions": [
          {
            "lower_amplitude_pu": 0.31875,
            "upper_amplitude_pu": 0.32499999999999996,
            "from_safe": true,
            "to_safe": false
          }
        ],
        "non_star_shaped": false,
        "search_upper_amplitude_pu": 0.35,
        "conservative_safe_amplitude_pu": 0.31875,
        "first_failure_amplitude_pu": 0.32499999999999996,
        "bracket_width_pu": 0.006249999999999978,
        "tolerance_pu": 0.01,
        "precision_status": "within_frozen_tolerance",
        "bisection_iterations": 3
      },
      "joint_recovery_complete_boundary": {
        "label": "joint_valid_for_boundary",
        "status": "bracketed_first_failure",
        "center_safe": true,
        "all_safe": false,
        "first_failure_bracket": {
          "lower_amplitude_pu": 0.31875,
          "upper_amplitude_pu": 0.32499999999999996,
          "from_safe": true,
          "to_safe": false
        },
        "transitions": [
          {
            "lower_amplitude_pu": 0.31875,
            "upper_amplitude_pu": 0.32499999999999996,
            "from_safe": true,
            "to_safe": false
          }
        ],
        "non_star_shaped": false,
        "search_upper_amplitude_pu": 0.35,
        "conservative_safe_amplitude_pu": 0.31875,
        "first_failure_amplitude_pu": 0.32499999999999996,
        "bracket_width_pu": 0.006249999999999978,
        "tolerance_pu": 0.01,
        "precision_status": "within_frozen_tolerance",
        "bisection_iterations": 0
      },
      "solver_failure_total": 0,
      "recovery_phase_physical_violation_case_files": [],
      "evaluation_count": 11
    },
    {
      "wave_ray_index": 2,
      "global_ray_key": {
        "power_pu": 0.8,
        "soc": 0.2,
        "phase_rad": 1.5707963267948966,
        "controller": "PID",
        "frequency_label": "q0.99"
      },
      "coarse_scan": {
        "amplitude_grid_pu": [
          0.0,
          0.024548310554290048,
          0.0544,
          0.0982,
          0.1322,
          0.2168,
          0.3
        ],
        "evaluation_count": 7,
        "forcing_stage": {
          "label": "forcing_stage_safe",
          "status": "bracketed_first_failure",
          "center_safe": true,
          "all_safe": false,
          "first_failure_bracket": {
            "lower_amplitude_pu": 0.2168,
            "upper_amplitude_pu": 0.3,
            "from_safe": true,
            "to_safe": false
          },
          "transitions": [
            {
              "lower_amplitude_pu": 0.2168,
              "upper_amplitude_pu": 0.3,
              "from_safe": true,
              "to_safe": false
            }
          ],
          "non_star_shaped": false,
          "search_upper_amplitude_pu": 0.3
        },
        "joint_recovery": {
          "label": "joint_valid_for_boundary",
          "status": "bracketed_first_failure",
          "center_safe": true,
          "all_safe": false,
          "first_failure_bracket": {
            "lower_amplitude_pu": 0.2168,
            "upper_amplitude_pu": 0.3,
            "from_safe": true,
            "to_safe": false
          },
          "transitions": [
            {
              "lower_amplitude_pu": 0.2168,
              "upper_amplitude_pu": 0.3,
              "from_safe": true,
              "to_safe": false
            }
          ],
          "non_star_shaped": false,
          "search_upper_amplitude_pu": 0.3
        }
      },
      "forcing_stage_boundary": {
        "label": "forcing_stage_safe",
        "status": "bracketed_first_failure",
        "center_safe": true,
        "all_safe": false,
        "first_failure_bracket": {
          "lower_amplitude_pu": 0.29479999999999995,
          "upper_amplitude_pu": 0.3,
          "from_safe": true,
          "to_safe": false
        },
        "transitions": [
          {
            "lower_amplitude_pu": 0.29479999999999995,
            "upper_amplitude_pu": 0.3,
            "from_safe": true,
            "to_safe": false
          }
        ],
        "non_star_shaped": false,
        "search_upper_amplitude_pu": 0.3,
        "conservative_safe_amplitude_pu": 0.29479999999999995,
        "first_failure_amplitude_pu": 0.3,
        "bracket_width_pu": 0.005200000000000038,
        "tolerance_pu": 0.01,
        "precision_status": "within_frozen_tolerance",
        "bisection_iterations": 4
      },
      "joint_recovery_complete_boundary": {
        "label": "joint_valid_for_boundary",
        "status": "bracketed_first_failure",
        "center_safe": true,
        "all_safe": false,
        "first_failure_bracket": {
          "lower_amplitude_pu": 0.29479999999999995,
          "upper_amplitude_pu": 0.3,
          "from_safe": true,
          "to_safe": false
        },
        "transitions": [
          {
            "lower_amplitude_pu": 0.29479999999999995,
            "upper_amplitude_pu": 0.3,
            "from_safe": true,
            "to_safe": false
          }
        ],
        "non_star_shaped": false,
        "search_upper_amplitude_pu": 0.3,
        "conservative_safe_amplitude_pu": 0.29479999999999995,
        "first_failure_amplitude_pu": 0.3,
        "bracket_width_pu": 0.005200000000000038,
        "tolerance_pu": 0.01,
        "precision_status": "within_frozen_tolerance",
        "bisection_iterations": 0
      },
      "solver_failure_total": 0,
      "recovery_phase_physical_violation_case_files": [],
      "evaluation_count": 11
    },
    {
      "wave_ray_index": 3,
      "global_ray_key": {
        "power_pu": 0.8,
        "soc": 0.2,
        "phase_rad": 1.5707963267948966,
        "controller": "MPC",
        "frequency_label": "q0.99"
      },
      "coarse_scan": {
        "amplitude_grid_pu": [
          0.0,
          0.024548310554290048,
          0.0544,
          0.0982,
          0.1322,
          0.2168,
          0.3,
          0.35
        ],
        "evaluation_count": 8,
        "forcing_stage": {
          "label": "forcing_stage_safe",
          "status": "bracketed_first_failure",
          "center_safe": true,
          "all_safe": false,
          "first_failure_bracket": {
            "lower_amplitude_pu": 0.3,
            "upper_amplitude_pu": 0.35,
            "from_safe": true,
            "to_safe": false
          },
          "transitions": [
            {
              "lower_amplitude_pu": 0.3,
              "upper_amplitude_pu": 0.35,
              "from_safe": true,
              "to_safe": false
            }
          ],
          "non_star_shaped": false,
          "search_upper_amplitude_pu": 0.35
        },
        "joint_recovery": {
          "label": "joint_valid_for_boundary",
          "status": "bracketed_first_failure",
          "center_safe": true,
          "all_safe": false,
          "first_failure_bracket": {
            "lower_amplitude_pu": 0.3,
            "upper_amplitude_pu": 0.35,
            "from_safe": true,
            "to_safe": false
          },
          "transitions": [
            {
              "lower_amplitude_pu": 0.3,
              "upper_amplitude_pu": 0.35,
              "from_safe": true,
              "to_safe": false
            }
          ],
          "non_star_shaped": false,
          "search_upper_amplitude_pu": 0.35
        }
      },
      "forcing_stage_boundary": {
        "label": "forcing_stage_safe",
        "status": "bracketed_first_failure",
        "center_safe": true,
        "all_safe": false,
        "first_failure_bracket": {
          "lower_amplitude_pu": 0.31875,
          "upper_amplitude_pu": 0.32499999999999996,
          "from_safe": true,
          "to_safe": false
        },
        "transitions": [
          {
            "lower_amplitude_pu": 0.31875,
            "upper_amplitude_pu": 0.32499999999999996,
            "from_safe": true,
            "to_safe": false
          }
        ],
        "non_star_shaped": false,
        "search_upper_amplitude_pu": 0.35,
        "conservative_safe_amplitude_pu": 0.31875,
        "first_failure_amplitude_pu": 0.32499999999999996,
        "bracket_width_pu": 0.006249999999999978,
        "tolerance_pu": 0.01,
        "precision_status": "within_frozen_tolerance",
        "bisection_iterations": 3
      },
      "joint_recovery_complete_boundary": {
        "label": "joint_valid_for_boundary",
        "status": "bracketed_first_failure",
        "center_safe": true,
        "all_safe": false,
        "first_failure_bracket": {
          "lower_amplitude_pu": 0.31875,
          "upper_amplitude_pu": 0.32499999999999996,
          "from_safe": true,
          "to_safe": false
        },
        "transitions": [
          {
            "lower_amplitude_pu": 0.31875,
            "upper_amplitude_pu": 0.32499999999999996,
            "from_safe": true,
            "to_safe": false
          }
        ],
        "non_star_shaped": false,
        "search_upper_amplitude_pu": 0.35,
        "conservative_safe_amplitude_pu": 0.31875,
        "first_failure_amplitude_pu": 0.32499999999999996,
        "bracket_width_pu": 0.006249999999999978,
        "tolerance_pu": 0.01,
        "precision_status": "within_frozen_tolerance",
        "bisection_iterations": 0
      },
      "solver_failure_total": 0,
      "recovery_phase_physical_violation_case_files": [],
      "evaluation_count": 11
    },
    {
      "wave_ray_index": 4,
      "global_ray_key": {
        "power_pu": 0.8,
        "soc": 0.2,
        "phase_rad": 3.141592653589793,
        "controller": "PID",
        "frequency_label": "q0.99"
      },
      "coarse_scan": {
        "amplitude_grid_pu": [
          0.0,
          0.024548310554290048,
          0.0544,
          0.0982,
          0.1322,
          0.2168,
          0.3
        ],
        "evaluation_count": 7,
        "forcing_stage": {
          "label": "forcing_stage_safe",
          "status": "bracketed_first_failure",
          "center_safe": true,
          "all_safe": false,
          "first_failure_bracket": {
            "lower_amplitude_pu": 0.2168,
            "upper_amplitude_pu": 0.3,
            "from_safe": true,
            "to_safe": false
          },
          "transitions": [
            {
              "lower_amplitude_pu": 0.2168,
              "upper_amplitude_pu": 0.3,
              "from_safe": true,
              "to_safe": false
            }
          ],
          "non_star_shaped": false,
          "search_upper_amplitude_pu": 0.3
        },
        "joint_recovery": {
          "label": "joint_valid_for_boundary",
          "status": "bracketed_first_failure",
          "center_safe": true,
          "all_safe": false,
          "first_failure_bracket": {
            "lower_amplitude_pu": 0.2168,
            "upper_amplitude_pu": 0.3,
            "from_safe": true,
            "to_safe": false
          },
          "transitions": [
            {
              "lower_amplitude_pu": 0.2168,
              "upper_amplitude_pu": 0.3,
              "from_safe": true,
              "to_safe": false
            }
          ],
          "non_star_shaped": false,
          "search_upper_amplitude_pu": 0.3
        }
      },
      "forcing_stage_boundary": {
        "label": "forcing_stage_safe",
        "status": "bracketed_first_failure",
        "center_safe": true,
        "all_safe": false,
        "first_failure_bracket": {
          "lower_amplitude_pu": 0.29479999999999995,
          "upper_amplitude_pu": 0.3,
          "from_safe": true,
          "to_safe": false
        },
        "transitions": [
          {
            "lower_amplitude_pu": 0.29479999999999995,
            "upper_amplitude_pu": 0.3,
            "from_safe": true,
            "to_safe": false
          }
        ],
        "non_star_shaped": false,
        "search_upper_amplitude_pu": 0.3,
        "conservative_safe_amplitude_pu": 0.29479999999999995,
        "first_failure_amplitude_pu": 0.3,
        "bracket_width_pu": 0.005200000000000038,
        "tolerance_pu": 0.01,
        "precision_status": "within_frozen_tolerance",
        "bisection_iterations": 4
      },
      "joint_recovery_complete_boundary": {
        "label": "joint_valid_for_boundary",
        "status": "bracketed_first_failure",
        "center_safe": true,
        "all_safe": false,
        "first_failure_bracket": {
          "lower_amplitude_pu": 0.29479999999999995,
          "upper_amplitude_pu": 0.3,
          "from_safe": true,
          "to_safe": false
        },
        "transitions": [
          {
            "lower_amplitude_pu": 0.29479999999999995,
            "upper_amplitude_pu": 0.3,
            "from_safe": true,
            "to_safe": false
          }
        ],
        "non_star_shaped": false,
        "search_upper_amplitude_pu": 0.3,
        "conservative_safe_amplitude_pu": 0.29479999999999995,
        "first_failure_amplitude_pu": 0.3,
        "bracket_width_pu": 0.005200000000000038,
        "tolerance_pu": 0.01,
        "precision_status": "within_frozen_tolerance",
        "bisection_iterations": 0
      },
      "solver_failure_total": 0,
      "recovery_phase_physical_violation_case_files": [],
      "evaluation_count": 11
    },
    {
      "wave_ray_index": 5,
      "global_ray_key": {
        "power_pu": 0.8,
        "soc": 0.2,
        "phase_rad": 3.141592653589793,
        "controller": "MPC",
        "frequency_label": "q0.99"
      },
      "coarse_scan": {
        "amplitude_grid_pu": [
          0.0,
          0.024548310554290048,
          0.0544,
          0.0982,
          0.1322,
          0.2168,
          0.3,
          0.35
        ],
        "evaluation_count": 8,
        "forcing_stage": {
          "label": "forcing_stage_safe",
          "status": "bracketed_first_failure",
          "center_safe": true,
          "all_safe": false,
          "first_failure_bracket": {
            "lower_amplitude_pu": 0.3,
            "upper_amplitude_pu": 0.35,
            "from_safe": true,
            "to_safe": false
          },
          "transitions": [
            {
              "lower_amplitude_pu": 0.3,
              "upper_amplitude_pu": 0.35,
              "from_safe": true,
              "to_safe": false
            }
          ],
          "non_star_shaped": false,
          "search_upper_amplitude_pu": 0.35
        },
        "joint_recovery": {
          "label": "joint_valid_for_boundary",
          "status": "bracketed_first_failure",
          "center_safe": true,
          "all_safe": false,
          "first_failure_bracket": {
            "lower_amplitude_pu": 0.3,
            "upper_amplitude_pu": 0.35,
            "from_safe": true,
            "to_safe": false
          },
          "transitions": [
            {
              "lower_amplitude_pu": 0.3,
              "upper_amplitude_pu": 0.35,
              "from_safe": true,
              "to_safe": false
            }
          ],
          "non_star_shaped": false,
          "search_upper_amplitude_pu": 0.35
        }
      },
      "forcing_stage_boundary": {
        "label": "forcing_stage_safe",
        "status": "bracketed_first_failure",
        "center_safe": true,
        "all_safe": false,
        "first_failure_bracket": {
          "lower_amplitude_pu": 0.31875,
          "upper_amplitude_pu": 0.32499999999999996,
          "from_safe": true,
          "to_safe": false
        },
        "transitions": [
          {
            "lower_amplitude_pu": 0.31875,
            "upper_amplitude_pu": 0.32499999999999996,
            "from_safe": true,
            "to_safe": false
          }
        ],
        "non_star_shaped": false,
        "search_upper_amplitude_pu": 0.35,
        "conservative_safe_amplitude_pu": 0.31875,
        "first_failure_amplitude_pu": 0.32499999999999996,
        "bracket_width_pu": 0.006249999999999978,
        "tolerance_pu": 0.01,
        "precision_status": "within_frozen_tolerance",
        "bisection_iterations": 3
      },
      "joint_recovery_complete_boundary": {
        "label": "joint_valid_for_boundary",
        "status": "bracketed_first_failure",
        "center_safe": true,
        "all_safe": false,
        "first_failure_bracket": {
          "lower_amplitude_pu": 0.31875,
          "upper_amplitude_pu": 0.32499999999999996,
          "from_safe": true,
          "to_safe": false
        },
        "transitions": [
          {
            "lower_amplitude_pu": 0.31875,
            "upper_amplitude_pu": 0.32499999999999996,
            "from_safe": true,
            "to_safe": false
          }
        ],
        "non_star_shaped": false,
        "search_upper_amplitude_pu": 0.35,
        "conservative_safe_amplitude_pu": 0.31875,
        "first_failure_amplitude_pu": 0.32499999999999996,
        "bracket_width_pu": 0.006249999999999978,
        "tolerance_pu": 0.01,
        "precision_status": "within_frozen_tolerance",
        "bisection_iterations": 0
      },
      "solver_failure_total": 0,
      "recovery_phase_physical_violation_case_files": [],
      "evaluation_count": 11
    },
    {
      "wave_ray_index": 6,
      "global_ray_key": {
        "power_pu": 0.8,
        "soc": 0.2,
        "phase_rad": 4.71238898038469,
        "controller": "PID",
        "frequency_label": "q0.99"
      },
      "coarse_scan": {
        "amplitude_grid_pu": [
          0.0,
          0.024548310554290048,
          0.0544,
          0.0982,
          0.1322,
          0.2168,
          0.3
        ],
        "evaluation_count": 7,
        "forcing_stage": {
          "label": "forcing_stage_safe",
          "status": "bracketed_first_failure",
          "center_safe": true,
          "all_safe": false,
          "first_failure_bracket": {
            "lower_amplitude_pu": 0.2168,
            "upper_amplitude_pu": 0.3,
            "from_safe": true,
            "to_safe": false
          },
          "transitions": [
            {
              "lower_amplitude_pu": 0.2168,
              "upper_amplitude_pu": 0.3,
              "from_safe": true,
              "to_safe": false
            }
          ],
          "non_star_shaped": false,
          "search_upper_amplitude_pu": 0.3
        },
        "joint_recovery": {
          "label": "joint_valid_for_boundary",
          "status": "bracketed_first_failure",
          "center_safe": true,
          "all_safe": false,
          "first_failure_bracket": {
            "lower_amplitude_pu": 0.2168,
            "upper_amplitude_pu": 0.3,
            "from_safe": true,
            "to_safe": false
          },
          "transitions": [
            {
              "lower_amplitude_pu": 0.2168,
              "upper_amplitude_pu": 0.3,
              "from_safe": true,
              "to_safe": false
            }
          ],
          "non_star_shaped": false,
          "search_upper_amplitude_pu": 0.3
        }
      },
      "forcing_stage_boundary": {
        "label": "forcing_stage_safe",
        "status": "bracketed_first_failure",
        "center_safe": true,
        "all_safe": false,
        "first_failure_bracket": {
          "lower_amplitude_pu": 0.22719999999999999,
          "upper_amplitude_pu": 0.2324,
          "from_safe": true,
          "to_safe": false
        },
        "transitions": [
          {
            "lower_amplitude_pu": 0.22719999999999999,
            "upper_amplitude_pu": 0.2324,
            "from_safe": true,
            "to_safe": false
          }
        ],
        "non_star_shaped": false,
        "search_upper_amplitude_pu": 0.3,
        "conservative_safe_amplitude_pu": 0.22719999999999999,
        "first_failure_amplitude_pu": 0.2324,
        "bracket_width_pu": 0.00520000000000001,
        "tolerance_pu": 0.01,
        "precision_status": "within_frozen_tolerance",
        "bisection_iterations": 4
      },
      "joint_recovery_complete_boundary": {
        "label": "joint_valid_for_boundary",
        "status": "bracketed_first_failure",
        "center_safe": true,
        "all_safe": false,
        "first_failure_bracket": {
          "lower_amplitude_pu": 0.22719999999999999,
          "upper_amplitude_pu": 0.2324,
          "from_safe": true,
          "to_safe": false
        },
        "transitions": [
          {
            "lower_amplitude_pu": 0.22719999999999999,
            "upper_amplitude_pu": 0.2324,
            "from_safe": true,
            "to_safe": false
          }
        ],
        "non_star_shaped": false,
        "search_upper_amplitude_pu": 0.3,
        "conservative_safe_amplitude_pu": 0.22719999999999999,
        "first_failure_amplitude_pu": 0.2324,
        "bracket_width_pu": 0.00520000000000001,
        "tolerance_pu": 0.01,
        "precision_status": "within_frozen_tolerance",
        "bisection_iterations": 0
      },
      "solver_failure_total": 0,
      "recovery_phase_physical_violation_case_files": [],
      "evaluation_count": 11
    },
    {
      "wave_ray_index": 7,
      "global_ray_key": {
        "power_pu": 0.8,
        "soc": 0.2,
        "phase_rad": 4.71238898038469,
        "controller": "MPC",
        "frequency_label": "q0.99"
      },
      "coarse_scan": {
        "amplitude_grid_pu": [
          0.0,
          0.024548310554290048,
          0.0544,
          0.0982,
          0.1322,
          0.2168,
          0.3
        ],
        "evaluation_count": 7,
        "forcing_stage": {
          "label": "forcing_stage_safe",
          "status": "bracketed_first_failure",
          "center_safe": true,
          "all_safe": false,
          "first_failure_bracket": {
            "lower_amplitude_pu": 0.2168,
            "upper_amplitude_pu": 0.3,
            "from_safe": true,
            "to_safe": false
          },
          "transitions": [
            {
              "lower_amplitude_pu": 0.2168,
              "upper_amplitude_pu": 0.3,
              "from_safe": true,
              "to_safe": false
            }
          ],
          "non_star_shaped": false,
          "search_upper_amplitude_pu": 0.3
        },
        "joint_recovery": {
          "label": "joint_valid_for_boundary",
          "status": "bracketed_first_failure",
          "center_safe": true,
          "all_safe": false,
          "first_failure_bracket": {
            "lower_amplitude_pu": 0.2168,
            "upper_amplitude_pu": 0.3,
            "from_safe": true,
            "to_safe": false
          },
          "transitions": [
            {
              "lower_amplitude_pu": 0.2168,
              "upper_amplitude_pu": 0.3,
              "from_safe": true,
              "to_safe": false
            }
          ],
          "non_star_shaped": false,
          "search_upper_amplitude_pu": 0.3
        }
      },
      "forcing_stage_boundary": {
        "label": "forcing_stage_safe",
        "status": "bracketed_first_failure",
        "center_safe": true,
        "all_safe": false,
        "first_failure_bracket": {
          "lower_amplitude_pu": 0.2532,
          "upper_amplitude_pu": 0.25839999999999996,
          "from_safe": true,
          "to_safe": false
        },
        "transitions": [
          {
            "lower_amplitude_pu": 0.2532,
            "upper_amplitude_pu": 0.25839999999999996,
            "from_safe": true,
            "to_safe": false
          }
        ],
        "non_star_shaped": false,
        "search_upper_amplitude_pu": 0.3,
        "conservative_safe_amplitude_pu": 0.2532,
        "first_failure_amplitude_pu": 0.25839999999999996,
        "bracket_width_pu": 0.005199999999999982,
        "tolerance_pu": 0.01,
        "precision_status": "within_frozen_tolerance",
        "bisection_iterations": 4
      },
      "joint_recovery_complete_boundary": {
        "label": "joint_valid_for_boundary",
        "status": "bracketed_first_failure",
        "center_safe": true,
        "all_safe": false,
        "first_failure_bracket": {
          "lower_amplitude_pu": 0.2532,
          "upper_amplitude_pu": 0.25839999999999996,
          "from_safe": true,
          "to_safe": false
        },
        "transitions": [
          {
            "lower_amplitude_pu": 0.2532,
            "upper_amplitude_pu": 0.25839999999999996,
            "from_safe": true,
            "to_safe": false
          }
        ],
        "non_star_shaped": false,
        "search_upper_amplitude_pu": 0.3,
        "conservative_safe_amplitude_pu": 0.2532,
        "first_failure_amplitude_pu": 0.25839999999999996,
        "bracket_width_pu": 0.005199999999999982,
        "tolerance_pu": 0.01,
        "precision_status": "within_frozen_tolerance",
        "bisection_iterations": 0
      },
      "solver_failure_total": 0,
      "recovery_phase_physical_violation_case_files": [],
      "evaluation_count": 11
    },
    {
      "wave_ray_index": 8,
      "global_ray_key": {
        "power_pu": 0.8,
        "soc": 0.5,
        "phase_rad": 0.0,
        "controller": "PID",
        "frequency_label": "q0.99"
      },
      "coarse_scan": {
        "amplitude_grid_pu": [
          0.0,
          0.024548310554290048,
          0.0544,
          0.0982,
          0.1322,
          0.2168,
          0.3
        ],
        "evaluation_count": 7,
        "forcing_stage": {
          "label": "forcing_stage_safe",
          "status": "bracketed_first_failure",
          "center_safe": true,
          "all_safe": false,
          "first_failure_bracket": {
            "lower_amplitude_pu": 0.2168,
            "upper_amplitude_pu": 0.3,
            "from_safe": true,
            "to_safe": false
          },
          "transitions": [
            {
              "lower_amplitude_pu": 0.2168,
              "upper_amplitude_pu": 0.3,
              "from_safe": true,
              "to_safe": false
            }
          ],
          "non_star_shaped": false,
          "search_upper_amplitude_pu": 0.3
        },
        "joint_recovery": {
          "label": "joint_valid_for_boundary",
          "status": "bracketed_first_failure",
          "center_safe": true,
          "all_safe": false,
          "first_failure_bracket": {
            "lower_amplitude_pu": 0.2168,
            "upper_amplitude_pu": 0.3,
            "from_safe": true,
            "to_safe": false
          },
          "transitions": [
            {
              "lower_amplitude_pu": 0.2168,
              "upper_amplitude_pu": 0.3,
              "from_safe": true,
              "to_safe": false
            }
          ],
          "non_star_shaped": false,
          "search_upper_amplitude_pu": 0.3
        }
      },
      "forcing_stage_boundary": {
        "label": "forcing_stage_safe",
        "status": "bracketed_first_failure",
        "center_safe": true,
        "all_safe": false,
        "first_failure_bracket": {
          "lower_amplitude_pu": 0.29479999999999995,
          "upper_amplitude_pu": 0.3,
          "from_safe": true,
          "to_safe": false
        },
        "transitions": [
          {
            "lower_amplitude_pu": 0.29479999999999995,
            "upper_amplitude_pu": 0.3,
            "from_safe": true,
            "to_safe": false
          }
        ],
        "non_star_shaped": false,
        "search_upper_amplitude_pu": 0.3,
        "conservative_safe_amplitude_pu": 0.29479999999999995,
        "first_failure_amplitude_pu": 0.3,
        "bracket_width_pu": 0.005200000000000038,
        "tolerance_pu": 0.01,
        "precision_status": "within_frozen_tolerance",
        "bisection_iterations": 4
      },
      "joint_recovery_complete_boundary": {
        "label": "joint_valid_for_boundary",
        "status": "bracketed_first_failure",
        "center_safe": true,
        "all_safe": false,
        "first_failure_bracket": {
          "lower_amplitude_pu": 0.29479999999999995,
          "upper_amplitude_pu": 0.3,
          "from_safe": true,
          "to_safe": false
        },
        "transitions": [
          {
            "lower_amplitude_pu": 0.29479999999999995,
            "upper_amplitude_pu": 0.3,
            "from_safe": true,
            "to_safe": false
          }
        ],
        "non_star_shaped": false,
        "search_upper_amplitude_pu": 0.3,
        "conservative_safe_amplitude_pu": 0.29479999999999995,
        "first_failure_amplitude_pu": 0.3,
        "bracket_width_pu": 0.005200000000000038,
        "tolerance_pu": 0.01,
        "precision_status": "within_frozen_tolerance",
        "bisection_iterations": 0
      },
      "solver_failure_total": 0,
      "recovery_phase_physical_violation_case_files": [],
      "evaluation_count": 11
    },
    {
      "wave_ray_index": 9,
      "global_ray_key": {
        "power_pu": 0.8,
        "soc": 0.5,
        "phase_rad": 0.0,
        "controller": "MPC",
        "frequency_label": "q0.99"
      },
      "coarse_scan": {
        "amplitude_grid_pu": [
          0.0,
          0.024548310554290048,
          0.0544,
          0.0982,
          0.1322,
          0.2168,
          0.3,
          0.35
        ],
        "evaluation_count": 8,
        "forcing_stage": {
          "label": "forcing_stage_safe",
          "status": "bracketed_first_failure",
          "center_safe": true,
          "all_safe": false,
          "first_failure_bracket": {
            "lower_amplitude_pu": 0.3,
            "upper_amplitude_pu": 0.35,
            "from_safe": true,
            "to_safe": false
          },
          "transitions": [
            {
              "lower_amplitude_pu": 0.3,
              "upper_amplitude_pu": 0.35,
              "from_safe": true,
              "to_safe": false
            }
          ],
          "non_star_shaped": false,
          "search_upper_amplitude_pu": 0.35
        },
        "joint_recovery": {
          "label": "joint_valid_for_boundary",
          "status": "bracketed_first_failure",
          "center_safe": true,
          "all_safe": false,
          "first_failure_bracket": {
            "lower_amplitude_pu": 0.3,
            "upper_amplitude_pu": 0.35,
            "from_safe": true,
            "to_safe": false
          },
          "transitions": [
            {
              "lower_amplitude_pu": 0.3,
              "upper_amplitude_pu": 0.35,
              "from_safe": true,
              "to_safe": false
            }
          ],
          "non_star_shaped": false,
          "search_upper_amplitude_pu": 0.35
        }
      },
      "forcing_stage_boundary": {
        "label": "forcing_stage_safe",
        "status": "bracketed_first_failure",
        "center_safe": true,
        "all_safe": false,
        "first_failure_bracket": {
          "lower_amplitude_pu": 0.31875,
          "upper_amplitude_pu": 0.32499999999999996,
          "from_safe": true,
          "to_safe": false
        },
        "transitions": [
          {
            "lower_amplitude_pu": 0.31875,
            "upper_amplitude_pu": 0.32499999999999996,
            "from_safe": true,
            "to_safe": false
          }
        ],
        "non_star_shaped": false,
        "search_upper_amplitude_pu": 0.35,
        "conservative_safe_amplitude_pu": 0.31875,
        "first_failure_amplitude_pu": 0.32499999999999996,
        "bracket_width_pu": 0.006249999999999978,
        "tolerance_pu": 0.01,
        "precision_status": "within_frozen_tolerance",
        "bisection_iterations": 3
      },
      "joint_recovery_complete_boundary": {
        "label": "joint_valid_for_boundary",
        "status": "bracketed_first_failure",
        "center_safe": true,
        "all_safe": false,
        "first_failure_bracket": {
          "lower_amplitude_pu": 0.31875,
          "upper_amplitude_pu": 0.32499999999999996,
          "from_safe": true,
          "to_safe": false
        },
        "transitions": [
          {
            "lower_amplitude_pu": 0.31875,
            "upper_amplitude_pu": 0.32499999999999996,
            "from_safe": true,
            "to_safe": false
          }
        ],
        "non_star_shaped": false,
        "search_upper_amplitude_pu": 0.35,
        "conservative_safe_amplitude_pu": 0.31875,
        "first_failure_amplitude_pu": 0.32499999999999996,
        "bracket_width_pu": 0.006249999999999978,
        "tolerance_pu": 0.01,
        "precision_status": "within_frozen_tolerance",
        "bisection_iterations": 0
      },
      "solver_failure_total": 0,
      "recovery_phase_physical_violation_case_files": [],
      "evaluation_count": 11
    },
    {
      "wave_ray_index": 10,
      "global_ray_key": {
        "power_pu": 0.8,
        "soc": 0.5,
        "phase_rad": 1.5707963267948966,
        "controller": "PID",
        "frequency_label": "q0.99"
      },
      "coarse_scan": {
        "amplitude_grid_pu": [
          0.0,
          0.024548310554290048,
          0.0544,
          0.0982,
          0.1322,
          0.2168,
          0.3
        ],
        "evaluation_count": 7,
        "forcing_stage": {
          "label": "forcing_stage_safe",
          "status": "bracketed_first_failure",
          "center_safe": true,
          "all_safe": false,
          "first_failure_bracket": {
            "lower_amplitude_pu": 0.2168,
            "upper_amplitude_pu": 0.3,
            "from_safe": true,
            "to_safe": false
          },
          "transitions": [
            {
              "lower_amplitude_pu": 0.2168,
              "upper_amplitude_pu": 0.3,
              "from_safe": true,
              "to_safe": false
            }
          ],
          "non_star_shaped": false,
          "search_upper_amplitude_pu": 0.3
        },
        "joint_recovery": {
          "label": "joint_valid_for_boundary",
          "status": "bracketed_first_failure",
          "center_safe": true,
          "all_safe": false,
          "first_failure_bracket": {
            "lower_amplitude_pu": 0.2168,
            "upper_amplitude_pu": 0.3,
            "from_safe": true,
            "to_safe": false
          },
          "transitions": [
            {
              "lower_amplitude_pu": 0.2168,
              "upper_amplitude_pu": 0.3,
              "from_safe": true,
              "to_safe": false
            }
          ],
          "non_star_shaped": false,
          "search_upper_amplitude_pu": 0.3
        }
      },
      "forcing_stage_boundary": {
        "label": "forcing_stage_safe",
        "status": "bracketed_first_failure",
        "center_safe": true,
        "all_safe": false,
        "first_failure_bracket": {
          "lower_amplitude_pu": 0.29479999999999995,
          "upper_amplitude_pu": 0.3,
          "from_safe": true,
          "to_safe": false
        },
        "transitions": [
          {
            "lower_amplitude_pu": 0.29479999999999995,
            "upper_amplitude_pu": 0.3,
            "from_safe": true,
            "to_safe": false
          }
        ],
        "non_star_shaped": false,
        "search_upper_amplitude_pu": 0.3,
        "conservative_safe_amplitude_pu": 0.29479999999999995,
        "first_failure_amplitude_pu": 0.3,
        "bracket_width_pu": 0.005200000000000038,
        "tolerance_pu": 0.01,
        "precision_status": "within_frozen_tolerance",
        "bisection_iterations": 4
      },
      "joint_recovery_complete_boundary": {
        "label": "joint_valid_for_boundary",
        "status": "bracketed_first_failure",
        "center_safe": true,
        "all_safe": false,
        "first_failure_bracket": {
          "lower_amplitude_pu": 0.29479999999999995,
          "upper_amplitude_pu": 0.3,
          "from_safe": true,
          "to_safe": false
        },
        "transitions": [
          {
            "lower_amplitude_pu": 0.29479999999999995,
            "upper_amplitude_pu": 0.3,
            "from_safe": true,
            "to_safe": false
          }
        ],
        "non_star_shaped": false,
        "search_upper_amplitude_pu": 0.3,
        "conservative_safe_amplitude_pu": 0.29479999999999995,
        "first_failure_amplitude_pu": 0.3,
        "bracket_width_pu": 0.005200000000000038,
        "tolerance_pu": 0.01,
        "precision_status": "within_frozen_tolerance",
        "bisection_iterations": 0
      },
      "solver_failure_total": 0,
      "recovery_phase_physical_violation_case_files": [],
      "evaluation_count": 11
    },
    {
      "wave_ray_index": 11,
      "global_ray_key": {
        "power_pu": 0.8,
        "soc": 0.5,
        "phase_rad": 1.5707963267948966,
        "controller": "MPC",
        "frequency_label": "q0.99"
      },
      "coarse_scan": {
        "amplitude_grid_pu": [
          0.0,
          0.024548310554290048,
          0.0544,
          0.0982,
          0.1322,
          0.2168,
          0.3,
          0.35
        ],
        "evaluation_count": 8,
        "forcing_stage": {
          "label": "forcing_stage_safe",
          "status": "bracketed_first_failure",
          "center_safe": true,
          "all_safe": false,
          "first_failure_bracket": {
            "lower_amplitude_pu": 0.3,
            "upper_amplitude_pu": 0.35,
            "from_safe": true,
            "to_safe": false
          },
          "transitions": [
            {
              "lower_amplitude_pu": 0.3,
              "upper_amplitude_pu": 0.35,
              "from_safe": true,
              "to_safe": false
            }
          ],
          "non_star_shaped": false,
          "search_upper_amplitude_pu": 0.35
        },
        "joint_recovery": {
          "label": "joint_valid_for_boundary",
          "status": "bracketed_first_failure",
          "center_safe": true,
          "all_safe": false,
          "first_failure_bracket": {
            "lower_amplitude_pu": 0.3,
            "upper_amplitude_pu": 0.35,
            "from_safe": true,
            "to_safe": false
          },
          "transitions": [
            {
              "lower_amplitude_pu": 0.3,
              "upper_amplitude_pu": 0.35,
              "from_safe": true,
              "to_safe": false
            }
          ],
          "non_star_shaped": false,
          "search_upper_amplitude_pu": 0.35
        }
      },
      "forcing_stage_boundary": {
        "label": "forcing_stage_safe",
        "status": "bracketed_first_failure",
        "center_safe": true,
        "all_safe": false,
        "first_failure_bracket": {
          "lower_amplitude_pu": 0.31875,
          "upper_amplitude_pu": 0.32499999999999996,
          "from_safe": true,
          "to_safe": false
        },
        "transitions": [
          {
            "lower_amplitude_pu": 0.31875,
            "upper_amplitude_pu": 0.32499999999999996,
            "from_safe": true,
            "to_safe": false
          }
        ],
        "non_star_shaped": false,
        "search_upper_amplitude_pu": 0.35,
        "conservative_safe_amplitude_pu": 0.31875,
        "first_failure_amplitude_pu": 0.32499999999999996,
        "bracket_width_pu": 0.006249999999999978,
        "tolerance_pu": 0.01,
        "precision_status": "within_frozen_tolerance",
        "bisection_iterations": 3
      },
      "joint_recovery_complete_boundary": {
        "label": "joint_valid_for_boundary",
        "status": "bracketed_first_failure",
        "center_safe": true,
        "all_safe": false,
        "first_failure_bracket": {
          "lower_amplitude_pu": 0.31875,
          "upper_amplitude_pu": 0.32499999999999996,
          "from_safe": true,
          "to_safe": false
        },
        "transitions": [
          {
            "lower_amplitude_pu": 0.31875,
            "upper_amplitude_pu": 0.32499999999999996,
            "from_safe": true,
            "to_safe": false
          }
        ],
        "non_star_shaped": false,
        "search_upper_amplitude_pu": 0.35,
        "conservative_safe_amplitude_pu": 0.31875,
        "first_failure_amplitude_pu": 0.32499999999999996,
        "bracket_width_pu": 0.006249999999999978,
        "tolerance_pu": 0.01,
        "precision_status": "within_frozen_tolerance",
        "bisection_iterations": 0
      },
      "solver_failure_total": 0,
      "recovery_phase_physical_violation_case_files": [],
      "evaluation_count": 11
    },
    {
      "wave_ray_index": 12,
      "global_ray_key": {
        "power_pu": 0.8,
        "soc": 0.5,
        "phase_rad": 3.141592653589793,
        "controller": "PID",
        "frequency_label": "q0.99"
      },
      "coarse_scan": {
        "amplitude_grid_pu": [
          0.0,
          0.024548310554290048,
          0.0544,
          0.0982,
          0.1322,
          0.2168,
          0.3
        ],
        "evaluation_count": 7,
        "forcing_stage": {
          "label": "forcing_stage_safe",
          "status": "bracketed_first_failure",
          "center_safe": true,
          "all_safe": false,
          "first_failure_bracket": {
            "lower_amplitude_pu": 0.2168,
            "upper_amplitude_pu": 0.3,
            "from_safe": true,
            "to_safe": false
          },
          "transitions": [
            {
              "lower_amplitude_pu": 0.2168,
              "upper_amplitude_pu": 0.3,
              "from_safe": true,
              "to_safe": false
            }
          ],
          "non_star_shaped": false,
          "search_upper_amplitude_pu": 0.3
        },
        "joint_recovery": {
          "label": "joint_valid_for_boundary",
          "status": "bracketed_first_failure",
          "center_safe": true,
          "all_safe": false,
          "first_failure_bracket": {
            "lower_amplitude_pu": 0.2168,
            "upper_amplitude_pu": 0.3,
            "from_safe": true,
            "to_safe": false
          },
          "transitions": [
            {
              "lower_amplitude_pu": 0.2168,
              "upper_amplitude_pu": 0.3,
              "from_safe": true,
              "to_safe": false
            }
          ],
          "non_star_shaped": false,
          "search_upper_amplitude_pu": 0.3
        }
      },
      "forcing_stage_boundary": {
        "label": "forcing_stage_safe",
        "status": "bracketed_first_failure",
        "center_safe": true,
        "all_safe": false,
        "first_failure_bracket": {
          "lower_amplitude_pu": 0.29479999999999995,
          "upper_amplitude_pu": 0.3,
          "from_safe": true,
          "to_safe": false
        },
        "transitions": [
          {
            "lower_amplitude_pu": 0.29479999999999995,
            "upper_amplitude_pu": 0.3,
            "from_safe": true,
            "to_safe": false
          }
        ],
        "non_star_shaped": false,
        "search_upper_amplitude_pu": 0.3,
        "conservative_safe_amplitude_pu": 0.29479999999999995,
        "first_failure_amplitude_pu": 0.3,
        "bracket_width_pu": 0.005200000000000038,
        "tolerance_pu": 0.01,
        "precision_status": "within_frozen_tolerance",
        "bisection_iterations": 4
      },
      "joint_recovery_complete_boundary": {
        "label": "joint_valid_for_boundary",
        "status": "bracketed_first_failure",
        "center_safe": true,
        "all_safe": false,
        "first_failure_bracket": {
          "lower_amplitude_pu": 0.29479999999999995,
          "upper_amplitude_pu": 0.3,
          "from_safe": true,
          "to_safe": false
        },
        "transitions": [
          {
            "lower_amplitude_pu": 0.29479999999999995,
            "upper_amplitude_pu": 0.3,
            "from_safe": true,
            "to_safe": false
          }
        ],
        "non_star_shaped": false,
        "search_upper_amplitude_pu": 0.3,
        "conservative_safe_amplitude_pu": 0.29479999999999995,
        "first_failure_amplitude_pu": 0.3,
        "bracket_width_pu": 0.005200000000000038,
        "tolerance_pu": 0.01,
        "precision_status": "within_frozen_tolerance",
        "bisection_iterations": 0
      },
      "solver_failure_total": 0,
      "recovery_phase_physical_violation_case_files": [],
      "evaluation_count": 11
    },
    {
      "wave_ray_index": 13,
      "global_ray_key": {
        "power_pu": 0.8,
        "soc": 0.5,
        "phase_rad": 3.141592653589793,
        "controller": "MPC",
        "frequency_label": "q0.99"
      },
      "coarse_scan": {
        "amplitude_grid_pu": [
          0.0,
          0.024548310554290048,
          0.0544,
          0.0982,
          0.1322,
          0.2168,
          0.3,
          0.35
        ],
        "evaluation_count": 8,
        "forcing_stage": {
          "label": "forcing_stage_safe",
          "status": "bracketed_first_failure",
          "center_safe": true,
          "all_safe": false,
          "first_failure_bracket": {
            "lower_amplitude_pu": 0.3,
            "upper_amplitude_pu": 0.35,
            "from_safe": true,
            "to_safe": false
          },
          "transitions": [
            {
              "lower_amplitude_pu": 0.3,
              "upper_amplitude_pu": 0.35,
              "from_safe": true,
              "to_safe": false
            }
          ],
          "non_star_shaped": false,
          "search_upper_amplitude_pu": 0.35
        },
        "joint_recovery": {
          "label": "joint_valid_for_boundary",
          "status": "bracketed_first_failure",
          "center_safe": true,
          "all_safe": false,
          "first_failure_bracket": {
            "lower_amplitude_pu": 0.3,
            "upper_amplitude_pu": 0.35,
            "from_safe": true,
            "to_safe": false
          },
          "transitions": [
            {
              "lower_amplitude_pu": 0.3,
              "upper_amplitude_pu": 0.35,
              "from_safe": true,
              "to_safe": false
            }
          ],
          "non_star_shaped": false,
          "search_upper_amplitude_pu": 0.35
        }
      },
      "forcing_stage_boundary": {
        "label": "forcing_stage_safe",
        "status": "bracketed_first_failure",
        "center_safe": true,
        "all_safe": false,
        "first_failure_bracket": {
          "lower_amplitude_pu": 0.31875,
          "upper_amplitude_pu": 0.32499999999999996,
          "from_safe": true,
          "to_safe": false
        },
        "transitions": [
          {
            "lower_amplitude_pu": 0.31875,
            "upper_amplitude_pu": 0.32499999999999996,
            "from_safe": true,
            "to_safe": false
          }
        ],
        "non_star_shaped": false,
        "search_upper_amplitude_pu": 0.35,
        "conservative_safe_amplitude_pu": 0.31875,
        "first_failure_amplitude_pu": 0.32499999999999996,
        "bracket_width_pu": 0.006249999999999978,
        "tolerance_pu": 0.01,
        "precision_status": "within_frozen_tolerance",
        "bisection_iterations": 3
      },
      "joint_recovery_complete_boundary": {
        "label": "joint_valid_for_boundary",
        "status": "bracketed_first_failure",
        "center_safe": true,
        "all_safe": false,
        "first_failure_bracket": {
          "lower_amplitude_pu": 0.31875,
          "upper_amplitude_pu": 0.32499999999999996,
          "from_safe": true,
          "to_safe": false
        },
        "transitions": [
          {
            "lower_amplitude_pu": 0.31875,
            "upper_amplitude_pu": 0.32499999999999996,
            "from_safe": true,
            "to_safe": false
          }
        ],
        "non_star_shaped": false,
        "search_upper_amplitude_pu": 0.35,
        "conservative_safe_amplitude_pu": 0.31875,
        "first_failure_amplitude_pu": 0.32499999999999996,
        "bracket_width_pu": 0.006249999999999978,
        "tolerance_pu": 0.01,
        "precision_status": "within_frozen_tolerance",
        "bisection_iterations": 0
      },
      "solver_failure_total": 0,
      "recovery_phase_physical_violation_case_files": [],
      "evaluation_count": 11
    },
    {
      "wave_ray_index": 14,
      "global_ray_key": {
        "power_pu": 0.8,
        "soc": 0.5,
        "phase_rad": 4.71238898038469,
        "controller": "PID",
        "frequency_label": "q0.99"
      },
      "coarse_scan": {
        "amplitude_grid_pu": [
          0.0,
          0.024548310554290048,
          0.0544,
          0.0982,
          0.1322,
          0.2168,
          0.3
        ],
        "evaluation_count": 7,
        "forcing_stage": {
          "label": "forcing_stage_safe",
          "status": "bracketed_first_failure",
          "center_safe": true,
          "all_safe": false,
          "first_failure_bracket": {
            "lower_amplitude_pu": 0.2168,
            "upper_amplitude_pu": 0.3,
            "from_safe": true,
            "to_safe": false
          },
          "transitions": [
            {
              "lower_amplitude_pu": 0.2168,
              "upper_amplitude_pu": 0.3,
              "from_safe": true,
              "to_safe": false
            }
          ],
          "non_star_shaped": false,
          "search_upper_amplitude_pu": 0.3
        },
        "joint_recovery": {
          "label": "joint_valid_for_boundary",
          "status": "bracketed_first_failure",
          "center_safe": true,
          "all_safe": false,
          "first_failure_bracket": {
            "lower_amplitude_pu": 0.2168,
            "upper_amplitude_pu": 0.3,
            "from_safe": true,
            "to_safe": false
          },
          "transitions": [
            {
              "lower_amplitude_pu": 0.2168,
              "upper_amplitude_pu": 0.3,
              "from_safe": true,
              "to_safe": false
            }
          ],
          "non_star_shaped": false,
          "search_upper_amplitude_pu": 0.3
        }
      },
      "forcing_stage_boundary": {
        "label": "forcing_stage_safe",
        "status": "bracketed_first_failure",
        "center_safe": true,
        "all_safe": false,
        "first_failure_bracket": {
          "lower_amplitude_pu": 0.22719999999999999,
          "upper_amplitude_pu": 0.2324,
          "from_safe": true,
          "to_safe": false
        },
        "transitions": [
          {
            "lower_amplitude_pu": 0.22719999999999999,
            "upper_amplitude_pu": 0.2324,
            "from_safe": true,
            "to_safe": false
          }
        ],
        "non_star_shaped": false,
        "search_upper_amplitude_pu": 0.3,
        "conservative_safe_amplitude_pu": 0.22719999999999999,
        "first_failure_amplitude_pu": 0.2324,
        "bracket_width_pu": 0.00520000000000001,
        "tolerance_pu": 0.01,
        "precision_status": "within_frozen_tolerance",
        "bisection_iterations": 4
      },
      "joint_recovery_complete_boundary": {
        "label": "joint_valid_for_boundary",
        "status": "bracketed_first_failure",
        "center_safe": true,
        "all_safe": false,
        "first_failure_bracket": {
          "lower_amplitude_pu": 0.22719999999999999,
          "upper_amplitude_pu": 0.2324,
          "from_safe": true,
          "to_safe": false
        },
        "transitions": [
          {
            "lower_amplitude_pu": 0.22719999999999999,
            "upper_amplitude_pu": 0.2324,
            "from_safe": true,
            "to_safe": false
          }
        ],
        "non_star_shaped": false,
        "search_upper_amplitude_pu": 0.3,
        "conservative_safe_amplitude_pu": 0.22719999999999999,
        "first_failure_amplitude_pu": 0.2324,
        "bracket_width_pu": 0.00520000000000001,
        "tolerance_pu": 0.01,
        "precision_status": "within_frozen_tolerance",
        "bisection_iterations": 0
      },
      "solver_failure_total": 0,
      "recovery_phase_physical_violation_case_files": [],
      "evaluation_count": 11
    },
    {
      "wave_ray_index": 15,
      "global_ray_key": {
        "power_pu": 0.8,
        "soc": 0.5,
        "phase_rad": 4.71238898038469,
        "controller": "MPC",
        "frequency_label": "q0.99"
      },
      "coarse_scan": {
        "amplitude_grid_pu": [
          0.0,
          0.024548310554290048,
          0.0544,
          0.0982,
          0.1322,
          0.2168,
          0.3
        ],
        "evaluation_count": 7,
        "forcing_stage": {
          "label": "forcing_stage_safe",
          "status": "bracketed_first_failure",
          "center_safe": true,
          "all_safe": false,
          "first_failure_bracket": {
            "lower_amplitude_pu": 0.2168,
            "upper_amplitude_pu": 0.3,
            "from_safe": true,
            "to_safe": false
          },
          "transitions": [
            {
              "lower_amplitude_pu": 0.2168,
              "upper_amplitude_pu": 0.3,
              "from_safe": true,
              "to_safe": false
            }
          ],
          "non_star_shaped": false,
          "search_upper_amplitude_pu": 0.3
        },
        "joint_recovery": {
          "label": "joint_valid_for_boundary",
          "status": "bracketed_first_failure",
          "center_safe": true,
          "all_safe": false,
          "first_failure_bracket": {
            "lower_amplitude_pu": 0.2168,
            "upper_amplitude_pu": 0.3,
            "from_safe": true,
            "to_safe": false
          },
          "transitions": [
            {
              "lower_amplitude_pu": 0.2168,
              "upper_amplitude_pu": 0.3,
              "from_safe": true,
              "to_safe": false
            }
          ],
          "non_star_shaped": false,
          "search_upper_amplitude_pu": 0.3
        }
      },
      "forcing_stage_boundary": {
        "label": "forcing_stage_safe",
        "status": "bracketed_first_failure",
        "center_safe": true,
        "all_safe": false,
        "first_failure_bracket": {
          "lower_amplitude_pu": 0.2532,
          "upper_amplitude_pu": 0.25839999999999996,
          "from_safe": true,
          "to_safe": false
        },
        "transitions": [
          {
            "lower_amplitude_pu": 0.2532,
            "upper_amplitude_pu": 0.25839999999999996,
            "from_safe": true,
            "to_safe": false
          }
        ],
        "non_star_shaped": false,
        "search_upper_amplitude_pu": 0.3,
        "conservative_safe_amplitude_pu": 0.2532,
        "first_failure_amplitude_pu": 0.25839999999999996,
        "bracket_width_pu": 0.005199999999999982,
        "tolerance_pu": 0.01,
        "precision_status": "within_frozen_tolerance",
        "bisection_iterations": 4
      },
      "joint_recovery_complete_boundary": {
        "label": "joint_valid_for_boundary",
        "status": "bracketed_first_failure",
        "center_safe": true,
        "all_safe": false,
        "first_failure_bracket": {
          "lower_amplitude_pu": 0.2532,
          "upper_amplitude_pu": 0.25839999999999996,
          "from_safe": true,
          "to_safe": false
        },
        "transitions": [
          {
            "lower_amplitude_pu": 0.2532,
            "upper_amplitude_pu": 0.25839999999999996,
            "from_safe": true,
            "to_safe": false
          }
        ],
        "non_star_shaped": false,
        "search_upper_amplitude_pu": 0.3,
        "conservative_safe_amplitude_pu": 0.2532,
        "first_failure_amplitude_pu": 0.25839999999999996,
        "bracket_width_pu": 0.005199999999999982,
        "tolerance_pu": 0.01,
        "precision_status": "within_frozen_tolerance",
        "bisection_iterations": 0
      },
      "solver_failure_total": 0,
      "recovery_phase_physical_violation_case_files": [],
      "evaluation_count": 11
    },
    {
      "wave_ray_index": 16,
      "global_ray_key": {
        "power_pu": 0.8,
        "soc": 0.8,
        "phase_rad": 0.0,
        "controller": "PID",
        "frequency_label": "q0.99"
      },
      "coarse_scan": {
        "amplitude_grid_pu": [
          0.0,
          0.024548310554290048,
          0.0544,
          0.0982,
          0.1322,
          0.2168,
          0.3
        ],
        "evaluation_count": 7,
        "forcing_stage": {
          "label": "forcing_stage_safe",
          "status": "bracketed_first_failure",
          "center_safe": true,
          "all_safe": false,
          "first_failure_bracket": {
            "lower_amplitude_pu": 0.2168,
            "upper_amplitude_pu": 0.3,
            "from_safe": true,
            "to_safe": false
          },
          "transitions": [
            {
              "lower_amplitude_pu": 0.2168,
              "upper_amplitude_pu": 0.3,
              "from_safe": true,
              "to_safe": false
            }
          ],
          "non_star_shaped": false,
          "search_upper_amplitude_pu": 0.3
        },
        "joint_recovery": {
          "label": "joint_valid_for_boundary",
          "status": "bracketed_first_failure",
          "center_safe": true,
          "all_safe": false,
          "first_failure_bracket": {
            "lower_amplitude_pu": 0.2168,
            "upper_amplitude_pu": 0.3,
            "from_safe": true,
            "to_safe": false
          },
          "transitions": [
            {
              "lower_amplitude_pu": 0.2168,
              "upper_amplitude_pu": 0.3,
              "from_safe": true,
              "to_safe": false
            }
          ],
          "non_star_shaped": false,
          "search_upper_amplitude_pu": 0.3
        }
      },
      "forcing_stage_boundary": {
        "label": "forcing_stage_safe",
        "status": "bracketed_first_failure",
        "center_safe": true,
        "all_safe": false,
        "first_failure_bracket": {
          "lower_amplitude_pu": 0.29479999999999995,
          "upper_amplitude_pu": 0.3,
          "from_safe": true,
          "to_safe": false
        },
        "transitions": [
          {
            "lower_amplitude_pu": 0.29479999999999995,
            "upper_amplitude_pu": 0.3,
            "from_safe": true,
            "to_safe": false
          }
        ],
        "non_star_shaped": false,
        "search_upper_amplitude_pu": 0.3,
        "conservative_safe_amplitude_pu": 0.29479999999999995,
        "first_failure_amplitude_pu": 0.3,
        "bracket_width_pu": 0.005200000000000038,
        "tolerance_pu": 0.01,
        "precision_status": "within_frozen_tolerance",
        "bisection_iterations": 4
      },
      "joint_recovery_complete_boundary": {
        "label": "joint_valid_for_boundary",
        "status": "bracketed_first_failure",
        "center_safe": true,
        "all_safe": false,
        "first_failure_bracket": {
          "lower_amplitude_pu": 0.29479999999999995,
          "upper_amplitude_pu": 0.3,
          "from_safe": true,
          "to_safe": false
        },
        "transitions": [
          {
            "lower_amplitude_pu": 0.29479999999999995,
            "upper_amplitude_pu": 0.3,
            "from_safe": true,
            "to_safe": false
          }
        ],
        "non_star_shaped": false,
        "search_upper_amplitude_pu": 0.3,
        "conservative_safe_amplitude_pu": 0.29479999999999995,
        "first_failure_amplitude_pu": 0.3,
        "bracket_width_pu": 0.005200000000000038,
        "tolerance_pu": 0.01,
        "precision_status": "within_frozen_tolerance",
        "bisection_iterations": 0
      },
      "solver_failure_total": 0,
      "recovery_phase_physical_violation_case_files": [],
      "evaluation_count": 11
    },
    {
      "wave_ray_index": 17,
      "global_ray_key": {
        "power_pu": 0.8,
        "soc": 0.8,
        "phase_rad": 0.0,
        "controller": "MPC",
        "frequency_label": "q0.99"
      },
      "coarse_scan": {
        "amplitude_grid_pu": [
          0.0,
          0.024548310554290048,
          0.0544,
          0.0982,
          0.1322,
          0.2168,
          0.3,
          0.35
        ],
        "evaluation_count": 8,
        "forcing_stage": {
          "label": "forcing_stage_safe",
          "status": "bracketed_first_failure",
          "center_safe": true,
          "all_safe": false,
          "first_failure_bracket": {
            "lower_amplitude_pu": 0.3,
            "upper_amplitude_pu": 0.35,
            "from_safe": true,
            "to_safe": false
          },
          "transitions": [
            {
              "lower_amplitude_pu": 0.3,
              "upper_amplitude_pu": 0.35,
              "from_safe": true,
              "to_safe": false
            }
          ],
          "non_star_shaped": false,
          "search_upper_amplitude_pu": 0.35
        },
        "joint_recovery": {
          "label": "joint_valid_for_boundary",
          "status": "bracketed_first_failure",
          "center_safe": true,
          "all_safe": false,
          "first_failure_bracket": {
            "lower_amplitude_pu": 0.3,
            "upper_amplitude_pu": 0.35,
            "from_safe": true,
            "to_safe": false
          },
          "transitions": [
            {
              "lower_amplitude_pu": 0.3,
              "upper_amplitude_pu": 0.35,
              "from_safe": true,
              "to_safe": false
            }
          ],
          "non_star_shaped": false,
          "search_upper_amplitude_pu": 0.35
        }
      },
      "forcing_stage_boundary": {
        "label": "forcing_stage_safe",
        "status": "bracketed_first_failure",
        "center_safe": true,
        "all_safe": false,
        "first_failure_bracket": {
          "lower_amplitude_pu": 0.31875,
          "upper_amplitude_pu": 0.32499999999999996,
          "from_safe": true,
          "to_safe": false
        },
        "transitions": [
          {
            "lower_amplitude_pu": 0.31875,
            "upper_amplitude_pu": 0.32499999999999996,
            "from_safe": true,
            "to_safe": false
          }
        ],
        "non_star_shaped": false,
        "search_upper_amplitude_pu": 0.35,
        "conservative_safe_amplitude_pu": 0.31875,
        "first_failure_amplitude_pu": 0.32499999999999996,
        "bracket_width_pu": 0.006249999999999978,
        "tolerance_pu": 0.01,
        "precision_status": "within_frozen_tolerance",
        "bisection_iterations": 3
      },
      "joint_recovery_complete_boundary": {
        "label": "joint_valid_for_boundary",
        "status": "bracketed_first_failure",
        "center_safe": true,
        "all_safe": false,
        "first_failure_bracket": {
          "lower_amplitude_pu": 0.31875,
          "upper_amplitude_pu": 0.32499999999999996,
          "from_safe": true,
          "to_safe": false
        },
        "transitions": [
          {
            "lower_amplitude_pu": 0.31875,
            "upper_amplitude_pu": 0.32499999999999996,
            "from_safe": true,
            "to_safe": false
          }
        ],
        "non_star_shaped": false,
        "search_upper_amplitude_pu": 0.35,
        "conservative_safe_amplitude_pu": 0.31875,
        "first_failure_amplitude_pu": 0.32499999999999996,
        "bracket_width_pu": 0.006249999999999978,
        "tolerance_pu": 0.01,
        "precision_status": "within_frozen_tolerance",
        "bisection_iterations": 0
      },
      "solver_failure_total": 0,
      "recovery_phase_physical_violation_case_files": [],
      "evaluation_count": 11
    },
    {
      "wave_ray_index": 18,
      "global_ray_key": {
        "power_pu": 0.8,
        "soc": 0.8,
        "phase_rad": 1.5707963267948966,
        "controller": "PID",
        "frequency_label": "q0.99"
      },
      "coarse_scan": {
        "amplitude_grid_pu": [
          0.0,
          0.024548310554290048,
          0.0544,
          0.0982,
          0.1322,
          0.2168,
          0.3
        ],
        "evaluation_count": 7,
        "forcing_stage": {
          "label": "forcing_stage_safe",
          "status": "bracketed_first_failure",
          "center_safe": true,
          "all_safe": false,
          "first_failure_bracket": {
            "lower_amplitude_pu": 0.2168,
            "upper_amplitude_pu": 0.3,
            "from_safe": true,
            "to_safe": false
          },
          "transitions": [
            {
              "lower_amplitude_pu": 0.2168,
              "upper_amplitude_pu": 0.3,
              "from_safe": true,
              "to_safe": false
            }
          ],
          "non_star_shaped": false,
          "search_upper_amplitude_pu": 0.3
        },
        "joint_recovery": {
          "label": "joint_valid_for_boundary",
          "status": "bracketed_first_failure",
          "center_safe": true,
          "all_safe": false,
          "first_failure_bracket": {
            "lower_amplitude_pu": 0.2168,
            "upper_amplitude_pu": 0.3,
            "from_safe": true,
            "to_safe": false
          },
          "transitions": [
            {
              "lower_amplitude_pu": 0.2168,
              "upper_amplitude_pu": 0.3,
              "from_safe": true,
              "to_safe": false
            }
          ],
          "non_star_shaped": false,
          "search_upper_amplitude_pu": 0.3
        }
      },
      "forcing_stage_boundary": {
        "label": "forcing_stage_safe",
        "status": "bracketed_first_failure",
        "center_safe": true,
        "all_safe": false,
        "first_failure_bracket": {
          "lower_amplitude_pu": 0.29479999999999995,
          "upper_amplitude_pu": 0.3,
          "from_safe": true,
          "to_safe": false
        },
        "transitions": [
          {
            "lower_amplitude_pu": 0.29479999999999995,
            "upper_amplitude_pu": 0.3,
            "from_safe": true,
            "to_safe": false
          }
        ],
        "non_star_shaped": false,
        "search_upper_amplitude_pu": 0.3,
        "conservative_safe_amplitude_pu": 0.29479999999999995,
        "first_failure_amplitude_pu": 0.3,
        "bracket_width_pu": 0.005200000000000038,
        "tolerance_pu": 0.01,
        "precision_status": "within_frozen_tolerance",
        "bisection_iterations": 4
      },
      "joint_recovery_complete_boundary": {
        "label": "joint_valid_for_boundary",
        "status": "bracketed_first_failure",
        "center_safe": true,
        "all_safe": false,
        "first_failure_bracket": {
          "lower_amplitude_pu": 0.29479999999999995,
          "upper_amplitude_pu": 0.3,
          "from_safe": true,
          "to_safe": false
        },
        "transitions": [
          {
            "lower_amplitude_pu": 0.29479999999999995,
            "upper_amplitude_pu": 0.3,
            "from_safe": true,
            "to_safe": false
          }
        ],
        "non_star_shaped": false,
        "search_upper_amplitude_pu": 0.3,
        "conservative_safe_amplitude_pu": 0.29479999999999995,
        "first_failure_amplitude_pu": 0.3,
        "bracket_width_pu": 0.005200000000000038,
        "tolerance_pu": 0.01,
        "precision_status": "within_frozen_tolerance",
        "bisection_iterations": 0
      },
      "solver_failure_total": 0,
      "recovery_phase_physical_violation_case_files": [],
      "evaluation_count": 11
    },
    {
      "wave_ray_index": 19,
      "global_ray_key": {
        "power_pu": 0.8,
        "soc": 0.8,
        "phase_rad": 1.5707963267948966,
        "controller": "MPC",
        "frequency_label": "q0.99"
      },
      "coarse_scan": {
        "amplitude_grid_pu": [
          0.0,
          0.024548310554290048,
          0.0544,
          0.0982,
          0.1322,
          0.2168,
          0.3,
          0.35
        ],
        "evaluation_count": 8,
        "forcing_stage": {
          "label": "forcing_stage_safe",
          "status": "bracketed_first_failure",
          "center_safe": true,
          "all_safe": false,
          "first_failure_bracket": {
            "lower_amplitude_pu": 0.3,
            "upper_amplitude_pu": 0.35,
            "from_safe": true,
            "to_safe": false
          },
          "transitions": [
            {
              "lower_amplitude_pu": 0.3,
              "upper_amplitude_pu": 0.35,
              "from_safe": true,
              "to_safe": false
            }
          ],
          "non_star_shaped": false,
          "search_upper_amplitude_pu": 0.35
        },
        "joint_recovery": {
          "label": "joint_valid_for_boundary",
          "status": "bracketed_first_failure",
          "center_safe": true,
          "all_safe": false,
          "first_failure_bracket": {
            "lower_amplitude_pu": 0.3,
            "upper_amplitude_pu": 0.35,
            "from_safe": true,
            "to_safe": false
          },
          "transitions": [
            {
              "lower_amplitude_pu": 0.3,
              "upper_amplitude_pu": 0.35,
              "from_safe": true,
              "to_safe": false
            }
          ],
          "non_star_shaped": false,
          "search_upper_amplitude_pu": 0.35
        }
      },
      "forcing_stage_boundary": {
        "label": "forcing_stage_safe",
        "status": "bracketed_first_failure",
        "center_safe": true,
        "all_safe": false,
        "first_failure_bracket": {
          "lower_amplitude_pu": 0.31875,
          "upper_amplitude_pu": 0.32499999999999996,
          "from_safe": true,
          "to_safe": false
        },
        "transitions": [
          {
            "lower_amplitude_pu": 0.31875,
            "upper_amplitude_pu": 0.32499999999999996,
            "from_safe": true,
            "to_safe": false
          }
        ],
        "non_star_shaped": false,
        "search_upper_amplitude_pu": 0.35,
        "conservative_safe_amplitude_pu": 0.31875,
        "first_failure_amplitude_pu": 0.32499999999999996,
        "bracket_width_pu": 0.006249999999999978,
        "tolerance_pu": 0.01,
        "precision_status": "within_frozen_tolerance",
        "bisection_iterations": 3
      },
      "joint_recovery_complete_boundary": {
        "label": "joint_valid_for_boundary",
        "status": "bracketed_first_failure",
        "center_safe": true,
        "all_safe": false,
        "first_failure_bracket": {
          "lower_amplitude_pu": 0.31875,
          "upper_amplitude_pu": 0.32499999999999996,
          "from_safe": true,
          "to_safe": false
        },
        "transitions": [
          {
            "lower_amplitude_pu": 0.31875,
            "upper_amplitude_pu": 0.32499999999999996,
            "from_safe": true,
            "to_safe": false
          }
        ],
        "non_star_shaped": false,
        "search_upper_amplitude_pu": 0.35,
        "conservative_safe_amplitude_pu": 0.31875,
        "first_failure_amplitude_pu": 0.32499999999999996,
        "bracket_width_pu": 0.006249999999999978,
        "tolerance_pu": 0.01,
        "precision_status": "within_frozen_tolerance",
        "bisection_iterations": 0
      },
      "solver_failure_total": 0,
      "recovery_phase_physical_violation_case_files": [],
      "evaluation_count": 11
    },
    {
      "wave_ray_index": 20,
      "global_ray_key": {
        "power_pu": 0.8,
        "soc": 0.8,
        "phase_rad": 3.141592653589793,
        "controller": "PID",
        "frequency_label": "q0.99"
      },
      "coarse_scan": {
        "amplitude_grid_pu": [
          0.0,
          0.024548310554290048,
          0.0544,
          0.0982,
          0.1322,
          0.2168,
          0.3
        ],
        "evaluation_count": 7,
        "forcing_stage": {
          "label": "forcing_stage_safe",
          "status": "bracketed_first_failure",
          "center_safe": true,
          "all_safe": false,
          "first_failure_bracket": {
            "lower_amplitude_pu": 0.2168,
            "upper_amplitude_pu": 0.3,
            "from_safe": true,
            "to_safe": false
          },
          "transitions": [
            {
              "lower_amplitude_pu": 0.2168,
              "upper_amplitude_pu": 0.3,
              "from_safe": true,
              "to_safe": false
            }
          ],
          "non_star_shaped": false,
          "search_upper_amplitude_pu": 0.3
        },
        "joint_recovery": {
          "label": "joint_valid_for_boundary",
          "status": "bracketed_first_failure",
          "center_safe": true,
          "all_safe": false,
          "first_failure_bracket": {
            "lower_amplitude_pu": 0.2168,
            "upper_amplitude_pu": 0.3,
            "from_safe": true,
            "to_safe": false
          },
          "transitions": [
            {
              "lower_amplitude_pu": 0.2168,
              "upper_amplitude_pu": 0.3,
              "from_safe": true,
              "to_safe": false
            }
          ],
          "non_star_shaped": false,
          "search_upper_amplitude_pu": 0.3
        }
      },
      "forcing_stage_boundary": {
        "label": "forcing_stage_safe",
        "status": "bracketed_first_failure",
        "center_safe": true,
        "all_safe": false,
        "first_failure_bracket": {
          "lower_amplitude_pu": 0.29479999999999995,
          "upper_amplitude_pu": 0.3,
          "from_safe": true,
          "to_safe": false
        },
        "transitions": [
          {
            "lower_amplitude_pu": 0.29479999999999995,
            "upper_amplitude_pu": 0.3,
            "from_safe": true,
            "to_safe": false
          }
        ],
        "non_star_shaped": false,
        "search_upper_amplitude_pu": 0.3,
        "conservative_safe_amplitude_pu": 0.29479999999999995,
        "first_failure_amplitude_pu": 0.3,
        "bracket_width_pu": 0.005200000000000038,
        "tolerance_pu": 0.01,
        "precision_status": "within_frozen_tolerance",
        "bisection_iterations": 4
      },
      "joint_recovery_complete_boundary": {
        "label": "joint_valid_for_boundary",
        "status": "bracketed_first_failure",
        "center_safe": true,
        "all_safe": false,
        "first_failure_bracket": {
          "lower_amplitude_pu": 0.29479999999999995,
          "upper_amplitude_pu": 0.3,
          "from_safe": true,
          "to_safe": false
        },
        "transitions": [
          {
            "lower_amplitude_pu": 0.29479999999999995,
            "upper_amplitude_pu": 0.3,
            "from_safe": true,
            "to_safe": false
          }
        ],
        "non_star_shaped": false,
        "search_upper_amplitude_pu": 0.3,
        "conservative_safe_amplitude_pu": 0.29479999999999995,
        "first_failure_amplitude_pu": 0.3,
        "bracket_width_pu": 0.005200000000000038,
        "tolerance_pu": 0.01,
        "precision_status": "within_frozen_tolerance",
        "bisection_iterations": 0
      },
      "solver_failure_total": 0,
      "recovery_phase_physical_violation_case_files": [],
      "evaluation_count": 11
    },
    {
      "wave_ray_index": 21,
      "global_ray_key": {
        "power_pu": 0.8,
        "soc": 0.8,
        "phase_rad": 3.141592653589793,
        "controller": "MPC",
        "frequency_label": "q0.99"
      },
      "coarse_scan": {
        "amplitude_grid_pu": [
          0.0,
          0.024548310554290048,
          0.0544,
          0.0982,
          0.1322,
          0.2168,
          0.3,
          0.35
        ],
        "evaluation_count": 8,
        "forcing_stage": {
          "label": "forcing_stage_safe",
          "status": "bracketed_first_failure",
          "center_safe": true,
          "all_safe": false,
          "first_failure_bracket": {
            "lower_amplitude_pu": 0.3,
            "upper_amplitude_pu": 0.35,
            "from_safe": true,
            "to_safe": false
          },
          "transitions": [
            {
              "lower_amplitude_pu": 0.3,
              "upper_amplitude_pu": 0.35,
              "from_safe": true,
              "to_safe": false
            }
          ],
          "non_star_shaped": false,
          "search_upper_amplitude_pu": 0.35
        },
        "joint_recovery": {
          "label": "joint_valid_for_boundary",
          "status": "bracketed_first_failure",
          "center_safe": true,
          "all_safe": false,
          "first_failure_bracket": {
            "lower_amplitude_pu": 0.3,
            "upper_amplitude_pu": 0.35,
            "from_safe": true,
            "to_safe": false
          },
          "transitions": [
            {
              "lower_amplitude_pu": 0.3,
              "upper_amplitude_pu": 0.35,
              "from_safe": true,
              "to_safe": false
            }
          ],
          "non_star_shaped": false,
          "search_upper_amplitude_pu": 0.35
        }
      },
      "forcing_stage_boundary": {
        "label": "forcing_stage_safe",
        "status": "bracketed_first_failure",
        "center_safe": true,
        "all_safe": false,
        "first_failure_bracket": {
          "lower_amplitude_pu": 0.31875,
          "upper_amplitude_pu": 0.32499999999999996,
          "from_safe": true,
          "to_safe": false
        },
        "transitions": [
          {
            "lower_amplitude_pu": 0.31875,
            "upper_amplitude_pu": 0.32499999999999996,
            "from_safe": true,
            "to_safe": false
          }
        ],
        "non_star_shaped": false,
        "search_upper_amplitude_pu": 0.35,
        "conservative_safe_amplitude_pu": 0.31875,
        "first_failure_amplitude_pu": 0.32499999999999996,
        "bracket_width_pu": 0.006249999999999978,
        "tolerance_pu": 0.01,
        "precision_status": "within_frozen_tolerance",
        "bisection_iterations": 3
      },
      "joint_recovery_complete_boundary": {
        "label": "joint_valid_for_boundary",
        "status": "bracketed_first_failure",
        "center_safe": true,
        "all_safe": false,
        "first_failure_bracket": {
          "lower_amplitude_pu": 0.31875,
          "upper_amplitude_pu": 0.32499999999999996,
          "from_safe": true,
          "to_safe": false
        },
        "transitions": [
          {
            "lower_amplitude_pu": 0.31875,
            "upper_amplitude_pu": 0.32499999999999996,
            "from_safe": true,
            "to_safe": false
          }
        ],
        "non_star_shaped": false,
        "search_upper_amplitude_pu": 0.35,
        "conservative_safe_amplitude_pu": 0.31875,
        "first_failure_amplitude_pu": 0.32499999999999996,
        "bracket_width_pu": 0.006249999999999978,
        "tolerance_pu": 0.01,
        "precision_status": "within_frozen_tolerance",
        "bisection_iterations": 0
      },
      "solver_failure_total": 0,
      "recovery_phase_physical_violation_case_files": [],
      "evaluation_count": 11
    },
    {
      "wave_ray_index": 22,
      "global_ray_key": {
        "power_pu": 0.8,
        "soc": 0.8,
        "phase_rad": 4.71238898038469,
        "controller": "PID",
        "frequency_label": "q0.99"
      },
      "coarse_scan": {
        "amplitude_grid_pu": [
          0.0,
          0.024548310554290048,
          0.0544,
          0.0982,
          0.1322,
          0.2168,
          0.3
        ],
        "evaluation_count": 7,
        "forcing_stage": {
          "label": "forcing_stage_safe",
          "status": "bracketed_first_failure",
          "center_safe": true,
          "all_safe": false,
          "first_failure_bracket": {
            "lower_amplitude_pu": 0.2168,
            "upper_amplitude_pu": 0.3,
            "from_safe": true,
            "to_safe": false
          },
          "transitions": [
            {
              "lower_amplitude_pu": 0.2168,
              "upper_amplitude_pu": 0.3,
              "from_safe": true,
              "to_safe": false
            }
          ],
          "non_star_shaped": false,
          "search_upper_amplitude_pu": 0.3
        },
        "joint_recovery": {
          "label": "joint_valid_for_boundary",
          "status": "bracketed_first_failure",
          "center_safe": true,
          "all_safe": false,
          "first_failure_bracket": {
            "lower_amplitude_pu": 0.2168,
            "upper_amplitude_pu": 0.3,
            "from_safe": true,
            "to_safe": false
          },
          "transitions": [
            {
              "lower_amplitude_pu": 0.2168,
              "upper_amplitude_pu": 0.3,
              "from_safe": true,
              "to_safe": false
            }
          ],
          "non_star_shaped": false,
          "search_upper_amplitude_pu": 0.3
        }
      },
      "forcing_stage_boundary": {
        "label": "forcing_stage_safe",
        "status": "bracketed_first_failure",
        "center_safe": true,
        "all_safe": false,
        "first_failure_bracket": {
          "lower_amplitude_pu": 0.22719999999999999,
          "upper_amplitude_pu": 0.2324,
          "from_safe": true,
          "to_safe": false
        },
        "transitions": [
          {
            "lower_amplitude_pu": 0.22719999999999999,
            "upper_amplitude_pu": 0.2324,
            "from_safe": true,
            "to_safe": false
          }
        ],
        "non_star_shaped": false,
        "search_upper_amplitude_pu": 0.3,
        "conservative_safe_amplitude_pu": 0.22719999999999999,
        "first_failure_amplitude_pu": 0.2324,
        "bracket_width_pu": 0.00520000000000001,
        "tolerance_pu": 0.01,
        "precision_status": "within_frozen_tolerance",
        "bisection_iterations": 4
      },
      "joint_recovery_complete_boundary": {
        "label": "joint_valid_for_boundary",
        "status": "bracketed_first_failure",
        "center_safe": true,
        "all_safe": false,
        "first_failure_bracket": {
          "lower_amplitude_pu": 0.22719999999999999,
          "upper_amplitude_pu": 0.2324,
          "from_safe": true,
          "to_safe": false
        },
        "transitions": [
          {
            "lower_amplitude_pu": 0.22719999999999999,
            "upper_amplitude_pu": 0.2324,
            "from_safe": true,
            "to_safe": false
          }
        ],
        "non_star_shaped": false,
        "search_upper_amplitude_pu": 0.3,
        "conservative_safe_amplitude_pu": 0.22719999999999999,
        "first_failure_amplitude_pu": 0.2324,
        "bracket_width_pu": 0.00520000000000001,
        "tolerance_pu": 0.01,
        "precision_status": "within_frozen_tolerance",
        "bisection_iterations": 0
      },
      "solver_failure_total": 0,
      "recovery_phase_physical_violation_case_files": [],
      "evaluation_count": 11
    },
    {
      "wave_ray_index": 23,
      "global_ray_key": {
        "power_pu": 0.8,
        "soc": 0.8,
        "phase_rad": 4.71238898038469,
        "controller": "MPC",
        "frequency_label": "q0.99"
      },
      "coarse_scan": {
        "amplitude_grid_pu": [
          0.0,
          0.024548310554290048,
          0.0544,
          0.0982,
          0.1322,
          0.2168,
          0.3
        ],
        "evaluation_count": 7,
        "forcing_stage": {
          "label": "forcing_stage_safe",
          "status": "bracketed_first_failure",
          "center_safe": true,
          "all_safe": false,
          "first_failure_bracket": {
            "lower_amplitude_pu": 0.2168,
            "upper_amplitude_pu": 0.3,
            "from_safe": true,
            "to_safe": false
          },
          "transitions": [
            {
              "lower_amplitude_pu": 0.2168,
              "upper_amplitude_pu": 0.3,
              "from_safe": true,
              "to_safe": false
            }
          ],
          "non_star_shaped": false,
          "search_upper_amplitude_pu": 0.3
        },
        "joint_recovery": {
          "label": "joint_valid_for_boundary",
          "status": "bracketed_first_failure",
          "center_safe": true,
          "all_safe": false,
          "first_failure_bracket": {
            "lower_amplitude_pu": 0.2168,
            "upper_amplitude_pu": 0.3,
            "from_safe": true,
            "to_safe": false
          },
          "transitions": [
            {
              "lower_amplitude_pu": 0.2168,
              "upper_amplitude_pu": 0.3,
              "from_safe": true,
              "to_safe": false
            }
          ],
          "non_star_shaped": false,
          "search_upper_amplitude_pu": 0.3
        }
      },
      "forcing_stage_boundary": {
        "label": "forcing_stage_safe",
        "status": "bracketed_first_failure",
        "center_safe": true,
        "all_safe": false,
        "first_failure_bracket": {
          "lower_amplitude_pu": 0.2532,
          "upper_amplitude_pu": 0.25839999999999996,
          "from_safe": true,
          "to_safe": false
        },
        "transitions": [
          {
            "lower_amplitude_pu": 0.2532,
            "upper_amplitude_pu": 0.25839999999999996,
            "from_safe": true,
            "to_safe": false
          }
        ],
        "non_star_shaped": false,
        "search_upper_amplitude_pu": 0.3,
        "conservative_safe_amplitude_pu": 0.2532,
        "first_failure_amplitude_pu": 0.25839999999999996,
        "bracket_width_pu": 0.005199999999999982,
        "tolerance_pu": 0.01,
        "precision_status": "within_frozen_tolerance",
        "bisection_iterations": 4
      },
      "joint_recovery_complete_boundary": {
        "label": "joint_valid_for_boundary",
        "status": "bracketed_first_failure",
        "center_safe": true,
        "all_safe": false,
        "first_failure_bracket": {
          "lower_amplitude_pu": 0.2532,
          "upper_amplitude_pu": 0.25839999999999996,
          "from_safe": true,
          "to_safe": false
        },
        "transitions": [
          {
            "lower_amplitude_pu": 0.2532,
            "upper_amplitude_pu": 0.25839999999999996,
            "from_safe": true,
            "to_safe": false
          }
        ],
        "non_star_shaped": false,
        "search_upper_amplitude_pu": 0.3,
        "conservative_safe_amplitude_pu": 0.2532,
        "first_failure_amplitude_pu": 0.25839999999999996,
        "bracket_width_pu": 0.005199999999999982,
        "tolerance_pu": 0.01,
        "precision_status": "within_frozen_tolerance",
        "bisection_iterations": 0
      },
      "solver_failure_total": 0,
      "recovery_phase_physical_violation_case_files": [],
      "evaluation_count": 11
    },
    {
      "wave_ray_index": 24,
      "global_ray_key": {
        "power_pu": 0.9,
        "soc": 0.2,
        "phase_rad": 0.0,
        "controller": "PID",
        "frequency_label": "q0.99"
      },
      "coarse_scan": {
        "amplitude_grid_pu": [
          0.0,
          0.024548310554290048,
          0.0544,
          0.0982,
          0.1322,
          0.2168,
          0.3
        ],
        "evaluation_count": 7,
        "forcing_stage": {
          "label": "forcing_stage_safe",
          "status": "bracketed_first_failure",
          "center_safe": true,
          "all_safe": false,
          "first_failure_bracket": {
            "lower_amplitude_pu": 0.1322,
            "upper_amplitude_pu": 0.2168,
            "from_safe": true,
            "to_safe": false
          },
          "transitions": [
            {
              "lower_amplitude_pu": 0.1322,
              "upper_amplitude_pu": 0.2168,
              "from_safe": true,
              "to_safe": false
            }
          ],
          "non_star_shaped": false,
          "search_upper_amplitude_pu": 0.3
        },
        "joint_recovery": {
          "label": "joint_valid_for_boundary",
          "status": "bracketed_first_failure",
          "center_safe": true,
          "all_safe": false,
          "first_failure_bracket": {
            "lower_amplitude_pu": 0.1322,
            "upper_amplitude_pu": 0.2168,
            "from_safe": true,
            "to_safe": false
          },
          "transitions": [
            {
              "lower_amplitude_pu": 0.1322,
              "upper_amplitude_pu": 0.2168,
              "from_safe": true,
              "to_safe": false
            }
          ],
          "non_star_shaped": false,
          "search_upper_amplitude_pu": 0.3
        }
      },
      "forcing_stage_boundary": {
        "label": "forcing_stage_safe",
        "status": "bracketed_first_failure",
        "center_safe": true,
        "all_safe": false,
        "first_failure_bracket": {
          "lower_amplitude_pu": 0.19565,
          "upper_amplitude_pu": 0.2009375,
          "from_safe": true,
          "to_safe": false
        },
        "transitions": [
          {
            "lower_amplitude_pu": 0.19565,
            "upper_amplitude_pu": 0.2009375,
            "from_safe": true,
            "to_safe": false
          }
        ],
        "non_star_shaped": false,
        "search_upper_amplitude_pu": 0.3,
        "conservative_safe_amplitude_pu": 0.19565,
        "first_failure_amplitude_pu": 0.2009375,
        "bracket_width_pu": 0.0052875000000000005,
        "tolerance_pu": 0.01,
        "precision_status": "within_frozen_tolerance",
        "bisection_iterations": 4
      },
      "joint_recovery_complete_boundary": {
        "label": "joint_valid_for_boundary",
        "status": "bracketed_first_failure",
        "center_safe": true,
        "all_safe": false,
        "first_failure_bracket": {
          "lower_amplitude_pu": 0.19565,
          "upper_amplitude_pu": 0.2009375,
          "from_safe": true,
          "to_safe": false
        },
        "transitions": [
          {
            "lower_amplitude_pu": 0.19565,
            "upper_amplitude_pu": 0.2009375,
            "from_safe": true,
            "to_safe": false
          }
        ],
        "non_star_shaped": false,
        "search_upper_amplitude_pu": 0.3,
        "conservative_safe_amplitude_pu": 0.19565,
        "first_failure_amplitude_pu": 0.2009375,
        "bracket_width_pu": 0.0052875000000000005,
        "tolerance_pu": 0.01,
        "precision_status": "within_frozen_tolerance",
        "bisection_iterations": 0
      },
      "solver_failure_total": 0,
      "recovery_phase_physical_violation_case_files": [],
      "evaluation_count": 11
    },
    {
      "wave_ray_index": 25,
      "global_ray_key": {
        "power_pu": 0.9,
        "soc": 0.2,
        "phase_rad": 0.0,
        "controller": "MPC",
        "frequency_label": "q0.99"
      },
      "coarse_scan": {
        "amplitude_grid_pu": [
          0.0,
          0.024548310554290048,
          0.0544,
          0.0982,
          0.1322,
          0.2168,
          0.3
        ],
        "evaluation_count": 7,
        "forcing_stage": {
          "label": "forcing_stage_safe",
          "status": "bracketed_first_failure",
          "center_safe": true,
          "all_safe": false,
          "first_failure_bracket": {
            "lower_amplitude_pu": 0.1322,
            "upper_amplitude_pu": 0.2168,
            "from_safe": true,
            "to_safe": false
          },
          "transitions": [
            {
              "lower_amplitude_pu": 0.1322,
              "upper_amplitude_pu": 0.2168,
              "from_safe": true,
              "to_safe": false
            }
          ],
          "non_star_shaped": false,
          "search_upper_amplitude_pu": 0.3
        },
        "joint_recovery": {
          "label": "joint_valid_for_boundary",
          "status": "bracketed_first_failure",
          "center_safe": true,
          "all_safe": false,
          "first_failure_bracket": {
            "lower_amplitude_pu": 0.024548310554290048,
            "upper_amplitude_pu": 0.0544,
            "from_safe": true,
            "to_safe": false
          },
          "transitions": [
            {
              "lower_amplitude_pu": 0.024548310554290048,
              "upper_amplitude_pu": 0.0544,
              "from_safe": true,
              "to_safe": false
            },
            {
              "lower_amplitude_pu": 0.0982,
              "upper_amplitude_pu": 0.1322,
              "from_safe": false,
              "to_safe": true
            },
            {
              "lower_amplitude_pu": 0.1322,
              "upper_amplitude_pu": 0.2168,
              "from_safe": true,
              "to_safe": false
            }
          ],
          "non_star_shaped": true,
          "search_upper_amplitude_pu": 0.3
        }
      },
      "forcing_stage_boundary": {
        "label": "forcing_stage_safe",
        "status": "bracketed_first_failure",
        "center_safe": true,
        "all_safe": false,
        "first_failure_bracket": {
          "lower_amplitude_pu": 0.206225,
          "upper_amplitude_pu": 0.2115125,
          "from_safe": true,
          "to_safe": false
        },
        "transitions": [
          {
            "lower_amplitude_pu": 0.206225,
            "upper_amplitude_pu": 0.2115125,
            "from_safe": true,
            "to_safe": false
          }
        ],
        "non_star_shaped": false,
        "search_upper_amplitude_pu": 0.3,
        "conservative_safe_amplitude_pu": 0.206225,
        "first_failure_amplitude_pu": 0.2115125,
        "bracket_width_pu": 0.0052875000000000005,
        "tolerance_pu": 0.01,
        "precision_status": "within_frozen_tolerance",
        "bisection_iterations": 4
      },
      "joint_recovery_complete_boundary": {
        "label": "joint_valid_for_boundary",
        "status": "bracketed_first_failure",
        "center_safe": true,
        "all_safe": false,
        "first_failure_bracket": {
          "lower_amplitude_pu": 0.03201123291571754,
          "upper_amplitude_pu": 0.039474155277145026,
          "from_safe": true,
          "to_safe": false
        },
        "transitions": [
          {
            "lower_amplitude_pu": 0.03201123291571754,
            "upper_amplitude_pu": 0.039474155277145026,
            "from_safe": true,
            "to_safe": false
          },
          {
            "lower_amplitude_pu": 0.0982,
            "upper_amplitude_pu": 0.1322,
            "from_safe": false,
            "to_safe": true
          },
          {
            "lower_amplitude_pu": 0.206225,
            "upper_amplitude_pu": 0.2115125,
            "from_safe": true,
            "to_safe": false
          }
        ],
        "non_star_shaped": true,
        "search_upper_amplitude_pu": 0.3,
        "conservative_safe_amplitude_pu": 0.03201123291571754,
        "first_failure_amplitude_pu": 0.039474155277145026,
        "bracket_width_pu": 0.007462922361427489,
        "tolerance_pu": 0.01,
        "precision_status": "within_frozen_tolerance",
        "bisection_iterations": 2
      },
      "solver_failure_total": 0,
      "recovery_phase_physical_violation_case_files": [],
      "evaluation_count": 13
    },
    {
      "wave_ray_index": 26,
      "global_ray_key": {
        "power_pu": 0.9,
        "soc": 0.2,
        "phase_rad": 1.5707963267948966,
        "controller": "PID",
        "frequency_label": "q0.99"
      },
      "coarse_scan": {
        "amplitude_grid_pu": [
          0.0,
          0.024548310554290048,
          0.0544,
          0.0982,
          0.1322,
          0.2168,
          0.3
        ],
        "evaluation_count": 7,
        "forcing_stage": {
          "label": "forcing_stage_safe",
          "status": "bracketed_first_failure",
          "center_safe": true,
          "all_safe": false,
          "first_failure_bracket": {
            "lower_amplitude_pu": 0.1322,
            "upper_amplitude_pu": 0.2168,
            "from_safe": true,
            "to_safe": false
          },
          "transitions": [
            {
              "lower_amplitude_pu": 0.1322,
              "upper_amplitude_pu": 0.2168,
              "from_safe": true,
              "to_safe": false
            }
          ],
          "non_star_shaped": false,
          "search_upper_amplitude_pu": 0.3
        },
        "joint_recovery": {
          "label": "joint_valid_for_boundary",
          "status": "bracketed_first_failure",
          "center_safe": true,
          "all_safe": false,
          "first_failure_bracket": {
            "lower_amplitude_pu": 0.1322,
            "upper_amplitude_pu": 0.2168,
            "from_safe": true,
            "to_safe": false
          },
          "transitions": [
            {
              "lower_amplitude_pu": 0.1322,
              "upper_amplitude_pu": 0.2168,
              "from_safe": true,
              "to_safe": false
            }
          ],
          "non_star_shaped": false,
          "search_upper_amplitude_pu": 0.3
        }
      },
      "forcing_stage_boundary": {
        "label": "forcing_stage_safe",
        "status": "bracketed_first_failure",
        "center_safe": true,
        "all_safe": false,
        "first_failure_bracket": {
          "lower_amplitude_pu": 0.19565,
          "upper_amplitude_pu": 0.2009375,
          "from_safe": true,
          "to_safe": false
        },
        "transitions": [
          {
            "lower_amplitude_pu": 0.19565,
            "upper_amplitude_pu": 0.2009375,
            "from_safe": true,
            "to_safe": false
          }
        ],
        "non_star_shaped": false,
        "search_upper_amplitude_pu": 0.3,
        "conservative_safe_amplitude_pu": 0.19565,
        "first_failure_amplitude_pu": 0.2009375,
        "bracket_width_pu": 0.0052875000000000005,
        "tolerance_pu": 0.01,
        "precision_status": "within_frozen_tolerance",
        "bisection_iterations": 4
      },
      "joint_recovery_complete_boundary": {
        "label": "joint_valid_for_boundary",
        "status": "bracketed_first_failure",
        "center_safe": true,
        "all_safe": false,
        "first_failure_bracket": {
          "lower_amplitude_pu": 0.19565,
          "upper_amplitude_pu": 0.2009375,
          "from_safe": true,
          "to_safe": false
        },
        "transitions": [
          {
            "lower_amplitude_pu": 0.19565,
            "upper_amplitude_pu": 0.2009375,
            "from_safe": true,
            "to_safe": false
          }
        ],
        "non_star_shaped": false,
        "search_upper_amplitude_pu": 0.3,
        "conservative_safe_amplitude_pu": 0.19565,
        "first_failure_amplitude_pu": 0.2009375,
        "bracket_width_pu": 0.0052875000000000005,
        "tolerance_pu": 0.01,
        "precision_status": "within_frozen_tolerance",
        "bisection_iterations": 0
      },
      "solver_failure_total": 0,
      "recovery_phase_physical_violation_case_files": [],
      "evaluation_count": 11
    },
    {
      "wave_ray_index": 27,
      "global_ray_key": {
        "power_pu": 0.9,
        "soc": 0.2,
        "phase_rad": 1.5707963267948966,
        "controller": "MPC",
        "frequency_label": "q0.99"
      },
      "coarse_scan": {
        "amplitude_grid_pu": [
          0.0,
          0.024548310554290048,
          0.0544,
          0.0982,
          0.1322,
          0.2168,
          0.3
        ],
        "evaluation_count": 7,
        "forcing_stage": {
          "label": "forcing_stage_safe",
          "status": "bracketed_first_failure",
          "center_safe": true,
          "all_safe": false,
          "first_failure_bracket": {
            "lower_amplitude_pu": 0.1322,
            "upper_amplitude_pu": 0.2168,
            "from_safe": true,
            "to_safe": false
          },
          "transitions": [
            {
              "lower_amplitude_pu": 0.1322,
              "upper_amplitude_pu": 0.2168,
              "from_safe": true,
              "to_safe": false
            }
          ],
          "non_star_shaped": false,
          "search_upper_amplitude_pu": 0.3
        },
        "joint_recovery": {
          "label": "joint_valid_for_boundary",
          "status": "bracketed_first_failure",
          "center_safe": true,
          "all_safe": false,
          "first_failure_bracket": {
            "lower_amplitude_pu": 0.0544,
            "upper_amplitude_pu": 0.0982,
            "from_safe": true,
            "to_safe": false
          },
          "transitions": [
            {
              "lower_amplitude_pu": 0.0544,
              "upper_amplitude_pu": 0.0982,
              "from_safe": true,
              "to_safe": false
            }
          ],
          "non_star_shaped": false,
          "search_upper_amplitude_pu": 0.3
        }
      },
      "forcing_stage_boundary": {
        "label": "forcing_stage_safe",
        "status": "bracketed_first_failure",
        "center_safe": true,
        "all_safe": false,
        "first_failure_bracket": {
          "lower_amplitude_pu": 0.206225,
          "upper_amplitude_pu": 0.2115125,
          "from_safe": true,
          "to_safe": false
        },
        "transitions": [
          {
            "lower_amplitude_pu": 0.206225,
            "upper_amplitude_pu": 0.2115125,
            "from_safe": true,
            "to_safe": false
          }
        ],
        "non_star_shaped": false,
        "search_upper_amplitude_pu": 0.3,
        "conservative_safe_amplitude_pu": 0.206225,
        "first_failure_amplitude_pu": 0.2115125,
        "bracket_width_pu": 0.0052875000000000005,
        "tolerance_pu": 0.01,
        "precision_status": "within_frozen_tolerance",
        "bisection_iterations": 4
      },
      "joint_recovery_complete_boundary": {
        "label": "joint_valid_for_boundary",
        "status": "bracketed_first_failure",
        "center_safe": true,
        "all_safe": false,
        "first_failure_bracket": {
          "lower_amplitude_pu": 0.08177499999999999,
          "upper_amplitude_pu": 0.08725,
          "from_safe": true,
          "to_safe": false
        },
        "transitions": [
          {
            "lower_amplitude_pu": 0.08177499999999999,
            "upper_amplitude_pu": 0.08725,
            "from_safe": true,
            "to_safe": false
          }
        ],
        "non_star_shaped": false,
        "search_upper_amplitude_pu": 0.3,
        "conservative_safe_amplitude_pu": 0.08177499999999999,
        "first_failure_amplitude_pu": 0.08725,
        "bracket_width_pu": 0.005475000000000008,
        "tolerance_pu": 0.01,
        "precision_status": "within_frozen_tolerance",
        "bisection_iterations": 3
      },
      "solver_failure_total": 0,
      "recovery_phase_physical_violation_case_files": [],
      "evaluation_count": 14
    },
    {
      "wave_ray_index": 28,
      "global_ray_key": {
        "power_pu": 0.9,
        "soc": 0.2,
        "phase_rad": 3.141592653589793,
        "controller": "PID",
        "frequency_label": "q0.99"
      },
      "coarse_scan": {
        "amplitude_grid_pu": [
          0.0,
          0.024548310554290048,
          0.0544,
          0.0982,
          0.1322,
          0.2168,
          0.3
        ],
        "evaluation_count": 7,
        "forcing_stage": {
          "label": "forcing_stage_safe",
          "status": "bracketed_first_failure",
          "center_safe": true,
          "all_safe": false,
          "first_failure_bracket": {
            "lower_amplitude_pu": 0.1322,
            "upper_amplitude_pu": 0.2168,
            "from_safe": true,
            "to_safe": false
          },
          "transitions": [
            {
              "lower_amplitude_pu": 0.1322,
              "upper_amplitude_pu": 0.2168,
              "from_safe": true,
              "to_safe": false
            }
          ],
          "non_star_shaped": false,
          "search_upper_amplitude_pu": 0.3
        },
        "joint_recovery": {
          "label": "joint_valid_for_boundary",
          "status": "bracketed_first_failure",
          "center_safe": true,
          "all_safe": false,
          "first_failure_bracket": {
            "lower_amplitude_pu": 0.1322,
            "upper_amplitude_pu": 0.2168,
            "from_safe": true,
            "to_safe": false
          },
          "transitions": [
            {
              "lower_amplitude_pu": 0.1322,
              "upper_amplitude_pu": 0.2168,
              "from_safe": true,
              "to_safe": false
            }
          ],
          "non_star_shaped": false,
          "search_upper_amplitude_pu": 0.3
        }
      },
      "forcing_stage_boundary": {
        "label": "forcing_stage_safe",
        "status": "bracketed_first_failure",
        "center_safe": true,
        "all_safe": false,
        "first_failure_bracket": {
          "lower_amplitude_pu": 0.19565,
          "upper_amplitude_pu": 0.2009375,
          "from_safe": true,
          "to_safe": false
        },
        "transitions": [
          {
            "lower_amplitude_pu": 0.19565,
            "upper_amplitude_pu": 0.2009375,
            "from_safe": true,
            "to_safe": false
          }
        ],
        "non_star_shaped": false,
        "search_upper_amplitude_pu": 0.3,
        "conservative_safe_amplitude_pu": 0.19565,
        "first_failure_amplitude_pu": 0.2009375,
        "bracket_width_pu": 0.0052875000000000005,
        "tolerance_pu": 0.01,
        "precision_status": "within_frozen_tolerance",
        "bisection_iterations": 4
      },
      "joint_recovery_complete_boundary": {
        "label": "joint_valid_for_boundary",
        "status": "bracketed_first_failure",
        "center_safe": true,
        "all_safe": false,
        "first_failure_bracket": {
          "lower_amplitude_pu": 0.19565,
          "upper_amplitude_pu": 0.2009375,
          "from_safe": true,
          "to_safe": false
        },
        "transitions": [
          {
            "lower_amplitude_pu": 0.19565,
            "upper_amplitude_pu": 0.2009375,
            "from_safe": true,
            "to_safe": false
          }
        ],
        "non_star_shaped": false,
        "search_upper_amplitude_pu": 0.3,
        "conservative_safe_amplitude_pu": 0.19565,
        "first_failure_amplitude_pu": 0.2009375,
        "bracket_width_pu": 0.0052875000000000005,
        "tolerance_pu": 0.01,
        "precision_status": "within_frozen_tolerance",
        "bisection_iterations": 0
      },
      "solver_failure_total": 0,
      "recovery_phase_physical_violation_case_files": [],
      "evaluation_count": 11
    },
    {
      "wave_ray_index": 29,
      "global_ray_key": {
        "power_pu": 0.9,
        "soc": 0.2,
        "phase_rad": 3.141592653589793,
        "controller": "MPC",
        "frequency_label": "q0.99"
      },
      "coarse_scan": {
        "amplitude_grid_pu": [
          0.0,
          0.024548310554290048,
          0.0544,
          0.0982,
          0.1322,
          0.2168,
          0.3
        ],
        "evaluation_count": 7,
        "forcing_stage": {
          "label": "forcing_stage_safe",
          "status": "bracketed_first_failure",
          "center_safe": true,
          "all_safe": false,
          "first_failure_bracket": {
            "lower_amplitude_pu": 0.1322,
            "upper_amplitude_pu": 0.2168,
            "from_safe": true,
            "to_safe": false
          },
          "transitions": [
            {
              "lower_amplitude_pu": 0.1322,
              "upper_amplitude_pu": 0.2168,
              "from_safe": true,
              "to_safe": false
            }
          ],
          "non_star_shaped": false,
          "search_upper_amplitude_pu": 0.3
        },
        "joint_recovery": {
          "label": "joint_valid_for_boundary",
          "status": "bracketed_first_failure",
          "center_safe": true,
          "all_safe": false,
          "first_failure_bracket": {
            "lower_amplitude_pu": 0.1322,
            "upper_amplitude_pu": 0.2168,
            "from_safe": true,
            "to_safe": false
          },
          "transitions": [
            {
              "lower_amplitude_pu": 0.1322,
              "upper_amplitude_pu": 0.2168,
              "from_safe": true,
              "to_safe": false
            }
          ],
          "non_star_shaped": false,
          "search_upper_amplitude_pu": 0.3
        }
      },
      "forcing_stage_boundary": {
        "label": "forcing_stage_safe",
        "status": "bracketed_first_failure",
        "center_safe": true,
        "all_safe": false,
        "first_failure_bracket": {
          "lower_amplitude_pu": 0.206225,
          "upper_amplitude_pu": 0.2115125,
          "from_safe": true,
          "to_safe": false
        },
        "transitions": [
          {
            "lower_amplitude_pu": 0.206225,
            "upper_amplitude_pu": 0.2115125,
            "from_safe": true,
            "to_safe": false
          }
        ],
        "non_star_shaped": false,
        "search_upper_amplitude_pu": 0.3,
        "conservative_safe_amplitude_pu": 0.206225,
        "first_failure_amplitude_pu": 0.2115125,
        "bracket_width_pu": 0.0052875000000000005,
        "tolerance_pu": 0.01,
        "precision_status": "within_frozen_tolerance",
        "bisection_iterations": 4
      },
      "joint_recovery_complete_boundary": {
        "label": "joint_valid_for_boundary",
        "status": "bracketed_first_failure",
        "center_safe": true,
        "all_safe": false,
        "first_failure_bracket": {
          "lower_amplitude_pu": 0.206225,
          "upper_amplitude_pu": 0.2115125,
          "from_safe": true,
          "to_safe": false
        },
        "transitions": [
          {
            "lower_amplitude_pu": 0.206225,
            "upper_amplitude_pu": 0.2115125,
            "from_safe": true,
            "to_safe": false
          }
        ],
        "non_star_shaped": false,
        "search_upper_amplitude_pu": 0.3,
        "conservative_safe_amplitude_pu": 0.206225,
        "first_failure_amplitude_pu": 0.2115125,
        "bracket_width_pu": 0.0052875000000000005,
        "tolerance_pu": 0.01,
        "precision_status": "within_frozen_tolerance",
        "bisection_iterations": 0
      },
      "solver_failure_total": 0,
      "recovery_phase_physical_violation_case_files": [],
      "evaluation_count": 11
    },
    {
      "wave_ray_index": 30,
      "global_ray_key": {
        "power_pu": 0.9,
        "soc": 0.2,
        "phase_rad": 4.71238898038469,
        "controller": "PID",
        "frequency_label": "q0.99"
      },
      "coarse_scan": {
        "amplitude_grid_pu": [
          0.0,
          0.024548310554290048,
          0.0544,
          0.0982,
          0.1322,
          0.2168,
          0.3
        ],
        "evaluation_count": 7,
        "forcing_stage": {
          "label": "forcing_stage_safe",
          "status": "bracketed_first_failure",
          "center_safe": true,
          "all_safe": false,
          "first_failure_bracket": {
            "lower_amplitude_pu": 0.1322,
            "upper_amplitude_pu": 0.2168,
            "from_safe": true,
            "to_safe": false
          },
          "transitions": [
            {
              "lower_amplitude_pu": 0.1322,
              "upper_amplitude_pu": 0.2168,
              "from_safe": true,
              "to_safe": false
            }
          ],
          "non_star_shaped": false,
          "search_upper_amplitude_pu": 0.3
        },
        "joint_recovery": {
          "label": "joint_valid_for_boundary",
          "status": "bracketed_first_failure",
          "center_safe": true,
          "all_safe": false,
          "first_failure_bracket": {
            "lower_amplitude_pu": 0.1322,
            "upper_amplitude_pu": 0.2168,
            "from_safe": true,
            "to_safe": false
          },
          "transitions": [
            {
              "lower_amplitude_pu": 0.1322,
              "upper_amplitude_pu": 0.2168,
              "from_safe": true,
              "to_safe": false
            }
          ],
          "non_star_shaped": false,
          "search_upper_amplitude_pu": 0.3
        }
      },
      "forcing_stage_boundary": {
        "label": "forcing_stage_safe",
        "status": "bracketed_first_failure",
        "center_safe": true,
        "all_safe": false,
        "first_failure_bracket": {
          "lower_amplitude_pu": 0.14806249999999999,
          "upper_amplitude_pu": 0.15335,
          "from_safe": true,
          "to_safe": false
        },
        "transitions": [
          {
            "lower_amplitude_pu": 0.14806249999999999,
            "upper_amplitude_pu": 0.15335,
            "from_safe": true,
            "to_safe": false
          }
        ],
        "non_star_shaped": false,
        "search_upper_amplitude_pu": 0.3,
        "conservative_safe_amplitude_pu": 0.14806249999999999,
        "first_failure_amplitude_pu": 0.15335,
        "bracket_width_pu": 0.0052875000000000005,
        "tolerance_pu": 0.01,
        "precision_status": "within_frozen_tolerance",
        "bisection_iterations": 4
      },
      "joint_recovery_complete_boundary": {
        "label": "joint_valid_for_boundary",
        "status": "bracketed_first_failure",
        "center_safe": true,
        "all_safe": false,
        "first_failure_bracket": {
          "lower_amplitude_pu": 0.14806249999999999,
          "upper_amplitude_pu": 0.15335,
          "from_safe": true,
          "to_safe": false
        },
        "transitions": [
          {
            "lower_amplitude_pu": 0.14806249999999999,
            "upper_amplitude_pu": 0.15335,
            "from_safe": true,
            "to_safe": false
          }
        ],
        "non_star_shaped": false,
        "search_upper_amplitude_pu": 0.3,
        "conservative_safe_amplitude_pu": 0.14806249999999999,
        "first_failure_amplitude_pu": 0.15335,
        "bracket_width_pu": 0.0052875000000000005,
        "tolerance_pu": 0.01,
        "precision_status": "within_frozen_tolerance",
        "bisection_iterations": 0
      },
      "solver_failure_total": 0,
      "recovery_phase_physical_violation_case_files": [],
      "evaluation_count": 11
    },
    {
      "wave_ray_index": 31,
      "global_ray_key": {
        "power_pu": 0.9,
        "soc": 0.2,
        "phase_rad": 4.71238898038469,
        "controller": "MPC",
        "frequency_label": "q0.99"
      },
      "coarse_scan": {
        "amplitude_grid_pu": [
          0.0,
          0.024548310554290048,
          0.0544,
          0.0982,
          0.1322,
          0.2168,
          0.3
        ],
        "evaluation_count": 7,
        "forcing_stage": {
          "label": "forcing_stage_safe",
          "status": "bracketed_first_failure",
          "center_safe": true,
          "all_safe": false,
          "first_failure_bracket": {
            "lower_amplitude_pu": 0.1322,
            "upper_amplitude_pu": 0.2168,
            "from_safe": true,
            "to_safe": false
          },
          "transitions": [
            {
              "lower_amplitude_pu": 0.1322,
              "upper_amplitude_pu": 0.2168,
              "from_safe": true,
              "to_safe": false
            }
          ],
          "non_star_shaped": false,
          "search_upper_amplitude_pu": 0.3
        },
        "joint_recovery": {
          "label": "joint_valid_for_boundary",
          "status": "bracketed_first_failure",
          "center_safe": true,
          "all_safe": false,
          "first_failure_bracket": {
            "lower_amplitude_pu": 0.1322,
            "upper_amplitude_pu": 0.2168,
            "from_safe": true,
            "to_safe": false
          },
          "transitions": [
            {
              "lower_amplitude_pu": 0.1322,
              "upper_amplitude_pu": 0.2168,
              "from_safe": true,
              "to_safe": false
            }
          ],
          "non_star_shaped": false,
          "search_upper_amplitude_pu": 0.3
        }
      },
      "forcing_stage_boundary": {
        "label": "forcing_stage_safe",
        "status": "bracketed_first_failure",
        "center_safe": true,
        "all_safe": false,
        "first_failure_bracket": {
          "lower_amplitude_pu": 0.1586375,
          "upper_amplitude_pu": 0.163925,
          "from_safe": true,
          "to_safe": false
        },
        "transitions": [
          {
            "lower_amplitude_pu": 0.1586375,
            "upper_amplitude_pu": 0.163925,
            "from_safe": true,
            "to_safe": false
          }
        ],
        "non_star_shaped": false,
        "search_upper_amplitude_pu": 0.3,
        "conservative_safe_amplitude_pu": 0.1586375,
        "first_failure_amplitude_pu": 0.163925,
        "bracket_width_pu": 0.0052875000000000005,
        "tolerance_pu": 0.01,
        "precision_status": "within_frozen_tolerance",
        "bisection_iterations": 4
      },
      "joint_recovery_complete_boundary": {
        "label": "joint_valid_for_boundary",
        "status": "bracketed_first_failure",
        "center_safe": true,
        "all_safe": false,
        "first_failure_bracket": {
          "lower_amplitude_pu": 0.1586375,
          "upper_amplitude_pu": 0.163925,
          "from_safe": true,
          "to_safe": false
        },
        "transitions": [
          {
            "lower_amplitude_pu": 0.1586375,
            "upper_amplitude_pu": 0.163925,
            "from_safe": true,
            "to_safe": false
          }
        ],
        "non_star_shaped": false,
        "search_upper_amplitude_pu": 0.3,
        "conservative_safe_amplitude_pu": 0.1586375,
        "first_failure_amplitude_pu": 0.163925,
        "bracket_width_pu": 0.0052875000000000005,
        "tolerance_pu": 0.01,
        "precision_status": "within_frozen_tolerance",
        "bisection_iterations": 0
      },
      "solver_failure_total": 0,
      "recovery_phase_physical_violation_case_files": [],
      "evaluation_count": 11
    },
    {
      "wave_ray_index": 32,
      "global_ray_key": {
        "power_pu": 0.9,
        "soc": 0.5,
        "phase_rad": 0.0,
        "controller": "PID",
        "frequency_label": "q0.99"
      },
      "coarse_scan": {
        "amplitude_grid_pu": [
          0.0,
          0.024548310554290048,
          0.0544,
          0.0982,
          0.1322,
          0.2168,
          0.3
        ],
        "evaluation_count": 7,
        "forcing_stage": {
          "label": "forcing_stage_safe",
          "status": "bracketed_first_failure",
          "center_safe": true,
          "all_safe": false,
          "first_failure_bracket": {
            "lower_amplitude_pu": 0.1322,
            "upper_amplitude_pu": 0.2168,
            "from_safe": true,
            "to_safe": false
          },
          "transitions": [
            {
              "lower_amplitude_pu": 0.1322,
              "upper_amplitude_pu": 0.2168,
              "from_safe": true,
              "to_safe": false
            }
          ],
          "non_star_shaped": false,
          "search_upper_amplitude_pu": 0.3
        },
        "joint_recovery": {
          "label": "joint_valid_for_boundary",
          "status": "bracketed_first_failure",
          "center_safe": true,
          "all_safe": false,
          "first_failure_bracket": {
            "lower_amplitude_pu": 0.1322,
            "upper_amplitude_pu": 0.2168,
            "from_safe": true,
            "to_safe": false
          },
          "transitions": [
            {
              "lower_amplitude_pu": 0.1322,
              "upper_amplitude_pu": 0.2168,
              "from_safe": true,
              "to_safe": false
            }
          ],
          "non_star_shaped": false,
          "search_upper_amplitude_pu": 0.3
        }
      },
      "forcing_stage_boundary": {
        "label": "forcing_stage_safe",
        "status": "bracketed_first_failure",
        "center_safe": true,
        "all_safe": false,
        "first_failure_bracket": {
          "lower_amplitude_pu": 0.19565,
          "upper_amplitude_pu": 0.2009375,
          "from_safe": true,
          "to_safe": false
        },
        "transitions": [
          {
            "lower_amplitude_pu": 0.19565,
            "upper_amplitude_pu": 0.2009375,
            "from_safe": true,
            "to_safe": false
          }
        ],
        "non_star_shaped": false,
        "search_upper_amplitude_pu": 0.3,
        "conservative_safe_amplitude_pu": 0.19565,
        "first_failure_amplitude_pu": 0.2009375,
        "bracket_width_pu": 0.0052875000000000005,
        "tolerance_pu": 0.01,
        "precision_status": "within_frozen_tolerance",
        "bisection_iterations": 4
      },
      "joint_recovery_complete_boundary": {
        "label": "joint_valid_for_boundary",
        "status": "bracketed_first_failure",
        "center_safe": true,
        "all_safe": false,
        "first_failure_bracket": {
          "lower_amplitude_pu": 0.19565,
          "upper_amplitude_pu": 0.2009375,
          "from_safe": true,
          "to_safe": false
        },
        "transitions": [
          {
            "lower_amplitude_pu": 0.19565,
            "upper_amplitude_pu": 0.2009375,
            "from_safe": true,
            "to_safe": false
          }
        ],
        "non_star_shaped": false,
        "search_upper_amplitude_pu": 0.3,
        "conservative_safe_amplitude_pu": 0.19565,
        "first_failure_amplitude_pu": 0.2009375,
        "bracket_width_pu": 0.0052875000000000005,
        "tolerance_pu": 0.01,
        "precision_status": "within_frozen_tolerance",
        "bisection_iterations": 0
      },
      "solver_failure_total": 0,
      "recovery_phase_physical_violation_case_files": [],
      "evaluation_count": 11
    },
    {
      "wave_ray_index": 33,
      "global_ray_key": {
        "power_pu": 0.9,
        "soc": 0.5,
        "phase_rad": 0.0,
        "controller": "MPC",
        "frequency_label": "q0.99"
      },
      "coarse_scan": {
        "amplitude_grid_pu": [
          0.0,
          0.024548310554290048,
          0.0544,
          0.0982,
          0.1322,
          0.2168,
          0.3
        ],
        "evaluation_count": 7,
        "forcing_stage": {
          "label": "forcing_stage_safe",
          "status": "bracketed_first_failure",
          "center_safe": true,
          "all_safe": false,
          "first_failure_bracket": {
            "lower_amplitude_pu": 0.1322,
            "upper_amplitude_pu": 0.2168,
            "from_safe": true,
            "to_safe": false
          },
          "transitions": [
            {
              "lower_amplitude_pu": 0.1322,
              "upper_amplitude_pu": 0.2168,
              "from_safe": true,
              "to_safe": false
            }
          ],
          "non_star_shaped": false,
          "search_upper_amplitude_pu": 0.3
        },
        "joint_recovery": {
          "label": "joint_valid_for_boundary",
          "status": "bracketed_first_failure",
          "center_safe": true,
          "all_safe": false,
          "first_failure_bracket": {
            "lower_amplitude_pu": 0.024548310554290048,
            "upper_amplitude_pu": 0.0544,
            "from_safe": true,
            "to_safe": false
          },
          "transitions": [
            {
              "lower_amplitude_pu": 0.024548310554290048,
              "upper_amplitude_pu": 0.0544,
              "from_safe": true,
              "to_safe": false
            },
            {
              "lower_amplitude_pu": 0.0982,
              "upper_amplitude_pu": 0.1322,
              "from_safe": false,
              "to_safe": true
            },
            {
              "lower_amplitude_pu": 0.1322,
              "upper_amplitude_pu": 0.2168,
              "from_safe": true,
              "to_safe": false
            }
          ],
          "non_star_shaped": true,
          "search_upper_amplitude_pu": 0.3
        }
      },
      "forcing_stage_boundary": {
        "label": "forcing_stage_safe",
        "status": "bracketed_first_failure",
        "center_safe": true,
        "all_safe": false,
        "first_failure_bracket": {
          "lower_amplitude_pu": 0.206225,
          "upper_amplitude_pu": 0.2115125,
          "from_safe": true,
          "to_safe": false
        },
        "transitions": [
          {
            "lower_amplitude_pu": 0.206225,
            "upper_amplitude_pu": 0.2115125,
            "from_safe": true,
            "to_safe": false
          }
        ],
        "non_star_shaped": false,
        "search_upper_amplitude_pu": 0.3,
        "conservative_safe_amplitude_pu": 0.206225,
        "first_failure_amplitude_pu": 0.2115125,
        "bracket_width_pu": 0.0052875000000000005,
        "tolerance_pu": 0.01,
        "precision_status": "within_frozen_tolerance",
        "bisection_iterations": 4
      },
      "joint_recovery_complete_boundary": {
        "label": "joint_valid_for_boundary",
        "status": "bracketed_first_failure",
        "center_safe": true,
        "all_safe": false,
        "first_failure_bracket": {
          "lower_amplitude_pu": 0.03201123291571754,
          "upper_amplitude_pu": 0.039474155277145026,
          "from_safe": true,
          "to_safe": false
        },
        "transitions": [
          {
            "lower_amplitude_pu": 0.03201123291571754,
            "upper_amplitude_pu": 0.039474155277145026,
            "from_safe": true,
            "to_safe": false
          },
          {
            "lower_amplitude_pu": 0.0982,
            "upper_amplitude_pu": 0.1322,
            "from_safe": false,
            "to_safe": true
          },
          {
            "lower_amplitude_pu": 0.206225,
            "upper_amplitude_pu": 0.2115125,
            "from_safe": true,
            "to_safe": false
          }
        ],
        "non_star_shaped": true,
        "search_upper_amplitude_pu": 0.3,
        "conservative_safe_amplitude_pu": 0.03201123291571754,
        "first_failure_amplitude_pu": 0.039474155277145026,
        "bracket_width_pu": 0.007462922361427489,
        "tolerance_pu": 0.01,
        "precision_status": "within_frozen_tolerance",
        "bisection_iterations": 2
      },
      "solver_failure_total": 0,
      "recovery_phase_physical_violation_case_files": [],
      "evaluation_count": 13
    },
    {
      "wave_ray_index": 34,
      "global_ray_key": {
        "power_pu": 0.9,
        "soc": 0.5,
        "phase_rad": 1.5707963267948966,
        "controller": "PID",
        "frequency_label": "q0.99"
      },
      "coarse_scan": {
        "amplitude_grid_pu": [
          0.0,
          0.024548310554290048,
          0.0544,
          0.0982,
          0.1322,
          0.2168,
          0.3
        ],
        "evaluation_count": 7,
        "forcing_stage": {
          "label": "forcing_stage_safe",
          "status": "bracketed_first_failure",
          "center_safe": true,
          "all_safe": false,
          "first_failure_bracket": {
            "lower_amplitude_pu": 0.1322,
            "upper_amplitude_pu": 0.2168,
            "from_safe": true,
            "to_safe": false
          },
          "transitions": [
            {
              "lower_amplitude_pu": 0.1322,
              "upper_amplitude_pu": 0.2168,
              "from_safe": true,
              "to_safe": false
            }
          ],
          "non_star_shaped": false,
          "search_upper_amplitude_pu": 0.3
        },
        "joint_recovery": {
          "label": "joint_valid_for_boundary",
          "status": "bracketed_first_failure",
          "center_safe": true,
          "all_safe": false,
          "first_failure_bracket": {
            "lower_amplitude_pu": 0.1322,
            "upper_amplitude_pu": 0.2168,
            "from_safe": true,
            "to_safe": false
          },
          "transitions": [
            {
              "lower_amplitude_pu": 0.1322,
              "upper_amplitude_pu": 0.2168,
              "from_safe": true,
              "to_safe": false
            }
          ],
          "non_star_shaped": false,
          "search_upper_amplitude_pu": 0.3
        }
      },
      "forcing_stage_boundary": {
        "label": "forcing_stage_safe",
        "status": "bracketed_first_failure",
        "center_safe": true,
        "all_safe": false,
        "first_failure_bracket": {
          "lower_amplitude_pu": 0.19565,
          "upper_amplitude_pu": 0.2009375,
          "from_safe": true,
          "to_safe": false
        },
        "transitions": [
          {
            "lower_amplitude_pu": 0.19565,
            "upper_amplitude_pu": 0.2009375,
            "from_safe": true,
            "to_safe": false
          }
        ],
        "non_star_shaped": false,
        "search_upper_amplitude_pu": 0.3,
        "conservative_safe_amplitude_pu": 0.19565,
        "first_failure_amplitude_pu": 0.2009375,
        "bracket_width_pu": 0.0052875000000000005,
        "tolerance_pu": 0.01,
        "precision_status": "within_frozen_tolerance",
        "bisection_iterations": 4
      },
      "joint_recovery_complete_boundary": {
        "label": "joint_valid_for_boundary",
        "status": "bracketed_first_failure",
        "center_safe": true,
        "all_safe": false,
        "first_failure_bracket": {
          "lower_amplitude_pu": 0.19565,
          "upper_amplitude_pu": 0.2009375,
          "from_safe": true,
          "to_safe": false
        },
        "transitions": [
          {
            "lower_amplitude_pu": 0.19565,
            "upper_amplitude_pu": 0.2009375,
            "from_safe": true,
            "to_safe": false
          }
        ],
        "non_star_shaped": false,
        "search_upper_amplitude_pu": 0.3,
        "conservative_safe_amplitude_pu": 0.19565,
        "first_failure_amplitude_pu": 0.2009375,
        "bracket_width_pu": 0.0052875000000000005,
        "tolerance_pu": 0.01,
        "precision_status": "within_frozen_tolerance",
        "bisection_iterations": 0
      },
      "solver_failure_total": 0,
      "recovery_phase_physical_violation_case_files": [],
      "evaluation_count": 11
    },
    {
      "wave_ray_index": 35,
      "global_ray_key": {
        "power_pu": 0.9,
        "soc": 0.5,
        "phase_rad": 1.5707963267948966,
        "controller": "MPC",
        "frequency_label": "q0.99"
      },
      "coarse_scan": {
        "amplitude_grid_pu": [
          0.0,
          0.024548310554290048,
          0.0544,
          0.0982,
          0.1322,
          0.2168,
          0.3
        ],
        "evaluation_count": 7,
        "forcing_stage": {
          "label": "forcing_stage_safe",
          "status": "bracketed_first_failure",
          "center_safe": true,
          "all_safe": false,
          "first_failure_bracket": {
            "lower_amplitude_pu": 0.1322,
            "upper_amplitude_pu": 0.2168,
            "from_safe": true,
            "to_safe": false
          },
          "transitions": [
            {
              "lower_amplitude_pu": 0.1322,
              "upper_amplitude_pu": 0.2168,
              "from_safe": true,
              "to_safe": false
            }
          ],
          "non_star_shaped": false,
          "search_upper_amplitude_pu": 0.3
        },
        "joint_recovery": {
          "label": "joint_valid_for_boundary",
          "status": "bracketed_first_failure",
          "center_safe": true,
          "all_safe": false,
          "first_failure_bracket": {
            "lower_amplitude_pu": 0.0544,
            "upper_amplitude_pu": 0.0982,
            "from_safe": true,
            "to_safe": false
          },
          "transitions": [
            {
              "lower_amplitude_pu": 0.0544,
              "upper_amplitude_pu": 0.0982,
              "from_safe": true,
              "to_safe": false
            }
          ],
          "non_star_shaped": false,
          "search_upper_amplitude_pu": 0.3
        }
      },
      "forcing_stage_boundary": {
        "label": "forcing_stage_safe",
        "status": "bracketed_first_failure",
        "center_safe": true,
        "all_safe": false,
        "first_failure_bracket": {
          "lower_amplitude_pu": 0.206225,
          "upper_amplitude_pu": 0.2115125,
          "from_safe": true,
          "to_safe": false
        },
        "transitions": [
          {
            "lower_amplitude_pu": 0.206225,
            "upper_amplitude_pu": 0.2115125,
            "from_safe": true,
            "to_safe": false
          }
        ],
        "non_star_shaped": false,
        "search_upper_amplitude_pu": 0.3,
        "conservative_safe_amplitude_pu": 0.206225,
        "first_failure_amplitude_pu": 0.2115125,
        "bracket_width_pu": 0.0052875000000000005,
        "tolerance_pu": 0.01,
        "precision_status": "within_frozen_tolerance",
        "bisection_iterations": 4
      },
      "joint_recovery_complete_boundary": {
        "label": "joint_valid_for_boundary",
        "status": "bracketed_first_failure",
        "center_safe": true,
        "all_safe": false,
        "first_failure_bracket": {
          "lower_amplitude_pu": 0.08177499999999999,
          "upper_amplitude_pu": 0.08725,
          "from_safe": true,
          "to_safe": false
        },
        "transitions": [
          {
            "lower_amplitude_pu": 0.08177499999999999,
            "upper_amplitude_pu": 0.08725,
            "from_safe": true,
            "to_safe": false
          }
        ],
        "non_star_shaped": false,
        "search_upper_amplitude_pu": 0.3,
        "conservative_safe_amplitude_pu": 0.08177499999999999,
        "first_failure_amplitude_pu": 0.08725,
        "bracket_width_pu": 0.005475000000000008,
        "tolerance_pu": 0.01,
        "precision_status": "within_frozen_tolerance",
        "bisection_iterations": 3
      },
      "solver_failure_total": 0,
      "recovery_phase_physical_violation_case_files": [],
      "evaluation_count": 14
    },
    {
      "wave_ray_index": 36,
      "global_ray_key": {
        "power_pu": 0.9,
        "soc": 0.5,
        "phase_rad": 3.141592653589793,
        "controller": "PID",
        "frequency_label": "q0.99"
      },
      "coarse_scan": {
        "amplitude_grid_pu": [
          0.0,
          0.024548310554290048,
          0.0544,
          0.0982,
          0.1322,
          0.2168,
          0.3
        ],
        "evaluation_count": 7,
        "forcing_stage": {
          "label": "forcing_stage_safe",
          "status": "bracketed_first_failure",
          "center_safe": true,
          "all_safe": false,
          "first_failure_bracket": {
            "lower_amplitude_pu": 0.1322,
            "upper_amplitude_pu": 0.2168,
            "from_safe": true,
            "to_safe": false
          },
          "transitions": [
            {
              "lower_amplitude_pu": 0.1322,
              "upper_amplitude_pu": 0.2168,
              "from_safe": true,
              "to_safe": false
            }
          ],
          "non_star_shaped": false,
          "search_upper_amplitude_pu": 0.3
        },
        "joint_recovery": {
          "label": "joint_valid_for_boundary",
          "status": "bracketed_first_failure",
          "center_safe": true,
          "all_safe": false,
          "first_failure_bracket": {
            "lower_amplitude_pu": 0.1322,
            "upper_amplitude_pu": 0.2168,
            "from_safe": true,
            "to_safe": false
          },
          "transitions": [
            {
              "lower_amplitude_pu": 0.1322,
              "upper_amplitude_pu": 0.2168,
              "from_safe": true,
              "to_safe": false
            }
          ],
          "non_star_shaped": false,
          "search_upper_amplitude_pu": 0.3
        }
      },
      "forcing_stage_boundary": {
        "label": "forcing_stage_safe",
        "status": "bracketed_first_failure",
        "center_safe": true,
        "all_safe": false,
        "first_failure_bracket": {
          "lower_amplitude_pu": 0.19565,
          "upper_amplitude_pu": 0.2009375,
          "from_safe": true,
          "to_safe": false
        },
        "transitions": [
          {
            "lower_amplitude_pu": 0.19565,
            "upper_amplitude_pu": 0.2009375,
            "from_safe": true,
            "to_safe": false
          }
        ],
        "non_star_shaped": false,
        "search_upper_amplitude_pu": 0.3,
        "conservative_safe_amplitude_pu": 0.19565,
        "first_failure_amplitude_pu": 0.2009375,
        "bracket_width_pu": 0.0052875000000000005,
        "tolerance_pu": 0.01,
        "precision_status": "within_frozen_tolerance",
        "bisection_iterations": 4
      },
      "joint_recovery_complete_boundary": {
        "label": "joint_valid_for_boundary",
        "status": "bracketed_first_failure",
        "center_safe": true,
        "all_safe": false,
        "first_failure_bracket": {
          "lower_amplitude_pu": 0.19565,
          "upper_amplitude_pu": 0.2009375,
          "from_safe": true,
          "to_safe": false
        },
        "transitions": [
          {
            "lower_amplitude_pu": 0.19565,
            "upper_amplitude_pu": 0.2009375,
            "from_safe": true,
            "to_safe": false
          }
        ],
        "non_star_shaped": false,
        "search_upper_amplitude_pu": 0.3,
        "conservative_safe_amplitude_pu": 0.19565,
        "first_failure_amplitude_pu": 0.2009375,
        "bracket_width_pu": 0.0052875000000000005,
        "tolerance_pu": 0.01,
        "precision_status": "within_frozen_tolerance",
        "bisection_iterations": 0
      },
      "solver_failure_total": 0,
      "recovery_phase_physical_violation_case_files": [],
      "evaluation_count": 11
    },
    {
      "wave_ray_index": 37,
      "global_ray_key": {
        "power_pu": 0.9,
        "soc": 0.5,
        "phase_rad": 3.141592653589793,
        "controller": "MPC",
        "frequency_label": "q0.99"
      },
      "coarse_scan": {
        "amplitude_grid_pu": [
          0.0,
          0.024548310554290048,
          0.0544,
          0.0982,
          0.1322,
          0.2168,
          0.3
        ],
        "evaluation_count": 7,
        "forcing_stage": {
          "label": "forcing_stage_safe",
          "status": "bracketed_first_failure",
          "center_safe": true,
          "all_safe": false,
          "first_failure_bracket": {
            "lower_amplitude_pu": 0.1322,
            "upper_amplitude_pu": 0.2168,
            "from_safe": true,
            "to_safe": false
          },
          "transitions": [
            {
              "lower_amplitude_pu": 0.1322,
              "upper_amplitude_pu": 0.2168,
              "from_safe": true,
              "to_safe": false
            }
          ],
          "non_star_shaped": false,
          "search_upper_amplitude_pu": 0.3
        },
        "joint_recovery": {
          "label": "joint_valid_for_boundary",
          "status": "bracketed_first_failure",
          "center_safe": true,
          "all_safe": false,
          "first_failure_bracket": {
            "lower_amplitude_pu": 0.1322,
            "upper_amplitude_pu": 0.2168,
            "from_safe": true,
            "to_safe": false
          },
          "transitions": [
            {
              "lower_amplitude_pu": 0.1322,
              "upper_amplitude_pu": 0.2168,
              "from_safe": true,
              "to_safe": false
            }
          ],
          "non_star_shaped": false,
          "search_upper_amplitude_pu": 0.3
        }
      },
      "forcing_stage_boundary": {
        "label": "forcing_stage_safe",
        "status": "bracketed_first_failure",
        "center_safe": true,
        "all_safe": false,
        "first_failure_bracket": {
          "lower_amplitude_pu": 0.206225,
          "upper_amplitude_pu": 0.2115125,
          "from_safe": true,
          "to_safe": false
        },
        "transitions": [
          {
            "lower_amplitude_pu": 0.206225,
            "upper_amplitude_pu": 0.2115125,
            "from_safe": true,
            "to_safe": false
          }
        ],
        "non_star_shaped": false,
        "search_upper_amplitude_pu": 0.3,
        "conservative_safe_amplitude_pu": 0.206225,
        "first_failure_amplitude_pu": 0.2115125,
        "bracket_width_pu": 0.0052875000000000005,
        "tolerance_pu": 0.01,
        "precision_status": "within_frozen_tolerance",
        "bisection_iterations": 4
      },
      "joint_recovery_complete_boundary": {
        "label": "joint_valid_for_boundary",
        "status": "bracketed_first_failure",
        "center_safe": true,
        "all_safe": false,
        "first_failure_bracket": {
          "lower_amplitude_pu": 0.206225,
          "upper_amplitude_pu": 0.2115125,
          "from_safe": true,
          "to_safe": false
        },
        "transitions": [
          {
            "lower_amplitude_pu": 0.206225,
            "upper_amplitude_pu": 0.2115125,
            "from_safe": true,
            "to_safe": false
          }
        ],
        "non_star_shaped": false,
        "search_upper_amplitude_pu": 0.3,
        "conservative_safe_amplitude_pu": 0.206225,
        "first_failure_amplitude_pu": 0.2115125,
        "bracket_width_pu": 0.0052875000000000005,
        "tolerance_pu": 0.01,
        "precision_status": "within_frozen_tolerance",
        "bisection_iterations": 0
      },
      "solver_failure_total": 0,
      "recovery_phase_physical_violation_case_files": [],
      "evaluation_count": 11
    },
    {
      "wave_ray_index": 38,
      "global_ray_key": {
        "power_pu": 0.9,
        "soc": 0.5,
        "phase_rad": 4.71238898038469,
        "controller": "PID",
        "frequency_label": "q0.99"
      },
      "coarse_scan": {
        "amplitude_grid_pu": [
          0.0,
          0.024548310554290048,
          0.0544,
          0.0982,
          0.1322,
          0.2168,
          0.3
        ],
        "evaluation_count": 7,
        "forcing_stage": {
          "label": "forcing_stage_safe",
          "status": "bracketed_first_failure",
          "center_safe": true,
          "all_safe": false,
          "first_failure_bracket": {
            "lower_amplitude_pu": 0.1322,
            "upper_amplitude_pu": 0.2168,
            "from_safe": true,
            "to_safe": false
          },
          "transitions": [
            {
              "lower_amplitude_pu": 0.1322,
              "upper_amplitude_pu": 0.2168,
              "from_safe": true,
              "to_safe": false
            }
          ],
          "non_star_shaped": false,
          "search_upper_amplitude_pu": 0.3
        },
        "joint_recovery": {
          "label": "joint_valid_for_boundary",
          "status": "bracketed_first_failure",
          "center_safe": true,
          "all_safe": false,
          "first_failure_bracket": {
            "lower_amplitude_pu": 0.1322,
            "upper_amplitude_pu": 0.2168,
            "from_safe": true,
            "to_safe": false
          },
          "transitions": [
            {
              "lower_amplitude_pu": 0.1322,
              "upper_amplitude_pu": 0.2168,
              "from_safe": true,
              "to_safe": false
            }
          ],
          "non_star_shaped": false,
          "search_upper_amplitude_pu": 0.3
        }
      },
      "forcing_stage_boundary": {
        "label": "forcing_stage_safe",
        "status": "bracketed_first_failure",
        "center_safe": true,
        "all_safe": false,
        "first_failure_bracket": {
          "lower_amplitude_pu": 0.14806249999999999,
          "upper_amplitude_pu": 0.15335,
          "from_safe": true,
          "to_safe": false
        },
        "transitions": [
          {
            "lower_amplitude_pu": 0.14806249999999999,
            "upper_amplitude_pu": 0.15335,
            "from_safe": true,
            "to_safe": false
          }
        ],
        "non_star_shaped": false,
        "search_upper_amplitude_pu": 0.3,
        "conservative_safe_amplitude_pu": 0.14806249999999999,
        "first_failure_amplitude_pu": 0.15335,
        "bracket_width_pu": 0.0052875000000000005,
        "tolerance_pu": 0.01,
        "precision_status": "within_frozen_tolerance",
        "bisection_iterations": 4
      },
      "joint_recovery_complete_boundary": {
        "label": "joint_valid_for_boundary",
        "status": "bracketed_first_failure",
        "center_safe": true,
        "all_safe": false,
        "first_failure_bracket": {
          "lower_amplitude_pu": 0.14806249999999999,
          "upper_amplitude_pu": 0.15335,
          "from_safe": true,
          "to_safe": false
        },
        "transitions": [
          {
            "lower_amplitude_pu": 0.14806249999999999,
            "upper_amplitude_pu": 0.15335,
            "from_safe": true,
            "to_safe": false
          }
        ],
        "non_star_shaped": false,
        "search_upper_amplitude_pu": 0.3,
        "conservative_safe_amplitude_pu": 0.14806249999999999,
        "first_failure_amplitude_pu": 0.15335,
        "bracket_width_pu": 0.0052875000000000005,
        "tolerance_pu": 0.01,
        "precision_status": "within_frozen_tolerance",
        "bisection_iterations": 0
      },
      "solver_failure_total": 0,
      "recovery_phase_physical_violation_case_files": [],
      "evaluation_count": 11
    },
    {
      "wave_ray_index": 39,
      "global_ray_key": {
        "power_pu": 0.9,
        "soc": 0.5,
        "phase_rad": 4.71238898038469,
        "controller": "MPC",
        "frequency_label": "q0.99"
      },
      "coarse_scan": {
        "amplitude_grid_pu": [
          0.0,
          0.024548310554290048,
          0.0544,
          0.0982,
          0.1322,
          0.2168,
          0.3
        ],
        "evaluation_count": 7,
        "forcing_stage": {
          "label": "forcing_stage_safe",
          "status": "bracketed_first_failure",
          "center_safe": true,
          "all_safe": false,
          "first_failure_bracket": {
            "lower_amplitude_pu": 0.1322,
            "upper_amplitude_pu": 0.2168,
            "from_safe": true,
            "to_safe": false
          },
          "transitions": [
            {
              "lower_amplitude_pu": 0.1322,
              "upper_amplitude_pu": 0.2168,
              "from_safe": true,
              "to_safe": false
            }
          ],
          "non_star_shaped": false,
          "search_upper_amplitude_pu": 0.3
        },
        "joint_recovery": {
          "label": "joint_valid_for_boundary",
          "status": "bracketed_first_failure",
          "center_safe": true,
          "all_safe": false,
          "first_failure_bracket": {
            "lower_amplitude_pu": 0.1322,
            "upper_amplitude_pu": 0.2168,
            "from_safe": true,
            "to_safe": false
          },
          "transitions": [
            {
              "lower_amplitude_pu": 0.1322,
              "upper_amplitude_pu": 0.2168,
              "from_safe": true,
              "to_safe": false
            }
          ],
          "non_star_shaped": false,
          "search_upper_amplitude_pu": 0.3
        }
      },
      "forcing_stage_boundary": {
        "label": "forcing_stage_safe",
        "status": "bracketed_first_failure",
        "center_safe": true,
        "all_safe": false,
        "first_failure_bracket": {
          "lower_amplitude_pu": 0.1586375,
          "upper_amplitude_pu": 0.163925,
          "from_safe": true,
          "to_safe": false
        },
        "transitions": [
          {
            "lower_amplitude_pu": 0.1586375,
            "upper_amplitude_pu": 0.163925,
            "from_safe": true,
            "to_safe": false
          }
        ],
        "non_star_shaped": false,
        "search_upper_amplitude_pu": 0.3,
        "conservative_safe_amplitude_pu": 0.1586375,
        "first_failure_amplitude_pu": 0.163925,
        "bracket_width_pu": 0.0052875000000000005,
        "tolerance_pu": 0.01,
        "precision_status": "within_frozen_tolerance",
        "bisection_iterations": 4
      },
      "joint_recovery_complete_boundary": {
        "label": "joint_valid_for_boundary",
        "status": "bracketed_first_failure",
        "center_safe": true,
        "all_safe": false,
        "first_failure_bracket": {
          "lower_amplitude_pu": 0.1586375,
          "upper_amplitude_pu": 0.163925,
          "from_safe": true,
          "to_safe": false
        },
        "transitions": [
          {
            "lower_amplitude_pu": 0.1586375,
            "upper_amplitude_pu": 0.163925,
            "from_safe": true,
            "to_safe": false
          }
        ],
        "non_star_shaped": false,
        "search_upper_amplitude_pu": 0.3,
        "conservative_safe_amplitude_pu": 0.1586375,
        "first_failure_amplitude_pu": 0.163925,
        "bracket_width_pu": 0.0052875000000000005,
        "tolerance_pu": 0.01,
        "precision_status": "within_frozen_tolerance",
        "bisection_iterations": 0
      },
      "solver_failure_total": 0,
      "recovery_phase_physical_violation_case_files": [],
      "evaluation_count": 11
    },
    {
      "wave_ray_index": 40,
      "global_ray_key": {
        "power_pu": 0.9,
        "soc": 0.8,
        "phase_rad": 0.0,
        "controller": "PID",
        "frequency_label": "q0.99"
      },
      "coarse_scan": {
        "amplitude_grid_pu": [
          0.0,
          0.024548310554290048,
          0.0544,
          0.0982,
          0.1322,
          0.2168,
          0.3
        ],
        "evaluation_count": 7,
        "forcing_stage": {
          "label": "forcing_stage_safe",
          "status": "bracketed_first_failure",
          "center_safe": true,
          "all_safe": false,
          "first_failure_bracket": {
            "lower_amplitude_pu": 0.1322,
            "upper_amplitude_pu": 0.2168,
            "from_safe": true,
            "to_safe": false
          },
          "transitions": [
            {
              "lower_amplitude_pu": 0.1322,
              "upper_amplitude_pu": 0.2168,
              "from_safe": true,
              "to_safe": false
            }
          ],
          "non_star_shaped": false,
          "search_upper_amplitude_pu": 0.3
        },
        "joint_recovery": {
          "label": "joint_valid_for_boundary",
          "status": "bracketed_first_failure",
          "center_safe": true,
          "all_safe": false,
          "first_failure_bracket": {
            "lower_amplitude_pu": 0.1322,
            "upper_amplitude_pu": 0.2168,
            "from_safe": true,
            "to_safe": false
          },
          "transitions": [
            {
              "lower_amplitude_pu": 0.1322,
              "upper_amplitude_pu": 0.2168,
              "from_safe": true,
              "to_safe": false
            }
          ],
          "non_star_shaped": false,
          "search_upper_amplitude_pu": 0.3
        }
      },
      "forcing_stage_boundary": {
        "label": "forcing_stage_safe",
        "status": "bracketed_first_failure",
        "center_safe": true,
        "all_safe": false,
        "first_failure_bracket": {
          "lower_amplitude_pu": 0.19565,
          "upper_amplitude_pu": 0.2009375,
          "from_safe": true,
          "to_safe": false
        },
        "transitions": [
          {
            "lower_amplitude_pu": 0.19565,
            "upper_amplitude_pu": 0.2009375,
            "from_safe": true,
            "to_safe": false
          }
        ],
        "non_star_shaped": false,
        "search_upper_amplitude_pu": 0.3,
        "conservative_safe_amplitude_pu": 0.19565,
        "first_failure_amplitude_pu": 0.2009375,
        "bracket_width_pu": 0.0052875000000000005,
        "tolerance_pu": 0.01,
        "precision_status": "within_frozen_tolerance",
        "bisection_iterations": 4
      },
      "joint_recovery_complete_boundary": {
        "label": "joint_valid_for_boundary",
        "status": "bracketed_first_failure",
        "center_safe": true,
        "all_safe": false,
        "first_failure_bracket": {
          "lower_amplitude_pu": 0.19565,
          "upper_amplitude_pu": 0.2009375,
          "from_safe": true,
          "to_safe": false
        },
        "transitions": [
          {
            "lower_amplitude_pu": 0.19565,
            "upper_amplitude_pu": 0.2009375,
            "from_safe": true,
            "to_safe": false
          }
        ],
        "non_star_shaped": false,
        "search_upper_amplitude_pu": 0.3,
        "conservative_safe_amplitude_pu": 0.19565,
        "first_failure_amplitude_pu": 0.2009375,
        "bracket_width_pu": 0.0052875000000000005,
        "tolerance_pu": 0.01,
        "precision_status": "within_frozen_tolerance",
        "bisection_iterations": 0
      },
      "solver_failure_total": 0,
      "recovery_phase_physical_violation_case_files": [],
      "evaluation_count": 11
    },
    {
      "wave_ray_index": 41,
      "global_ray_key": {
        "power_pu": 0.9,
        "soc": 0.8,
        "phase_rad": 0.0,
        "controller": "MPC",
        "frequency_label": "q0.99"
      },
      "coarse_scan": {
        "amplitude_grid_pu": [
          0.0,
          0.024548310554290048,
          0.0544,
          0.0982,
          0.1322,
          0.2168,
          0.3
        ],
        "evaluation_count": 7,
        "forcing_stage": {
          "label": "forcing_stage_safe",
          "status": "bracketed_first_failure",
          "center_safe": true,
          "all_safe": false,
          "first_failure_bracket": {
            "lower_amplitude_pu": 0.1322,
            "upper_amplitude_pu": 0.2168,
            "from_safe": true,
            "to_safe": false
          },
          "transitions": [
            {
              "lower_amplitude_pu": 0.1322,
              "upper_amplitude_pu": 0.2168,
              "from_safe": true,
              "to_safe": false
            }
          ],
          "non_star_shaped": false,
          "search_upper_amplitude_pu": 0.3
        },
        "joint_recovery": {
          "label": "joint_valid_for_boundary",
          "status": "bracketed_first_failure",
          "center_safe": true,
          "all_safe": false,
          "first_failure_bracket": {
            "lower_amplitude_pu": 0.024548310554290048,
            "upper_amplitude_pu": 0.0544,
            "from_safe": true,
            "to_safe": false
          },
          "transitions": [
            {
              "lower_amplitude_pu": 0.024548310554290048,
              "upper_amplitude_pu": 0.0544,
              "from_safe": true,
              "to_safe": false
            },
            {
              "lower_amplitude_pu": 0.0982,
              "upper_amplitude_pu": 0.1322,
              "from_safe": false,
              "to_safe": true
            },
            {
              "lower_amplitude_pu": 0.1322,
              "upper_amplitude_pu": 0.2168,
              "from_safe": true,
              "to_safe": false
            }
          ],
          "non_star_shaped": true,
          "search_upper_amplitude_pu": 0.3
        }
      },
      "forcing_stage_boundary": {
        "label": "forcing_stage_safe",
        "status": "bracketed_first_failure",
        "center_safe": true,
        "all_safe": false,
        "first_failure_bracket": {
          "lower_amplitude_pu": 0.206225,
          "upper_amplitude_pu": 0.2115125,
          "from_safe": true,
          "to_safe": false
        },
        "transitions": [
          {
            "lower_amplitude_pu": 0.206225,
            "upper_amplitude_pu": 0.2115125,
            "from_safe": true,
            "to_safe": false
          }
        ],
        "non_star_shaped": false,
        "search_upper_amplitude_pu": 0.3,
        "conservative_safe_amplitude_pu": 0.206225,
        "first_failure_amplitude_pu": 0.2115125,
        "bracket_width_pu": 0.0052875000000000005,
        "tolerance_pu": 0.01,
        "precision_status": "within_frozen_tolerance",
        "bisection_iterations": 4
      },
      "joint_recovery_complete_boundary": {
        "label": "joint_valid_for_boundary",
        "status": "bracketed_first_failure",
        "center_safe": true,
        "all_safe": false,
        "first_failure_bracket": {
          "lower_amplitude_pu": 0.03201123291571754,
          "upper_amplitude_pu": 0.039474155277145026,
          "from_safe": true,
          "to_safe": false
        },
        "transitions": [
          {
            "lower_amplitude_pu": 0.03201123291571754,
            "upper_amplitude_pu": 0.039474155277145026,
            "from_safe": true,
            "to_safe": false
          },
          {
            "lower_amplitude_pu": 0.0982,
            "upper_amplitude_pu": 0.1322,
            "from_safe": false,
            "to_safe": true
          },
          {
            "lower_amplitude_pu": 0.206225,
            "upper_amplitude_pu": 0.2115125,
            "from_safe": true,
            "to_safe": false
          }
        ],
        "non_star_shaped": true,
        "search_upper_amplitude_pu": 0.3,
        "conservative_safe_amplitude_pu": 0.03201123291571754,
        "first_failure_amplitude_pu": 0.039474155277145026,
        "bracket_width_pu": 0.007462922361427489,
        "tolerance_pu": 0.01,
        "precision_status": "within_frozen_tolerance",
        "bisection_iterations": 2
      },
      "solver_failure_total": 0,
      "recovery_phase_physical_violation_case_files": [],
      "evaluation_count": 13
    },
    {
      "wave_ray_index": 42,
      "global_ray_key": {
        "power_pu": 0.9,
        "soc": 0.8,
        "phase_rad": 1.5707963267948966,
        "controller": "PID",
        "frequency_label": "q0.99"
      },
      "coarse_scan": {
        "amplitude_grid_pu": [
          0.0,
          0.024548310554290048,
          0.0544,
          0.0982,
          0.1322,
          0.2168,
          0.3
        ],
        "evaluation_count": 7,
        "forcing_stage": {
          "label": "forcing_stage_safe",
          "status": "bracketed_first_failure",
          "center_safe": true,
          "all_safe": false,
          "first_failure_bracket": {
            "lower_amplitude_pu": 0.1322,
            "upper_amplitude_pu": 0.2168,
            "from_safe": true,
            "to_safe": false
          },
          "transitions": [
            {
              "lower_amplitude_pu": 0.1322,
              "upper_amplitude_pu": 0.2168,
              "from_safe": true,
              "to_safe": false
            }
          ],
          "non_star_shaped": false,
          "search_upper_amplitude_pu": 0.3
        },
        "joint_recovery": {
          "label": "joint_valid_for_boundary",
          "status": "bracketed_first_failure",
          "center_safe": true,
          "all_safe": false,
          "first_failure_bracket": {
            "lower_amplitude_pu": 0.1322,
            "upper_amplitude_pu": 0.2168,
            "from_safe": true,
            "to_safe": false
          },
          "transitions": [
            {
              "lower_amplitude_pu": 0.1322,
              "upper_amplitude_pu": 0.2168,
              "from_safe": true,
              "to_safe": false
            }
          ],
          "non_star_shaped": false,
          "search_upper_amplitude_pu": 0.3
        }
      },
      "forcing_stage_boundary": {
        "label": "forcing_stage_safe",
        "status": "bracketed_first_failure",
        "center_safe": true,
        "all_safe": false,
        "first_failure_bracket": {
          "lower_amplitude_pu": 0.19565,
          "upper_amplitude_pu": 0.2009375,
          "from_safe": true,
          "to_safe": false
        },
        "transitions": [
          {
            "lower_amplitude_pu": 0.19565,
            "upper_amplitude_pu": 0.2009375,
            "from_safe": true,
            "to_safe": false
          }
        ],
        "non_star_shaped": false,
        "search_upper_amplitude_pu": 0.3,
        "conservative_safe_amplitude_pu": 0.19565,
        "first_failure_amplitude_pu": 0.2009375,
        "bracket_width_pu": 0.0052875000000000005,
        "tolerance_pu": 0.01,
        "precision_status": "within_frozen_tolerance",
        "bisection_iterations": 4
      },
      "joint_recovery_complete_boundary": {
        "label": "joint_valid_for_boundary",
        "status": "bracketed_first_failure",
        "center_safe": true,
        "all_safe": false,
        "first_failure_bracket": {
          "lower_amplitude_pu": 0.19565,
          "upper_amplitude_pu": 0.2009375,
          "from_safe": true,
          "to_safe": false
        },
        "transitions": [
          {
            "lower_amplitude_pu": 0.19565,
            "upper_amplitude_pu": 0.2009375,
            "from_safe": true,
            "to_safe": false
          }
        ],
        "non_star_shaped": false,
        "search_upper_amplitude_pu": 0.3,
        "conservative_safe_amplitude_pu": 0.19565,
        "first_failure_amplitude_pu": 0.2009375,
        "bracket_width_pu": 0.0052875000000000005,
        "tolerance_pu": 0.01,
        "precision_status": "within_frozen_tolerance",
        "bisection_iterations": 0
      },
      "solver_failure_total": 0,
      "recovery_phase_physical_violation_case_files": [],
      "evaluation_count": 11
    },
    {
      "wave_ray_index": 43,
      "global_ray_key": {
        "power_pu": 0.9,
        "soc": 0.8,
        "phase_rad": 1.5707963267948966,
        "controller": "MPC",
        "frequency_label": "q0.99"
      },
      "coarse_scan": {
        "amplitude_grid_pu": [
          0.0,
          0.024548310554290048,
          0.0544,
          0.0982,
          0.1322,
          0.2168,
          0.3
        ],
        "evaluation_count": 7,
        "forcing_stage": {
          "label": "forcing_stage_safe",
          "status": "bracketed_first_failure",
          "center_safe": true,
          "all_safe": false,
          "first_failure_bracket": {
            "lower_amplitude_pu": 0.1322,
            "upper_amplitude_pu": 0.2168,
            "from_safe": true,
            "to_safe": false
          },
          "transitions": [
            {
              "lower_amplitude_pu": 0.1322,
              "upper_amplitude_pu": 0.2168,
              "from_safe": true,
              "to_safe": false
            }
          ],
          "non_star_shaped": false,
          "search_upper_amplitude_pu": 0.3
        },
        "joint_recovery": {
          "label": "joint_valid_for_boundary",
          "status": "bracketed_first_failure",
          "center_safe": true,
          "all_safe": false,
          "first_failure_bracket": {
            "lower_amplitude_pu": 0.0544,
            "upper_amplitude_pu": 0.0982,
            "from_safe": true,
            "to_safe": false
          },
          "transitions": [
            {
              "lower_amplitude_pu": 0.0544,
              "upper_amplitude_pu": 0.0982,
              "from_safe": true,
              "to_safe": false
            }
          ],
          "non_star_shaped": false,
          "search_upper_amplitude_pu": 0.3
        }
      },
      "forcing_stage_boundary": {
        "label": "forcing_stage_safe",
        "status": "bracketed_first_failure",
        "center_safe": true,
        "all_safe": false,
        "first_failure_bracket": {
          "lower_amplitude_pu": 0.206225,
          "upper_amplitude_pu": 0.2115125,
          "from_safe": true,
          "to_safe": false
        },
        "transitions": [
          {
            "lower_amplitude_pu": 0.206225,
            "upper_amplitude_pu": 0.2115125,
            "from_safe": true,
            "to_safe": false
          }
        ],
        "non_star_shaped": false,
        "search_upper_amplitude_pu": 0.3,
        "conservative_safe_amplitude_pu": 0.206225,
        "first_failure_amplitude_pu": 0.2115125,
        "bracket_width_pu": 0.0052875000000000005,
        "tolerance_pu": 0.01,
        "precision_status": "within_frozen_tolerance",
        "bisection_iterations": 4
      },
      "joint_recovery_complete_boundary": {
        "label": "joint_valid_for_boundary",
        "status": "bracketed_first_failure",
        "center_safe": true,
        "all_safe": false,
        "first_failure_bracket": {
          "lower_amplitude_pu": 0.08177499999999999,
          "upper_amplitude_pu": 0.08725,
          "from_safe": true,
          "to_safe": false
        },
        "transitions": [
          {
            "lower_amplitude_pu": 0.08177499999999999,
            "upper_amplitude_pu": 0.08725,
            "from_safe": true,
            "to_safe": false
          }
        ],
        "non_star_shaped": false,
        "search_upper_amplitude_pu": 0.3,
        "conservative_safe_amplitude_pu": 0.08177499999999999,
        "first_failure_amplitude_pu": 0.08725,
        "bracket_width_pu": 0.005475000000000008,
        "tolerance_pu": 0.01,
        "precision_status": "within_frozen_tolerance",
        "bisection_iterations": 3
      },
      "solver_failure_total": 0,
      "recovery_phase_physical_violation_case_files": [],
      "evaluation_count": 14
    },
    {
      "wave_ray_index": 44,
      "global_ray_key": {
        "power_pu": 0.9,
        "soc": 0.8,
        "phase_rad": 3.141592653589793,
        "controller": "PID",
        "frequency_label": "q0.99"
      },
      "coarse_scan": {
        "amplitude_grid_pu": [
          0.0,
          0.024548310554290048,
          0.0544,
          0.0982,
          0.1322,
          0.2168,
          0.3
        ],
        "evaluation_count": 7,
        "forcing_stage": {
          "label": "forcing_stage_safe",
          "status": "bracketed_first_failure",
          "center_safe": true,
          "all_safe": false,
          "first_failure_bracket": {
            "lower_amplitude_pu": 0.1322,
            "upper_amplitude_pu": 0.2168,
            "from_safe": true,
            "to_safe": false
          },
          "transitions": [
            {
              "lower_amplitude_pu": 0.1322,
              "upper_amplitude_pu": 0.2168,
              "from_safe": true,
              "to_safe": false
            }
          ],
          "non_star_shaped": false,
          "search_upper_amplitude_pu": 0.3
        },
        "joint_recovery": {
          "label": "joint_valid_for_boundary",
          "status": "bracketed_first_failure",
          "center_safe": true,
          "all_safe": false,
          "first_failure_bracket": {
            "lower_amplitude_pu": 0.1322,
            "upper_amplitude_pu": 0.2168,
            "from_safe": true,
            "to_safe": false
          },
          "transitions": [
            {
              "lower_amplitude_pu": 0.1322,
              "upper_amplitude_pu": 0.2168,
              "from_safe": true,
              "to_safe": false
            }
          ],
          "non_star_shaped": false,
          "search_upper_amplitude_pu": 0.3
        }
      },
      "forcing_stage_boundary": {
        "label": "forcing_stage_safe",
        "status": "bracketed_first_failure",
        "center_safe": true,
        "all_safe": false,
        "first_failure_bracket": {
          "lower_amplitude_pu": 0.19565,
          "upper_amplitude_pu": 0.2009375,
          "from_safe": true,
          "to_safe": false
        },
        "transitions": [
          {
            "lower_amplitude_pu": 0.19565,
            "upper_amplitude_pu": 0.2009375,
            "from_safe": true,
            "to_safe": false
          }
        ],
        "non_star_shaped": false,
        "search_upper_amplitude_pu": 0.3,
        "conservative_safe_amplitude_pu": 0.19565,
        "first_failure_amplitude_pu": 0.2009375,
        "bracket_width_pu": 0.0052875000000000005,
        "tolerance_pu": 0.01,
        "precision_status": "within_frozen_tolerance",
        "bisection_iterations": 4
      },
      "joint_recovery_complete_boundary": {
        "label": "joint_valid_for_boundary",
        "status": "bracketed_first_failure",
        "center_safe": true,
        "all_safe": false,
        "first_failure_bracket": {
          "lower_amplitude_pu": 0.19565,
          "upper_amplitude_pu": 0.2009375,
          "from_safe": true,
          "to_safe": false
        },
        "transitions": [
          {
            "lower_amplitude_pu": 0.19565,
            "upper_amplitude_pu": 0.2009375,
            "from_safe": true,
            "to_safe": false
          }
        ],
        "non_star_shaped": false,
        "search_upper_amplitude_pu": 0.3,
        "conservative_safe_amplitude_pu": 0.19565,
        "first_failure_amplitude_pu": 0.2009375,
        "bracket_width_pu": 0.0052875000000000005,
        "tolerance_pu": 0.01,
        "precision_status": "within_frozen_tolerance",
        "bisection_iterations": 0
      },
      "solver_failure_total": 0,
      "recovery_phase_physical_violation_case_files": [],
      "evaluation_count": 11
    },
    {
      "wave_ray_index": 45,
      "global_ray_key": {
        "power_pu": 0.9,
        "soc": 0.8,
        "phase_rad": 3.141592653589793,
        "controller": "MPC",
        "frequency_label": "q0.99"
      },
      "coarse_scan": {
        "amplitude_grid_pu": [
          0.0,
          0.024548310554290048,
          0.0544,
          0.0982,
          0.1322,
          0.2168,
          0.3
        ],
        "evaluation_count": 7,
        "forcing_stage": {
          "label": "forcing_stage_safe",
          "status": "bracketed_first_failure",
          "center_safe": true,
          "all_safe": false,
          "first_failure_bracket": {
            "lower_amplitude_pu": 0.1322,
            "upper_amplitude_pu": 0.2168,
            "from_safe": true,
            "to_safe": false
          },
          "transitions": [
            {
              "lower_amplitude_pu": 0.1322,
              "upper_amplitude_pu": 0.2168,
              "from_safe": true,
              "to_safe": false
            }
          ],
          "non_star_shaped": false,
          "search_upper_amplitude_pu": 0.3
        },
        "joint_recovery": {
          "label": "joint_valid_for_boundary",
          "status": "bracketed_first_failure",
          "center_safe": true,
          "all_safe": false,
          "first_failure_bracket": {
            "lower_amplitude_pu": 0.1322,
            "upper_amplitude_pu": 0.2168,
            "from_safe": true,
            "to_safe": false
          },
          "transitions": [
            {
              "lower_amplitude_pu": 0.1322,
              "upper_amplitude_pu": 0.2168,
              "from_safe": true,
              "to_safe": false
            }
          ],
          "non_star_shaped": false,
          "search_upper_amplitude_pu": 0.3
        }
      },
      "forcing_stage_boundary": {
        "label": "forcing_stage_safe",
        "status": "bracketed_first_failure",
        "center_safe": true,
        "all_safe": false,
        "first_failure_bracket": {
          "lower_amplitude_pu": 0.206225,
          "upper_amplitude_pu": 0.2115125,
          "from_safe": true,
          "to_safe": false
        },
        "transitions": [
          {
            "lower_amplitude_pu": 0.206225,
            "upper_amplitude_pu": 0.2115125,
            "from_safe": true,
            "to_safe": false
          }
        ],
        "non_star_shaped": false,
        "search_upper_amplitude_pu": 0.3,
        "conservative_safe_amplitude_pu": 0.206225,
        "first_failure_amplitude_pu": 0.2115125,
        "bracket_width_pu": 0.0052875000000000005,
        "tolerance_pu": 0.01,
        "precision_status": "within_frozen_tolerance",
        "bisection_iterations": 4
      },
      "joint_recovery_complete_boundary": {
        "label": "joint_valid_for_boundary",
        "status": "bracketed_first_failure",
        "center_safe": true,
        "all_safe": false,
        "first_failure_bracket": {
          "lower_amplitude_pu": 0.206225,
          "upper_amplitude_pu": 0.2115125,
          "from_safe": true,
          "to_safe": false
        },
        "transitions": [
          {
            "lower_amplitude_pu": 0.206225,
            "upper_amplitude_pu": 0.2115125,
            "from_safe": true,
            "to_safe": false
          }
        ],
        "non_star_shaped": false,
        "search_upper_amplitude_pu": 0.3,
        "conservative_safe_amplitude_pu": 0.206225,
        "first_failure_amplitude_pu": 0.2115125,
        "bracket_width_pu": 0.0052875000000000005,
        "tolerance_pu": 0.01,
        "precision_status": "within_frozen_tolerance",
        "bisection_iterations": 0
      },
      "solver_failure_total": 0,
      "recovery_phase_physical_violation_case_files": [],
      "evaluation_count": 11
    },
    {
      "wave_ray_index": 46,
      "global_ray_key": {
        "power_pu": 0.9,
        "soc": 0.8,
        "phase_rad": 4.71238898038469,
        "controller": "PID",
        "frequency_label": "q0.99"
      },
      "coarse_scan": {
        "amplitude_grid_pu": [
          0.0,
          0.024548310554290048,
          0.0544,
          0.0982,
          0.1322,
          0.2168,
          0.3
        ],
        "evaluation_count": 7,
        "forcing_stage": {
          "label": "forcing_stage_safe",
          "status": "bracketed_first_failure",
          "center_safe": true,
          "all_safe": false,
          "first_failure_bracket": {
            "lower_amplitude_pu": 0.1322,
            "upper_amplitude_pu": 0.2168,
            "from_safe": true,
            "to_safe": false
          },
          "transitions": [
            {
              "lower_amplitude_pu": 0.1322,
              "upper_amplitude_pu": 0.2168,
              "from_safe": true,
              "to_safe": false
            }
          ],
          "non_star_shaped": false,
          "search_upper_amplitude_pu": 0.3
        },
        "joint_recovery": {
          "label": "joint_valid_for_boundary",
          "status": "bracketed_first_failure",
          "center_safe": true,
          "all_safe": false,
          "first_failure_bracket": {
            "lower_amplitude_pu": 0.1322,
            "upper_amplitude_pu": 0.2168,
            "from_safe": true,
            "to_safe": false
          },
          "transitions": [
            {
              "lower_amplitude_pu": 0.1322,
              "upper_amplitude_pu": 0.2168,
              "from_safe": true,
              "to_safe": false
            }
          ],
          "non_star_shaped": false,
          "search_upper_amplitude_pu": 0.3
        }
      },
      "forcing_stage_boundary": {
        "label": "forcing_stage_safe",
        "status": "bracketed_first_failure",
        "center_safe": true,
        "all_safe": false,
        "first_failure_bracket": {
          "lower_amplitude_pu": 0.14806249999999999,
          "upper_amplitude_pu": 0.15335,
          "from_safe": true,
          "to_safe": false
        },
        "transitions": [
          {
            "lower_amplitude_pu": 0.14806249999999999,
            "upper_amplitude_pu": 0.15335,
            "from_safe": true,
            "to_safe": false
          }
        ],
        "non_star_shaped": false,
        "search_upper_amplitude_pu": 0.3,
        "conservative_safe_amplitude_pu": 0.14806249999999999,
        "first_failure_amplitude_pu": 0.15335,
        "bracket_width_pu": 0.0052875000000000005,
        "tolerance_pu": 0.01,
        "precision_status": "within_frozen_tolerance",
        "bisection_iterations": 4
      },
      "joint_recovery_complete_boundary": {
        "label": "joint_valid_for_boundary",
        "status": "bracketed_first_failure",
        "center_safe": true,
        "all_safe": false,
        "first_failure_bracket": {
          "lower_amplitude_pu": 0.14806249999999999,
          "upper_amplitude_pu": 0.15335,
          "from_safe": true,
          "to_safe": false
        },
        "transitions": [
          {
            "lower_amplitude_pu": 0.14806249999999999,
            "upper_amplitude_pu": 0.15335,
            "from_safe": true,
            "to_safe": false
          }
        ],
        "non_star_shaped": false,
        "search_upper_amplitude_pu": 0.3,
        "conservative_safe_amplitude_pu": 0.14806249999999999,
        "first_failure_amplitude_pu": 0.15335,
        "bracket_width_pu": 0.0052875000000000005,
        "tolerance_pu": 0.01,
        "precision_status": "within_frozen_tolerance",
        "bisection_iterations": 0
      },
      "solver_failure_total": 0,
      "recovery_phase_physical_violation_case_files": [],
      "evaluation_count": 11
    },
    {
      "wave_ray_index": 47,
      "global_ray_key": {
        "power_pu": 0.9,
        "soc": 0.8,
        "phase_rad": 4.71238898038469,
        "controller": "MPC",
        "frequency_label": "q0.99"
      },
      "coarse_scan": {
        "amplitude_grid_pu": [
          0.0,
          0.024548310554290048,
          0.0544,
          0.0982,
          0.1322,
          0.2168,
          0.3
        ],
        "evaluation_count": 7,
        "forcing_stage": {
          "label": "forcing_stage_safe",
          "status": "bracketed_first_failure",
          "center_safe": true,
          "all_safe": false,
          "first_failure_bracket": {
            "lower_amplitude_pu": 0.1322,
            "upper_amplitude_pu": 0.2168,
            "from_safe": true,
            "to_safe": false
          },
          "transitions": [
            {
              "lower_amplitude_pu": 0.1322,
              "upper_amplitude_pu": 0.2168,
              "from_safe": true,
              "to_safe": false
            }
          ],
          "non_star_shaped": false,
          "search_upper_amplitude_pu": 0.3
        },
        "joint_recovery": {
          "label": "joint_valid_for_boundary",
          "status": "bracketed_first_failure",
          "center_safe": true,
          "all_safe": false,
          "first_failure_bracket": {
            "lower_amplitude_pu": 0.1322,
            "upper_amplitude_pu": 0.2168,
            "from_safe": true,
            "to_safe": false
          },
          "transitions": [
            {
              "lower_amplitude_pu": 0.1322,
              "upper_amplitude_pu": 0.2168,
              "from_safe": true,
              "to_safe": false
            }
          ],
          "non_star_shaped": false,
          "search_upper_amplitude_pu": 0.3
        }
      },
      "forcing_stage_boundary": {
        "label": "forcing_stage_safe",
        "status": "bracketed_first_failure",
        "center_safe": true,
        "all_safe": false,
        "first_failure_bracket": {
          "lower_amplitude_pu": 0.1586375,
          "upper_amplitude_pu": 0.163925,
          "from_safe": true,
          "to_safe": false
        },
        "transitions": [
          {
            "lower_amplitude_pu": 0.1586375,
            "upper_amplitude_pu": 0.163925,
            "from_safe": true,
            "to_safe": false
          }
        ],
        "non_star_shaped": false,
        "search_upper_amplitude_pu": 0.3,
        "conservative_safe_amplitude_pu": 0.1586375,
        "first_failure_amplitude_pu": 0.163925,
        "bracket_width_pu": 0.0052875000000000005,
        "tolerance_pu": 0.01,
        "precision_status": "within_frozen_tolerance",
        "bisection_iterations": 4
      },
      "joint_recovery_complete_boundary": {
        "label": "joint_valid_for_boundary",
        "status": "bracketed_first_failure",
        "center_safe": true,
        "all_safe": false,
        "first_failure_bracket": {
          "lower_amplitude_pu": 0.1586375,
          "upper_amplitude_pu": 0.163925,
          "from_safe": true,
          "to_safe": false
        },
        "transitions": [
          {
            "lower_amplitude_pu": 0.1586375,
            "upper_amplitude_pu": 0.163925,
            "from_safe": true,
            "to_safe": false
          }
        ],
        "non_star_shaped": false,
        "search_upper_amplitude_pu": 0.3,
        "conservative_safe_amplitude_pu": 0.1586375,
        "first_failure_amplitude_pu": 0.163925,
        "bracket_width_pu": 0.0052875000000000005,
        "tolerance_pu": 0.01,
        "precision_status": "within_frozen_tolerance",
        "bisection_iterations": 0
      },
      "solver_failure_total": 0,
      "recovery_phase_physical_violation_case_files": [],
      "evaluation_count": 11
    },
    {
      "wave_ray_index": 48,
      "global_ray_key": {
        "power_pu": 1.0,
        "soc": 0.2,
        "phase_rad": 0.0,
        "controller": "PID",
        "frequency_label": "q0.99"
      },
      "coarse_scan": {
        "amplitude_grid_pu": [
          0.0,
          0.024548310554290048,
          0.0544,
          0.0982,
          0.1322,
          0.2168,
          0.3
        ],
        "evaluation_count": 7,
        "forcing_stage": {
          "label": "forcing_stage_safe",
          "status": "bracketed_first_failure",
          "center_safe": true,
          "all_safe": false,
          "first_failure_bracket": {
            "lower_amplitude_pu": 0.0982,
            "upper_amplitude_pu": 0.1322,
            "from_safe": true,
            "to_safe": false
          },
          "transitions": [
            {
              "lower_amplitude_pu": 0.0982,
              "upper_amplitude_pu": 0.1322,
              "from_safe": true,
              "to_safe": false
            }
          ],
          "non_star_shaped": false,
          "search_upper_amplitude_pu": 0.3
        },
        "joint_recovery": {
          "label": "joint_valid_for_boundary",
          "status": "bracketed_first_failure",
          "center_safe": true,
          "all_safe": false,
          "first_failure_bracket": {
            "lower_amplitude_pu": 0.0982,
            "upper_amplitude_pu": 0.1322,
            "from_safe": true,
            "to_safe": false
          },
          "transitions": [
            {
              "lower_amplitude_pu": 0.0982,
              "upper_amplitude_pu": 0.1322,
              "from_safe": true,
              "to_safe": false
            }
          ],
          "non_star_shaped": false,
          "search_upper_amplitude_pu": 0.3
        }
      },
      "forcing_stage_boundary": {
        "label": "forcing_stage_safe",
        "status": "bracketed_first_failure",
        "center_safe": true,
        "all_safe": false,
        "first_failure_bracket": {
          "lower_amplitude_pu": 0.0982,
          "upper_amplitude_pu": 0.10669999999999999,
          "from_safe": true,
          "to_safe": false
        },
        "transitions": [
          {
            "lower_amplitude_pu": 0.0982,
            "upper_amplitude_pu": 0.10669999999999999,
            "from_safe": true,
            "to_safe": false
          }
        ],
        "non_star_shaped": false,
        "search_upper_amplitude_pu": 0.3,
        "conservative_safe_amplitude_pu": 0.0982,
        "first_failure_amplitude_pu": 0.10669999999999999,
        "bracket_width_pu": 0.008499999999999994,
        "tolerance_pu": 0.01,
        "precision_status": "within_frozen_tolerance",
        "bisection_iterations": 2
      },
      "joint_recovery_complete_boundary": {
        "label": "joint_valid_for_boundary",
        "status": "bracketed_first_failure",
        "center_safe": true,
        "all_safe": false,
        "first_failure_bracket": {
          "lower_amplitude_pu": 0.0982,
          "upper_amplitude_pu": 0.10669999999999999,
          "from_safe": true,
          "to_safe": false
        },
        "transitions": [
          {
            "lower_amplitude_pu": 0.0982,
            "upper_amplitude_pu": 0.10669999999999999,
            "from_safe": true,
            "to_safe": false
          }
        ],
        "non_star_shaped": false,
        "search_upper_amplitude_pu": 0.3,
        "conservative_safe_amplitude_pu": 0.0982,
        "first_failure_amplitude_pu": 0.10669999999999999,
        "bracket_width_pu": 0.008499999999999994,
        "tolerance_pu": 0.01,
        "precision_status": "within_frozen_tolerance",
        "bisection_iterations": 0
      },
      "solver_failure_total": 0,
      "recovery_phase_physical_violation_case_files": [],
      "evaluation_count": 9
    },
    {
      "wave_ray_index": 49,
      "global_ray_key": {
        "power_pu": 1.0,
        "soc": 0.2,
        "phase_rad": 0.0,
        "controller": "MPC",
        "frequency_label": "q0.99"
      },
      "coarse_scan": {
        "amplitude_grid_pu": [
          0.0,
          0.024548310554290048,
          0.0544,
          0.0982,
          0.1322,
          0.2168,
          0.3
        ],
        "evaluation_count": 7,
        "forcing_stage": {
          "label": "forcing_stage_safe",
          "status": "bracketed_first_failure",
          "center_safe": true,
          "all_safe": false,
          "first_failure_bracket": {
            "lower_amplitude_pu": 0.0982,
            "upper_amplitude_pu": 0.1322,
            "from_safe": true,
            "to_safe": false
          },
          "transitions": [
            {
              "lower_amplitude_pu": 0.0982,
              "upper_amplitude_pu": 0.1322,
              "from_safe": true,
              "to_safe": false
            }
          ],
          "non_star_shaped": false,
          "search_upper_amplitude_pu": 0.3
        },
        "joint_recovery": {
          "label": "joint_valid_for_boundary",
          "status": "bracketed_first_failure",
          "center_safe": true,
          "all_safe": false,
          "first_failure_bracket": {
            "lower_amplitude_pu": 0.0982,
            "upper_amplitude_pu": 0.1322,
            "from_safe": true,
            "to_safe": false
          },
          "transitions": [
            {
              "lower_amplitude_pu": 0.0982,
              "upper_amplitude_pu": 0.1322,
              "from_safe": true,
              "to_safe": false
            }
          ],
          "non_star_shaped": false,
          "search_upper_amplitude_pu": 0.3
        }
      },
      "forcing_stage_boundary": {
        "label": "forcing_stage_safe",
        "status": "bracketed_first_failure",
        "center_safe": true,
        "all_safe": false,
        "first_failure_bracket": {
          "lower_amplitude_pu": 0.0982,
          "upper_amplitude_pu": 0.10669999999999999,
          "from_safe": true,
          "to_safe": false
        },
        "transitions": [
          {
            "lower_amplitude_pu": 0.0982,
            "upper_amplitude_pu": 0.10669999999999999,
            "from_safe": true,
            "to_safe": false
          }
        ],
        "non_star_shaped": false,
        "search_upper_amplitude_pu": 0.3,
        "conservative_safe_amplitude_pu": 0.0982,
        "first_failure_amplitude_pu": 0.10669999999999999,
        "bracket_width_pu": 0.008499999999999994,
        "tolerance_pu": 0.01,
        "precision_status": "within_frozen_tolerance",
        "bisection_iterations": 2
      },
      "joint_recovery_complete_boundary": {
        "label": "joint_valid_for_boundary",
        "status": "bracketed_first_failure",
        "center_safe": true,
        "all_safe": false,
        "first_failure_bracket": {
          "lower_amplitude_pu": 0.0982,
          "upper_amplitude_pu": 0.10669999999999999,
          "from_safe": true,
          "to_safe": false
        },
        "transitions": [
          {
            "lower_amplitude_pu": 0.0982,
            "upper_amplitude_pu": 0.10669999999999999,
            "from_safe": true,
            "to_safe": false
          }
        ],
        "non_star_shaped": false,
        "search_upper_amplitude_pu": 0.3,
        "conservative_safe_amplitude_pu": 0.0982,
        "first_failure_amplitude_pu": 0.10669999999999999,
        "bracket_width_pu": 0.008499999999999994,
        "tolerance_pu": 0.01,
        "precision_status": "within_frozen_tolerance",
        "bisection_iterations": 0
      },
      "solver_failure_total": 0,
      "recovery_phase_physical_violation_case_files": [],
      "evaluation_count": 9
    },
    {
      "wave_ray_index": 50,
      "global_ray_key": {
        "power_pu": 1.0,
        "soc": 0.2,
        "phase_rad": 1.5707963267948966,
        "controller": "PID",
        "frequency_label": "q0.99"
      },
      "coarse_scan": {
        "amplitude_grid_pu": [
          0.0,
          0.024548310554290048,
          0.0544,
          0.0982,
          0.1322,
          0.2168,
          0.3
        ],
        "evaluation_count": 7,
        "forcing_stage": {
          "label": "forcing_stage_safe",
          "status": "bracketed_first_failure",
          "center_safe": true,
          "all_safe": false,
          "first_failure_bracket": {
            "lower_amplitude_pu": 0.0982,
            "upper_amplitude_pu": 0.1322,
            "from_safe": true,
            "to_safe": false
          },
          "transitions": [
            {
              "lower_amplitude_pu": 0.0982,
              "upper_amplitude_pu": 0.1322,
              "from_safe": true,
              "to_safe": false
            }
          ],
          "non_star_shaped": false,
          "search_upper_amplitude_pu": 0.3
        },
        "joint_recovery": {
          "label": "joint_valid_for_boundary",
          "status": "bracketed_first_failure",
          "center_safe": true,
          "all_safe": false,
          "first_failure_bracket": {
            "lower_amplitude_pu": 0.0982,
            "upper_amplitude_pu": 0.1322,
            "from_safe": true,
            "to_safe": false
          },
          "transitions": [
            {
              "lower_amplitude_pu": 0.0982,
              "upper_amplitude_pu": 0.1322,
              "from_safe": true,
              "to_safe": false
            }
          ],
          "non_star_shaped": false,
          "search_upper_amplitude_pu": 0.3
        }
      },
      "forcing_stage_boundary": {
        "label": "forcing_stage_safe",
        "status": "bracketed_first_failure",
        "center_safe": true,
        "all_safe": false,
        "first_failure_bracket": {
          "lower_amplitude_pu": 0.0982,
          "upper_amplitude_pu": 0.10669999999999999,
          "from_safe": true,
          "to_safe": false
        },
        "transitions": [
          {
            "lower_amplitude_pu": 0.0982,
            "upper_amplitude_pu": 0.10669999999999999,
            "from_safe": true,
            "to_safe": false
          }
        ],
        "non_star_shaped": false,
        "search_upper_amplitude_pu": 0.3,
        "conservative_safe_amplitude_pu": 0.0982,
        "first_failure_amplitude_pu": 0.10669999999999999,
        "bracket_width_pu": 0.008499999999999994,
        "tolerance_pu": 0.01,
        "precision_status": "within_frozen_tolerance",
        "bisection_iterations": 2
      },
      "joint_recovery_complete_boundary": {
        "label": "joint_valid_for_boundary",
        "status": "bracketed_first_failure",
        "center_safe": true,
        "all_safe": false,
        "first_failure_bracket": {
          "lower_amplitude_pu": 0.0982,
          "upper_amplitude_pu": 0.10669999999999999,
          "from_safe": true,
          "to_safe": false
        },
        "transitions": [
          {
            "lower_amplitude_pu": 0.0982,
            "upper_amplitude_pu": 0.10669999999999999,
            "from_safe": true,
            "to_safe": false
          }
        ],
        "non_star_shaped": false,
        "search_upper_amplitude_pu": 0.3,
        "conservative_safe_amplitude_pu": 0.0982,
        "first_failure_amplitude_pu": 0.10669999999999999,
        "bracket_width_pu": 0.008499999999999994,
        "tolerance_pu": 0.01,
        "precision_status": "within_frozen_tolerance",
        "bisection_iterations": 0
      },
      "solver_failure_total": 0,
      "recovery_phase_physical_violation_case_files": [],
      "evaluation_count": 9
    },
    {
      "wave_ray_index": 51,
      "global_ray_key": {
        "power_pu": 1.0,
        "soc": 0.2,
        "phase_rad": 1.5707963267948966,
        "controller": "MPC",
        "frequency_label": "q0.99"
      },
      "coarse_scan": {
        "amplitude_grid_pu": [
          0.0,
          0.024548310554290048,
          0.0544,
          0.0982,
          0.1322,
          0.2168,
          0.3
        ],
        "evaluation_count": 7,
        "forcing_stage": {
          "label": "forcing_stage_safe",
          "status": "bracketed_first_failure",
          "center_safe": true,
          "all_safe": false,
          "first_failure_bracket": {
            "lower_amplitude_pu": 0.0982,
            "upper_amplitude_pu": 0.1322,
            "from_safe": true,
            "to_safe": false
          },
          "transitions": [
            {
              "lower_amplitude_pu": 0.0982,
              "upper_amplitude_pu": 0.1322,
              "from_safe": true,
              "to_safe": false
            }
          ],
          "non_star_shaped": false,
          "search_upper_amplitude_pu": 0.3
        },
        "joint_recovery": {
          "label": "joint_valid_for_boundary",
          "status": "bracketed_first_failure",
          "center_safe": true,
          "all_safe": false,
          "first_failure_bracket": {
            "lower_amplitude_pu": 0.0982,
            "upper_amplitude_pu": 0.1322,
            "from_safe": true,
            "to_safe": false
          },
          "transitions": [
            {
              "lower_amplitude_pu": 0.0982,
              "upper_amplitude_pu": 0.1322,
              "from_safe": true,
              "to_safe": false
            }
          ],
          "non_star_shaped": false,
          "search_upper_amplitude_pu": 0.3
        }
      },
      "forcing_stage_boundary": {
        "label": "forcing_stage_safe",
        "status": "bracketed_first_failure",
        "center_safe": true,
        "all_safe": false,
        "first_failure_bracket": {
          "lower_amplitude_pu": 0.0982,
          "upper_amplitude_pu": 0.10669999999999999,
          "from_safe": true,
          "to_safe": false
        },
        "transitions": [
          {
            "lower_amplitude_pu": 0.0982,
            "upper_amplitude_pu": 0.10669999999999999,
            "from_safe": true,
            "to_safe": false
          }
        ],
        "non_star_shaped": false,
        "search_upper_amplitude_pu": 0.3,
        "conservative_safe_amplitude_pu": 0.0982,
        "first_failure_amplitude_pu": 0.10669999999999999,
        "bracket_width_pu": 0.008499999999999994,
        "tolerance_pu": 0.01,
        "precision_status": "within_frozen_tolerance",
        "bisection_iterations": 2
      },
      "joint_recovery_complete_boundary": {
        "label": "joint_valid_for_boundary",
        "status": "bracketed_first_failure",
        "center_safe": true,
        "all_safe": false,
        "first_failure_bracket": {
          "lower_amplitude_pu": 0.0982,
          "upper_amplitude_pu": 0.10669999999999999,
          "from_safe": true,
          "to_safe": false
        },
        "transitions": [
          {
            "lower_amplitude_pu": 0.0982,
            "upper_amplitude_pu": 0.10669999999999999,
            "from_safe": true,
            "to_safe": false
          }
        ],
        "non_star_shaped": false,
        "search_upper_amplitude_pu": 0.3,
        "conservative_safe_amplitude_pu": 0.0982,
        "first_failure_amplitude_pu": 0.10669999999999999,
        "bracket_width_pu": 0.008499999999999994,
        "tolerance_pu": 0.01,
        "precision_status": "within_frozen_tolerance",
        "bisection_iterations": 0
      },
      "solver_failure_total": 0,
      "recovery_phase_physical_violation_case_files": [],
      "evaluation_count": 9
    },
    {
      "wave_ray_index": 52,
      "global_ray_key": {
        "power_pu": 1.0,
        "soc": 0.2,
        "phase_rad": 3.141592653589793,
        "controller": "PID",
        "frequency_label": "q0.99"
      },
      "coarse_scan": {
        "amplitude_grid_pu": [
          0.0,
          0.024548310554290048,
          0.0544,
          0.0982,
          0.1322,
          0.2168,
          0.3
        ],
        "evaluation_count": 7,
        "forcing_stage": {
          "label": "forcing_stage_safe",
          "status": "bracketed_first_failure",
          "center_safe": true,
          "all_safe": false,
          "first_failure_bracket": {
            "lower_amplitude_pu": 0.0982,
            "upper_amplitude_pu": 0.1322,
            "from_safe": true,
            "to_safe": false
          },
          "transitions": [
            {
              "lower_amplitude_pu": 0.0982,
              "upper_amplitude_pu": 0.1322,
              "from_safe": true,
              "to_safe": false
            }
          ],
          "non_star_shaped": false,
          "search_upper_amplitude_pu": 0.3
        },
        "joint_recovery": {
          "label": "joint_valid_for_boundary",
          "status": "bracketed_first_failure",
          "center_safe": true,
          "all_safe": false,
          "first_failure_bracket": {
            "lower_amplitude_pu": 0.0982,
            "upper_amplitude_pu": 0.1322,
            "from_safe": true,
            "to_safe": false
          },
          "transitions": [
            {
              "lower_amplitude_pu": 0.0982,
              "upper_amplitude_pu": 0.1322,
              "from_safe": true,
              "to_safe": false
            }
          ],
          "non_star_shaped": false,
          "search_upper_amplitude_pu": 0.3
        }
      },
      "forcing_stage_boundary": {
        "label": "forcing_stage_safe",
        "status": "bracketed_first_failure",
        "center_safe": true,
        "all_safe": false,
        "first_failure_bracket": {
          "lower_amplitude_pu": 0.0982,
          "upper_amplitude_pu": 0.10669999999999999,
          "from_safe": true,
          "to_safe": false
        },
        "transitions": [
          {
            "lower_amplitude_pu": 0.0982,
            "upper_amplitude_pu": 0.10669999999999999,
            "from_safe": true,
            "to_safe": false
          }
        ],
        "non_star_shaped": false,
        "search_upper_amplitude_pu": 0.3,
        "conservative_safe_amplitude_pu": 0.0982,
        "first_failure_amplitude_pu": 0.10669999999999999,
        "bracket_width_pu": 0.008499999999999994,
        "tolerance_pu": 0.01,
        "precision_status": "within_frozen_tolerance",
        "bisection_iterations": 2
      },
      "joint_recovery_complete_boundary": {
        "label": "joint_valid_for_boundary",
        "status": "bracketed_first_failure",
        "center_safe": true,
        "all_safe": false,
        "first_failure_bracket": {
          "lower_amplitude_pu": 0.0982,
          "upper_amplitude_pu": 0.10669999999999999,
          "from_safe": true,
          "to_safe": false
        },
        "transitions": [
          {
            "lower_amplitude_pu": 0.0982,
            "upper_amplitude_pu": 0.10669999999999999,
            "from_safe": true,
            "to_safe": false
          }
        ],
        "non_star_shaped": false,
        "search_upper_amplitude_pu": 0.3,
        "conservative_safe_amplitude_pu": 0.0982,
        "first_failure_amplitude_pu": 0.10669999999999999,
        "bracket_width_pu": 0.008499999999999994,
        "tolerance_pu": 0.01,
        "precision_status": "within_frozen_tolerance",
        "bisection_iterations": 0
      },
      "solver_failure_total": 0,
      "recovery_phase_physical_violation_case_files": [],
      "evaluation_count": 9
    },
    {
      "wave_ray_index": 53,
      "global_ray_key": {
        "power_pu": 1.0,
        "soc": 0.2,
        "phase_rad": 3.141592653589793,
        "controller": "MPC",
        "frequency_label": "q0.99"
      },
      "coarse_scan": {
        "amplitude_grid_pu": [
          0.0,
          0.024548310554290048,
          0.0544,
          0.0982,
          0.1322,
          0.2168,
          0.3
        ],
        "evaluation_count": 7,
        "forcing_stage": {
          "label": "forcing_stage_safe",
          "status": "bracketed_first_failure",
          "center_safe": true,
          "all_safe": false,
          "first_failure_bracket": {
            "lower_amplitude_pu": 0.0982,
            "upper_amplitude_pu": 0.1322,
            "from_safe": true,
            "to_safe": false
          },
          "transitions": [
            {
              "lower_amplitude_pu": 0.0982,
              "upper_amplitude_pu": 0.1322,
              "from_safe": true,
              "to_safe": false
            }
          ],
          "non_star_shaped": false,
          "search_upper_amplitude_pu": 0.3
        },
        "joint_recovery": {
          "label": "joint_valid_for_boundary",
          "status": "bracketed_first_failure",
          "center_safe": true,
          "all_safe": false,
          "first_failure_bracket": {
            "lower_amplitude_pu": 0.0982,
            "upper_amplitude_pu": 0.1322,
            "from_safe": true,
            "to_safe": false
          },
          "transitions": [
            {
              "lower_amplitude_pu": 0.0982,
              "upper_amplitude_pu": 0.1322,
              "from_safe": true,
              "to_safe": false
            }
          ],
          "non_star_shaped": false,
          "search_upper_amplitude_pu": 0.3
        }
      },
      "forcing_stage_boundary": {
        "label": "forcing_stage_safe",
        "status": "bracketed_first_failure",
        "center_safe": true,
        "all_safe": false,
        "first_failure_bracket": {
          "lower_amplitude_pu": 0.0982,
          "upper_amplitude_pu": 0.10669999999999999,
          "from_safe": true,
          "to_safe": false
        },
        "transitions": [
          {
            "lower_amplitude_pu": 0.0982,
            "upper_amplitude_pu": 0.10669999999999999,
            "from_safe": true,
            "to_safe": false
          }
        ],
        "non_star_shaped": false,
        "search_upper_amplitude_pu": 0.3,
        "conservative_safe_amplitude_pu": 0.0982,
        "first_failure_amplitude_pu": 0.10669999999999999,
        "bracket_width_pu": 0.008499999999999994,
        "tolerance_pu": 0.01,
        "precision_status": "within_frozen_tolerance",
        "bisection_iterations": 2
      },
      "joint_recovery_complete_boundary": {
        "label": "joint_valid_for_boundary",
        "status": "bracketed_first_failure",
        "center_safe": true,
        "all_safe": false,
        "first_failure_bracket": {
          "lower_amplitude_pu": 0.0982,
          "upper_amplitude_pu": 0.10669999999999999,
          "from_safe": true,
          "to_safe": false
        },
        "transitions": [
          {
            "lower_amplitude_pu": 0.0982,
            "upper_amplitude_pu": 0.10669999999999999,
            "from_safe": true,
            "to_safe": false
          }
        ],
        "non_star_shaped": false,
        "search_upper_amplitude_pu": 0.3,
        "conservative_safe_amplitude_pu": 0.0982,
        "first_failure_amplitude_pu": 0.10669999999999999,
        "bracket_width_pu": 0.008499999999999994,
        "tolerance_pu": 0.01,
        "precision_status": "within_frozen_tolerance",
        "bisection_iterations": 0
      },
      "solver_failure_total": 0,
      "recovery_phase_physical_violation_case_files": [],
      "evaluation_count": 9
    },
    {
      "wave_ray_index": 54,
      "global_ray_key": {
        "power_pu": 1.0,
        "soc": 0.2,
        "phase_rad": 4.71238898038469,
        "controller": "PID",
        "frequency_label": "q0.99"
      },
      "coarse_scan": {
        "amplitude_grid_pu": [
          0.0,
          0.024548310554290048,
          0.0544,
          0.0982,
          0.1322,
          0.2168,
          0.3
        ],
        "evaluation_count": 7,
        "forcing_stage": {
          "label": "forcing_stage_safe",
          "status": "bracketed_first_failure",
          "center_safe": true,
          "all_safe": false,
          "first_failure_bracket": {
            "lower_amplitude_pu": 0.0544,
            "upper_amplitude_pu": 0.0982,
            "from_safe": true,
            "to_safe": false
          },
          "transitions": [
            {
              "lower_amplitude_pu": 0.0544,
              "upper_amplitude_pu": 0.0982,
              "from_safe": true,
              "to_safe": false
            }
          ],
          "non_star_shaped": false,
          "search_upper_amplitude_pu": 0.3
        },
        "joint_recovery": {
          "label": "joint_valid_for_boundary",
          "status": "bracketed_first_failure",
          "center_safe": true,
          "all_safe": false,
          "first_failure_bracket": {
            "lower_amplitude_pu": 0.0544,
            "upper_amplitude_pu": 0.0982,
            "from_safe": true,
            "to_safe": false
          },
          "transitions": [
            {
              "lower_amplitude_pu": 0.0544,
              "upper_amplitude_pu": 0.0982,
              "from_safe": true,
              "to_safe": false
            }
          ],
          "non_star_shaped": false,
          "search_upper_amplitude_pu": 0.3
        }
      },
      "forcing_stage_boundary": {
        "label": "forcing_stage_safe",
        "status": "bracketed_first_failure",
        "center_safe": true,
        "all_safe": false,
        "first_failure_bracket": {
          "lower_amplitude_pu": 0.07629999999999999,
          "upper_amplitude_pu": 0.08177499999999999,
          "from_safe": true,
          "to_safe": false
        },
        "transitions": [
          {
            "lower_amplitude_pu": 0.07629999999999999,
            "upper_amplitude_pu": 0.08177499999999999,
            "from_safe": true,
            "to_safe": false
          }
        ],
        "non_star_shaped": false,
        "search_upper_amplitude_pu": 0.3,
        "conservative_safe_amplitude_pu": 0.07629999999999999,
        "first_failure_amplitude_pu": 0.08177499999999999,
        "bracket_width_pu": 0.005474999999999994,
        "tolerance_pu": 0.01,
        "precision_status": "within_frozen_tolerance",
        "bisection_iterations": 3
      },
      "joint_recovery_complete_boundary": {
        "label": "joint_valid_for_boundary",
        "status": "bracketed_first_failure",
        "center_safe": true,
        "all_safe": false,
        "first_failure_bracket": {
          "lower_amplitude_pu": 0.07629999999999999,
          "upper_amplitude_pu": 0.08177499999999999,
          "from_safe": true,
          "to_safe": false
        },
        "transitions": [
          {
            "lower_amplitude_pu": 0.07629999999999999,
            "upper_amplitude_pu": 0.08177499999999999,
            "from_safe": true,
            "to_safe": false
          }
        ],
        "non_star_shaped": false,
        "search_upper_amplitude_pu": 0.3,
        "conservative_safe_amplitude_pu": 0.07629999999999999,
        "first_failure_amplitude_pu": 0.08177499999999999,
        "bracket_width_pu": 0.005474999999999994,
        "tolerance_pu": 0.01,
        "precision_status": "within_frozen_tolerance",
        "bisection_iterations": 0
      },
      "solver_failure_total": 0,
      "recovery_phase_physical_violation_case_files": [],
      "evaluation_count": 10
    },
    {
      "wave_ray_index": 55,
      "global_ray_key": {
        "power_pu": 1.0,
        "soc": 0.2,
        "phase_rad": 4.71238898038469,
        "controller": "MPC",
        "frequency_label": "q0.99"
      },
      "coarse_scan": {
        "amplitude_grid_pu": [
          0.0,
          0.024548310554290048,
          0.0544,
          0.0982,
          0.1322,
          0.2168,
          0.3
        ],
        "evaluation_count": 7,
        "forcing_stage": {
          "label": "forcing_stage_safe",
          "status": "bracketed_first_failure",
          "center_safe": true,
          "all_safe": false,
          "first_failure_bracket": {
            "lower_amplitude_pu": 0.0544,
            "upper_amplitude_pu": 0.0982,
            "from_safe": true,
            "to_safe": false
          },
          "transitions": [
            {
              "lower_amplitude_pu": 0.0544,
              "upper_amplitude_pu": 0.0982,
              "from_safe": true,
              "to_safe": false
            }
          ],
          "non_star_shaped": false,
          "search_upper_amplitude_pu": 0.3
        },
        "joint_recovery": {
          "label": "joint_valid_for_boundary",
          "status": "bracketed_first_failure",
          "center_safe": true,
          "all_safe": false,
          "first_failure_bracket": {
            "lower_amplitude_pu": 0.0544,
            "upper_amplitude_pu": 0.0982,
            "from_safe": true,
            "to_safe": false
          },
          "transitions": [
            {
              "lower_amplitude_pu": 0.0544,
              "upper_amplitude_pu": 0.0982,
              "from_safe": true,
              "to_safe": false
            }
          ],
          "non_star_shaped": false,
          "search_upper_amplitude_pu": 0.3
        }
      },
      "forcing_stage_boundary": {
        "label": "forcing_stage_safe",
        "status": "bracketed_first_failure",
        "center_safe": true,
        "all_safe": false,
        "first_failure_bracket": {
          "lower_amplitude_pu": 0.07629999999999999,
          "upper_amplitude_pu": 0.08177499999999999,
          "from_safe": true,
          "to_safe": false
        },
        "transitions": [
          {
            "lower_amplitude_pu": 0.07629999999999999,
            "upper_amplitude_pu": 0.08177499999999999,
            "from_safe": true,
            "to_safe": false
          }
        ],
        "non_star_shaped": false,
        "search_upper_amplitude_pu": 0.3,
        "conservative_safe_amplitude_pu": 0.07629999999999999,
        "first_failure_amplitude_pu": 0.08177499999999999,
        "bracket_width_pu": 0.005474999999999994,
        "tolerance_pu": 0.01,
        "precision_status": "within_frozen_tolerance",
        "bisection_iterations": 3
      },
      "joint_recovery_complete_boundary": {
        "label": "joint_valid_for_boundary",
        "status": "bracketed_first_failure",
        "center_safe": true,
        "all_safe": false,
        "first_failure_bracket": {
          "lower_amplitude_pu": 0.07629999999999999,
          "upper_amplitude_pu": 0.08177499999999999,
          "from_safe": true,
          "to_safe": false
        },
        "transitions": [
          {
            "lower_amplitude_pu": 0.07629999999999999,
            "upper_amplitude_pu": 0.08177499999999999,
            "from_safe": true,
            "to_safe": false
          }
        ],
        "non_star_shaped": false,
        "search_upper_amplitude_pu": 0.3,
        "conservative_safe_amplitude_pu": 0.07629999999999999,
        "first_failure_amplitude_pu": 0.08177499999999999,
        "bracket_width_pu": 0.005474999999999994,
        "tolerance_pu": 0.01,
        "precision_status": "within_frozen_tolerance",
        "bisection_iterations": 0
      },
      "solver_failure_total": 0,
      "recovery_phase_physical_violation_case_files": [],
      "evaluation_count": 10
    },
    {
      "wave_ray_index": 56,
      "global_ray_key": {
        "power_pu": 1.0,
        "soc": 0.5,
        "phase_rad": 0.0,
        "controller": "PID",
        "frequency_label": "q0.99"
      },
      "coarse_scan": {
        "amplitude_grid_pu": [
          0.0,
          0.024548310554290048,
          0.0544,
          0.0982,
          0.1322,
          0.2168,
          0.3
        ],
        "evaluation_count": 7,
        "forcing_stage": {
          "label": "forcing_stage_safe",
          "status": "bracketed_first_failure",
          "center_safe": true,
          "all_safe": false,
          "first_failure_bracket": {
            "lower_amplitude_pu": 0.0982,
            "upper_amplitude_pu": 0.1322,
            "from_safe": true,
            "to_safe": false
          },
          "transitions": [
            {
              "lower_amplitude_pu": 0.0982,
              "upper_amplitude_pu": 0.1322,
              "from_safe": true,
              "to_safe": false
            }
          ],
          "non_star_shaped": false,
          "search_upper_amplitude_pu": 0.3
        },
        "joint_recovery": {
          "label": "joint_valid_for_boundary",
          "status": "bracketed_first_failure",
          "center_safe": true,
          "all_safe": false,
          "first_failure_bracket": {
            "lower_amplitude_pu": 0.0982,
            "upper_amplitude_pu": 0.1322,
            "from_safe": true,
            "to_safe": false
          },
          "transitions": [
            {
              "lower_amplitude_pu": 0.0982,
              "upper_amplitude_pu": 0.1322,
              "from_safe": true,
              "to_safe": false
            }
          ],
          "non_star_shaped": false,
          "search_upper_amplitude_pu": 0.3
        }
      },
      "forcing_stage_boundary": {
        "label": "forcing_stage_safe",
        "status": "bracketed_first_failure",
        "center_safe": true,
        "all_safe": false,
        "first_failure_bracket": {
          "lower_amplitude_pu": 0.0982,
          "upper_amplitude_pu": 0.10669999999999999,
          "from_safe": true,
          "to_safe": false
        },
        "transitions": [
          {
            "lower_amplitude_pu": 0.0982,
            "upper_amplitude_pu": 0.10669999999999999,
            "from_safe": true,
            "to_safe": false
          }
        ],
        "non_star_shaped": false,
        "search_upper_amplitude_pu": 0.3,
        "conservative_safe_amplitude_pu": 0.0982,
        "first_failure_amplitude_pu": 0.10669999999999999,
        "bracket_width_pu": 0.008499999999999994,
        "tolerance_pu": 0.01,
        "precision_status": "within_frozen_tolerance",
        "bisection_iterations": 2
      },
      "joint_recovery_complete_boundary": {
        "label": "joint_valid_for_boundary",
        "status": "bracketed_first_failure",
        "center_safe": true,
        "all_safe": false,
        "first_failure_bracket": {
          "lower_amplitude_pu": 0.0982,
          "upper_amplitude_pu": 0.10669999999999999,
          "from_safe": true,
          "to_safe": false
        },
        "transitions": [
          {
            "lower_amplitude_pu": 0.0982,
            "upper_amplitude_pu": 0.10669999999999999,
            "from_safe": true,
            "to_safe": false
          }
        ],
        "non_star_shaped": false,
        "search_upper_amplitude_pu": 0.3,
        "conservative_safe_amplitude_pu": 0.0982,
        "first_failure_amplitude_pu": 0.10669999999999999,
        "bracket_width_pu": 0.008499999999999994,
        "tolerance_pu": 0.01,
        "precision_status": "within_frozen_tolerance",
        "bisection_iterations": 0
      },
      "solver_failure_total": 0,
      "recovery_phase_physical_violation_case_files": [],
      "evaluation_count": 9
    },
    {
      "wave_ray_index": 57,
      "global_ray_key": {
        "power_pu": 1.0,
        "soc": 0.5,
        "phase_rad": 0.0,
        "controller": "MPC",
        "frequency_label": "q0.99"
      },
      "coarse_scan": {
        "amplitude_grid_pu": [
          0.0,
          0.024548310554290048,
          0.0544,
          0.0982,
          0.1322,
          0.2168,
          0.3
        ],
        "evaluation_count": 7,
        "forcing_stage": {
          "label": "forcing_stage_safe",
          "status": "bracketed_first_failure",
          "center_safe": true,
          "all_safe": false,
          "first_failure_bracket": {
            "lower_amplitude_pu": 0.0982,
            "upper_amplitude_pu": 0.1322,
            "from_safe": true,
            "to_safe": false
          },
          "transitions": [
            {
              "lower_amplitude_pu": 0.0982,
              "upper_amplitude_pu": 0.1322,
              "from_safe": true,
              "to_safe": false
            }
          ],
          "non_star_shaped": false,
          "search_upper_amplitude_pu": 0.3
        },
        "joint_recovery": {
          "label": "joint_valid_for_boundary",
          "status": "bracketed_first_failure",
          "center_safe": true,
          "all_safe": false,
          "first_failure_bracket": {
            "lower_amplitude_pu": 0.0982,
            "upper_amplitude_pu": 0.1322,
            "from_safe": true,
            "to_safe": false
          },
          "transitions": [
            {
              "lower_amplitude_pu": 0.0982,
              "upper_amplitude_pu": 0.1322,
              "from_safe": true,
              "to_safe": false
            }
          ],
          "non_star_shaped": false,
          "search_upper_amplitude_pu": 0.3
        }
      },
      "forcing_stage_boundary": {
        "label": "forcing_stage_safe",
        "status": "bracketed_first_failure",
        "center_safe": true,
        "all_safe": false,
        "first_failure_bracket": {
          "lower_amplitude_pu": 0.0982,
          "upper_amplitude_pu": 0.10669999999999999,
          "from_safe": true,
          "to_safe": false
        },
        "transitions": [
          {
            "lower_amplitude_pu": 0.0982,
            "upper_amplitude_pu": 0.10669999999999999,
            "from_safe": true,
            "to_safe": false
          }
        ],
        "non_star_shaped": false,
        "search_upper_amplitude_pu": 0.3,
        "conservative_safe_amplitude_pu": 0.0982,
        "first_failure_amplitude_pu": 0.10669999999999999,
        "bracket_width_pu": 0.008499999999999994,
        "tolerance_pu": 0.01,
        "precision_status": "within_frozen_tolerance",
        "bisection_iterations": 2
      },
      "joint_recovery_complete_boundary": {
        "label": "joint_valid_for_boundary",
        "status": "bracketed_first_failure",
        "center_safe": true,
        "all_safe": false,
        "first_failure_bracket": {
          "lower_amplitude_pu": 0.0982,
          "upper_amplitude_pu": 0.10669999999999999,
          "from_safe": true,
          "to_safe": false
        },
        "transitions": [
          {
            "lower_amplitude_pu": 0.0982,
            "upper_amplitude_pu": 0.10669999999999999,
            "from_safe": true,
            "to_safe": false
          }
        ],
        "non_star_shaped": false,
        "search_upper_amplitude_pu": 0.3,
        "conservative_safe_amplitude_pu": 0.0982,
        "first_failure_amplitude_pu": 0.10669999999999999,
        "bracket_width_pu": 0.008499999999999994,
        "tolerance_pu": 0.01,
        "precision_status": "within_frozen_tolerance",
        "bisection_iterations": 0
      },
      "solver_failure_total": 0,
      "recovery_phase_physical_violation_case_files": [],
      "evaluation_count": 9
    },
    {
      "wave_ray_index": 58,
      "global_ray_key": {
        "power_pu": 1.0,
        "soc": 0.5,
        "phase_rad": 1.5707963267948966,
        "controller": "PID",
        "frequency_label": "q0.99"
      },
      "coarse_scan": {
        "amplitude_grid_pu": [
          0.0,
          0.024548310554290048,
          0.0544,
          0.0982,
          0.1322,
          0.2168,
          0.3
        ],
        "evaluation_count": 7,
        "forcing_stage": {
          "label": "forcing_stage_safe",
          "status": "bracketed_first_failure",
          "center_safe": true,
          "all_safe": false,
          "first_failure_bracket": {
            "lower_amplitude_pu": 0.0982,
            "upper_amplitude_pu": 0.1322,
            "from_safe": true,
            "to_safe": false
          },
          "transitions": [
            {
              "lower_amplitude_pu": 0.0982,
              "upper_amplitude_pu": 0.1322,
              "from_safe": true,
              "to_safe": false
            }
          ],
          "non_star_shaped": false,
          "search_upper_amplitude_pu": 0.3
        },
        "joint_recovery": {
          "label": "joint_valid_for_boundary",
          "status": "bracketed_first_failure",
          "center_safe": true,
          "all_safe": false,
          "first_failure_bracket": {
            "lower_amplitude_pu": 0.0982,
            "upper_amplitude_pu": 0.1322,
            "from_safe": true,
            "to_safe": false
          },
          "transitions": [
            {
              "lower_amplitude_pu": 0.0982,
              "upper_amplitude_pu": 0.1322,
              "from_safe": true,
              "to_safe": false
            }
          ],
          "non_star_shaped": false,
          "search_upper_amplitude_pu": 0.3
        }
      },
      "forcing_stage_boundary": {
        "label": "forcing_stage_safe",
        "status": "bracketed_first_failure",
        "center_safe": true,
        "all_safe": false,
        "first_failure_bracket": {
          "lower_amplitude_pu": 0.0982,
          "upper_amplitude_pu": 0.10669999999999999,
          "from_safe": true,
          "to_safe": false
        },
        "transitions": [
          {
            "lower_amplitude_pu": 0.0982,
            "upper_amplitude_pu": 0.10669999999999999,
            "from_safe": true,
            "to_safe": false
          }
        ],
        "non_star_shaped": false,
        "search_upper_amplitude_pu": 0.3,
        "conservative_safe_amplitude_pu": 0.0982,
        "first_failure_amplitude_pu": 0.10669999999999999,
        "bracket_width_pu": 0.008499999999999994,
        "tolerance_pu": 0.01,
        "precision_status": "within_frozen_tolerance",
        "bisection_iterations": 2
      },
      "joint_recovery_complete_boundary": {
        "label": "joint_valid_for_boundary",
        "status": "bracketed_first_failure",
        "center_safe": true,
        "all_safe": false,
        "first_failure_bracket": {
          "lower_amplitude_pu": 0.0982,
          "upper_amplitude_pu": 0.10669999999999999,
          "from_safe": true,
          "to_safe": false
        },
        "transitions": [
          {
            "lower_amplitude_pu": 0.0982,
            "upper_amplitude_pu": 0.10669999999999999,
            "from_safe": true,
            "to_safe": false
          }
        ],
        "non_star_shaped": false,
        "search_upper_amplitude_pu": 0.3,
        "conservative_safe_amplitude_pu": 0.0982,
        "first_failure_amplitude_pu": 0.10669999999999999,
        "bracket_width_pu": 0.008499999999999994,
        "tolerance_pu": 0.01,
        "precision_status": "within_frozen_tolerance",
        "bisection_iterations": 0
      },
      "solver_failure_total": 0,
      "recovery_phase_physical_violation_case_files": [],
      "evaluation_count": 9
    },
    {
      "wave_ray_index": 59,
      "global_ray_key": {
        "power_pu": 1.0,
        "soc": 0.5,
        "phase_rad": 1.5707963267948966,
        "controller": "MPC",
        "frequency_label": "q0.99"
      },
      "coarse_scan": {
        "amplitude_grid_pu": [
          0.0,
          0.024548310554290048,
          0.0544,
          0.0982,
          0.1322,
          0.2168,
          0.3
        ],
        "evaluation_count": 7,
        "forcing_stage": {
          "label": "forcing_stage_safe",
          "status": "bracketed_first_failure",
          "center_safe": true,
          "all_safe": false,
          "first_failure_bracket": {
            "lower_amplitude_pu": 0.0982,
            "upper_amplitude_pu": 0.1322,
            "from_safe": true,
            "to_safe": false
          },
          "transitions": [
            {
              "lower_amplitude_pu": 0.0982,
              "upper_amplitude_pu": 0.1322,
              "from_safe": true,
              "to_safe": false
            }
          ],
          "non_star_shaped": false,
          "search_upper_amplitude_pu": 0.3
        },
        "joint_recovery": {
          "label": "joint_valid_for_boundary",
          "status": "bracketed_first_failure",
          "center_safe": true,
          "all_safe": false,
          "first_failure_bracket": {
            "lower_amplitude_pu": 0.0982,
            "upper_amplitude_pu": 0.1322,
            "from_safe": true,
            "to_safe": false
          },
          "transitions": [
            {
              "lower_amplitude_pu": 0.0982,
              "upper_amplitude_pu": 0.1322,
              "from_safe": true,
              "to_safe": false
            }
          ],
          "non_star_shaped": false,
          "search_upper_amplitude_pu": 0.3
        }
      },
      "forcing_stage_boundary": {
        "label": "forcing_stage_safe",
        "status": "bracketed_first_failure",
        "center_safe": true,
        "all_safe": false,
        "first_failure_bracket": {
          "lower_amplitude_pu": 0.0982,
          "upper_amplitude_pu": 0.10669999999999999,
          "from_safe": true,
          "to_safe": false
        },
        "transitions": [
          {
            "lower_amplitude_pu": 0.0982,
            "upper_amplitude_pu": 0.10669999999999999,
            "from_safe": true,
            "to_safe": false
          }
        ],
        "non_star_shaped": false,
        "search_upper_amplitude_pu": 0.3,
        "conservative_safe_amplitude_pu": 0.0982,
        "first_failure_amplitude_pu": 0.10669999999999999,
        "bracket_width_pu": 0.008499999999999994,
        "tolerance_pu": 0.01,
        "precision_status": "within_frozen_tolerance",
        "bisection_iterations": 2
      },
      "joint_recovery_complete_boundary": {
        "label": "joint_valid_for_boundary",
        "status": "bracketed_first_failure",
        "center_safe": true,
        "all_safe": false,
        "first_failure_bracket": {
          "lower_amplitude_pu": 0.0982,
          "upper_amplitude_pu": 0.10669999999999999,
          "from_safe": true,
          "to_safe": false
        },
        "transitions": [
          {
            "lower_amplitude_pu": 0.0982,
            "upper_amplitude_pu": 0.10669999999999999,
            "from_safe": true,
            "to_safe": false
          }
        ],
        "non_star_shaped": false,
        "search_upper_amplitude_pu": 0.3,
        "conservative_safe_amplitude_pu": 0.0982,
        "first_failure_amplitude_pu": 0.10669999999999999,
        "bracket_width_pu": 0.008499999999999994,
        "tolerance_pu": 0.01,
        "precision_status": "within_frozen_tolerance",
        "bisection_iterations": 0
      },
      "solver_failure_total": 0,
      "recovery_phase_physical_violation_case_files": [],
      "evaluation_count": 9
    },
    {
      "wave_ray_index": 60,
      "global_ray_key": {
        "power_pu": 1.0,
        "soc": 0.5,
        "phase_rad": 3.141592653589793,
        "controller": "PID",
        "frequency_label": "q0.99"
      },
      "coarse_scan": {
        "amplitude_grid_pu": [
          0.0,
          0.024548310554290048,
          0.0544,
          0.0982,
          0.1322,
          0.2168,
          0.3
        ],
        "evaluation_count": 7,
        "forcing_stage": {
          "label": "forcing_stage_safe",
          "status": "bracketed_first_failure",
          "center_safe": true,
          "all_safe": false,
          "first_failure_bracket": {
            "lower_amplitude_pu": 0.0982,
            "upper_amplitude_pu": 0.1322,
            "from_safe": true,
            "to_safe": false
          },
          "transitions": [
            {
              "lower_amplitude_pu": 0.0982,
              "upper_amplitude_pu": 0.1322,
              "from_safe": true,
              "to_safe": false
            }
          ],
          "non_star_shaped": false,
          "search_upper_amplitude_pu": 0.3
        },
        "joint_recovery": {
          "label": "joint_valid_for_boundary",
          "status": "bracketed_first_failure",
          "center_safe": true,
          "all_safe": false,
          "first_failure_bracket": {
            "lower_amplitude_pu": 0.0982,
            "upper_amplitude_pu": 0.1322,
            "from_safe": true,
            "to_safe": false
          },
          "transitions": [
            {
              "lower_amplitude_pu": 0.0982,
              "upper_amplitude_pu": 0.1322,
              "from_safe": true,
              "to_safe": false
            }
          ],
          "non_star_shaped": false,
          "search_upper_amplitude_pu": 0.3
        }
      },
      "forcing_stage_boundary": {
        "label": "forcing_stage_safe",
        "status": "bracketed_first_failure",
        "center_safe": true,
        "all_safe": false,
        "first_failure_bracket": {
          "lower_amplitude_pu": 0.0982,
          "upper_amplitude_pu": 0.10669999999999999,
          "from_safe": true,
          "to_safe": false
        },
        "transitions": [
          {
            "lower_amplitude_pu": 0.0982,
            "upper_amplitude_pu": 0.10669999999999999,
            "from_safe": true,
            "to_safe": false
          }
        ],
        "non_star_shaped": false,
        "search_upper_amplitude_pu": 0.3,
        "conservative_safe_amplitude_pu": 0.0982,
        "first_failure_amplitude_pu": 0.10669999999999999,
        "bracket_width_pu": 0.008499999999999994,
        "tolerance_pu": 0.01,
        "precision_status": "within_frozen_tolerance",
        "bisection_iterations": 2
      },
      "joint_recovery_complete_boundary": {
        "label": "joint_valid_for_boundary",
        "status": "bracketed_first_failure",
        "center_safe": true,
        "all_safe": false,
        "first_failure_bracket": {
          "lower_amplitude_pu": 0.0982,
          "upper_amplitude_pu": 0.10669999999999999,
          "from_safe": true,
          "to_safe": false
        },
        "transitions": [
          {
            "lower_amplitude_pu": 0.0982,
            "upper_amplitude_pu": 0.10669999999999999,
            "from_safe": true,
            "to_safe": false
          }
        ],
        "non_star_shaped": false,
        "search_upper_amplitude_pu": 0.3,
        "conservative_safe_amplitude_pu": 0.0982,
        "first_failure_amplitude_pu": 0.10669999999999999,
        "bracket_width_pu": 0.008499999999999994,
        "tolerance_pu": 0.01,
        "precision_status": "within_frozen_tolerance",
        "bisection_iterations": 0
      },
      "solver_failure_total": 0,
      "recovery_phase_physical_violation_case_files": [],
      "evaluation_count": 9
    },
    {
      "wave_ray_index": 61,
      "global_ray_key": {
        "power_pu": 1.0,
        "soc": 0.5,
        "phase_rad": 3.141592653589793,
        "controller": "MPC",
        "frequency_label": "q0.99"
      },
      "coarse_scan": {
        "amplitude_grid_pu": [
          0.0,
          0.024548310554290048,
          0.0544,
          0.0982,
          0.1322,
          0.2168,
          0.3
        ],
        "evaluation_count": 7,
        "forcing_stage": {
          "label": "forcing_stage_safe",
          "status": "bracketed_first_failure",
          "center_safe": true,
          "all_safe": false,
          "first_failure_bracket": {
            "lower_amplitude_pu": 0.0982,
            "upper_amplitude_pu": 0.1322,
            "from_safe": true,
            "to_safe": false
          },
          "transitions": [
            {
              "lower_amplitude_pu": 0.0982,
              "upper_amplitude_pu": 0.1322,
              "from_safe": true,
              "to_safe": false
            }
          ],
          "non_star_shaped": false,
          "search_upper_amplitude_pu": 0.3
        },
        "joint_recovery": {
          "label": "joint_valid_for_boundary",
          "status": "bracketed_first_failure",
          "center_safe": true,
          "all_safe": false,
          "first_failure_bracket": {
            "lower_amplitude_pu": 0.0982,
            "upper_amplitude_pu": 0.1322,
            "from_safe": true,
            "to_safe": false
          },
          "transitions": [
            {
              "lower_amplitude_pu": 0.0982,
              "upper_amplitude_pu": 0.1322,
              "from_safe": true,
              "to_safe": false
            }
          ],
          "non_star_shaped": false,
          "search_upper_amplitude_pu": 0.3
        }
      },
      "forcing_stage_boundary": {
        "label": "forcing_stage_safe",
        "status": "bracketed_first_failure",
        "center_safe": true,
        "all_safe": false,
        "first_failure_bracket": {
          "lower_amplitude_pu": 0.0982,
          "upper_amplitude_pu": 0.10669999999999999,
          "from_safe": true,
          "to_safe": false
        },
        "transitions": [
          {
            "lower_amplitude_pu": 0.0982,
            "upper_amplitude_pu": 0.10669999999999999,
            "from_safe": true,
            "to_safe": false
          }
        ],
        "non_star_shaped": false,
        "search_upper_amplitude_pu": 0.3,
        "conservative_safe_amplitude_pu": 0.0982,
        "first_failure_amplitude_pu": 0.10669999999999999,
        "bracket_width_pu": 0.008499999999999994,
        "tolerance_pu": 0.01,
        "precision_status": "within_frozen_tolerance",
        "bisection_iterations": 2
      },
      "joint_recovery_complete_boundary": {
        "label": "joint_valid_for_boundary",
        "status": "bracketed_first_failure",
        "center_safe": true,
        "all_safe": false,
        "first_failure_bracket": {
          "lower_amplitude_pu": 0.0982,
          "upper_amplitude_pu": 0.10669999999999999,
          "from_safe": true,
          "to_safe": false
        },
        "transitions": [
          {
            "lower_amplitude_pu": 0.0982,
            "upper_amplitude_pu": 0.10669999999999999,
            "from_safe": true,
            "to_safe": false
          }
        ],
        "non_star_shaped": false,
        "search_upper_amplitude_pu": 0.3,
        "conservative_safe_amplitude_pu": 0.0982,
        "first_failure_amplitude_pu": 0.10669999999999999,
        "bracket_width_pu": 0.008499999999999994,
        "tolerance_pu": 0.01,
        "precision_status": "within_frozen_tolerance",
        "bisection_iterations": 0
      },
      "solver_failure_total": 0,
      "recovery_phase_physical_violation_case_files": [],
      "evaluation_count": 9
    },
    {
      "wave_ray_index": 62,
      "global_ray_key": {
        "power_pu": 1.0,
        "soc": 0.5,
        "phase_rad": 4.71238898038469,
        "controller": "PID",
        "frequency_label": "q0.99"
      },
      "coarse_scan": {
        "amplitude_grid_pu": [
          0.0,
          0.024548310554290048,
          0.0544,
          0.0982,
          0.1322,
          0.2168,
          0.3
        ],
        "evaluation_count": 7,
        "forcing_stage": {
          "label": "forcing_stage_safe",
          "status": "bracketed_first_failure",
          "center_safe": true,
          "all_safe": false,
          "first_failure_bracket": {
            "lower_amplitude_pu": 0.0544,
            "upper_amplitude_pu": 0.0982,
            "from_safe": true,
            "to_safe": false
          },
          "transitions": [
            {
              "lower_amplitude_pu": 0.0544,
              "upper_amplitude_pu": 0.0982,
              "from_safe": true,
              "to_safe": false
            }
          ],
          "non_star_shaped": false,
          "search_upper_amplitude_pu": 0.3
        },
        "joint_recovery": {
          "label": "joint_valid_for_boundary",
          "status": "bracketed_first_failure",
          "center_safe": true,
          "all_safe": false,
          "first_failure_bracket": {
            "lower_amplitude_pu": 0.0544,
            "upper_amplitude_pu": 0.0982,
            "from_safe": true,
            "to_safe": false
          },
          "transitions": [
            {
              "lower_amplitude_pu": 0.0544,
              "upper_amplitude_pu": 0.0982,
              "from_safe": true,
              "to_safe": false
            }
          ],
          "non_star_shaped": false,
          "search_upper_amplitude_pu": 0.3
        }
      },
      "forcing_stage_boundary": {
        "label": "forcing_stage_safe",
        "status": "bracketed_first_failure",
        "center_safe": true,
        "all_safe": false,
        "first_failure_bracket": {
          "lower_amplitude_pu": 0.07629999999999999,
          "upper_amplitude_pu": 0.08177499999999999,
          "from_safe": true,
          "to_safe": false
        },
        "transitions": [
          {
            "lower_amplitude_pu": 0.07629999999999999,
            "upper_amplitude_pu": 0.08177499999999999,
            "from_safe": true,
            "to_safe": false
          }
        ],
        "non_star_shaped": false,
        "search_upper_amplitude_pu": 0.3,
        "conservative_safe_amplitude_pu": 0.07629999999999999,
        "first_failure_amplitude_pu": 0.08177499999999999,
        "bracket_width_pu": 0.005474999999999994,
        "tolerance_pu": 0.01,
        "precision_status": "within_frozen_tolerance",
        "bisection_iterations": 3
      },
      "joint_recovery_complete_boundary": {
        "label": "joint_valid_for_boundary",
        "status": "bracketed_first_failure",
        "center_safe": true,
        "all_safe": false,
        "first_failure_bracket": {
          "lower_amplitude_pu": 0.07629999999999999,
          "upper_amplitude_pu": 0.08177499999999999,
          "from_safe": true,
          "to_safe": false
        },
        "transitions": [
          {
            "lower_amplitude_pu": 0.07629999999999999,
            "upper_amplitude_pu": 0.08177499999999999,
            "from_safe": true,
            "to_safe": false
          }
        ],
        "non_star_shaped": false,
        "search_upper_amplitude_pu": 0.3,
        "conservative_safe_amplitude_pu": 0.07629999999999999,
        "first_failure_amplitude_pu": 0.08177499999999999,
        "bracket_width_pu": 0.005474999999999994,
        "tolerance_pu": 0.01,
        "precision_status": "within_frozen_tolerance",
        "bisection_iterations": 0
      },
      "solver_failure_total": 0,
      "recovery_phase_physical_violation_case_files": [],
      "evaluation_count": 10
    },
    {
      "wave_ray_index": 63,
      "global_ray_key": {
        "power_pu": 1.0,
        "soc": 0.5,
        "phase_rad": 4.71238898038469,
        "controller": "MPC",
        "frequency_label": "q0.99"
      },
      "coarse_scan": {
        "amplitude_grid_pu": [
          0.0,
          0.024548310554290048,
          0.0544,
          0.0982,
          0.1322,
          0.2168,
          0.3
        ],
        "evaluation_count": 7,
        "forcing_stage": {
          "label": "forcing_stage_safe",
          "status": "bracketed_first_failure",
          "center_safe": true,
          "all_safe": false,
          "first_failure_bracket": {
            "lower_amplitude_pu": 0.0544,
            "upper_amplitude_pu": 0.0982,
            "from_safe": true,
            "to_safe": false
          },
          "transitions": [
            {
              "lower_amplitude_pu": 0.0544,
              "upper_amplitude_pu": 0.0982,
              "from_safe": true,
              "to_safe": false
            }
          ],
          "non_star_shaped": false,
          "search_upper_amplitude_pu": 0.3
        },
        "joint_recovery": {
          "label": "joint_valid_for_boundary",
          "status": "bracketed_first_failure",
          "center_safe": true,
          "all_safe": false,
          "first_failure_bracket": {
            "lower_amplitude_pu": 0.0544,
            "upper_amplitude_pu": 0.0982,
            "from_safe": true,
            "to_safe": false
          },
          "transitions": [
            {
              "lower_amplitude_pu": 0.0544,
              "upper_amplitude_pu": 0.0982,
              "from_safe": true,
              "to_safe": false
            }
          ],
          "non_star_shaped": false,
          "search_upper_amplitude_pu": 0.3
        }
      },
      "forcing_stage_boundary": {
        "label": "forcing_stage_safe",
        "status": "bracketed_first_failure",
        "center_safe": true,
        "all_safe": false,
        "first_failure_bracket": {
          "lower_amplitude_pu": 0.07629999999999999,
          "upper_amplitude_pu": 0.08177499999999999,
          "from_safe": true,
          "to_safe": false
        },
        "transitions": [
          {
            "lower_amplitude_pu": 0.07629999999999999,
            "upper_amplitude_pu": 0.08177499999999999,
            "from_safe": true,
            "to_safe": false
          }
        ],
        "non_star_shaped": false,
        "search_upper_amplitude_pu": 0.3,
        "conservative_safe_amplitude_pu": 0.07629999999999999,
        "first_failure_amplitude_pu": 0.08177499999999999,
        "bracket_width_pu": 0.005474999999999994,
        "tolerance_pu": 0.01,
        "precision_status": "within_frozen_tolerance",
        "bisection_iterations": 3
      },
      "joint_recovery_complete_boundary": {
        "label": "joint_valid_for_boundary",
        "status": "bracketed_first_failure",
        "center_safe": true,
        "all_safe": false,
        "first_failure_bracket": {
          "lower_amplitude_pu": 0.07629999999999999,
          "upper_amplitude_pu": 0.08177499999999999,
          "from_safe": true,
          "to_safe": false
        },
        "transitions": [
          {
            "lower_amplitude_pu": 0.07629999999999999,
            "upper_amplitude_pu": 0.08177499999999999,
            "from_safe": true,
            "to_safe": false
          }
        ],
        "non_star_shaped": false,
        "search_upper_amplitude_pu": 0.3,
        "conservative_safe_amplitude_pu": 0.07629999999999999,
        "first_failure_amplitude_pu": 0.08177499999999999,
        "bracket_width_pu": 0.005474999999999994,
        "tolerance_pu": 0.01,
        "precision_status": "within_frozen_tolerance",
        "bisection_iterations": 0
      },
      "solver_failure_total": 0,
      "recovery_phase_physical_violation_case_files": [],
      "evaluation_count": 10
    },
    {
      "wave_ray_index": 64,
      "global_ray_key": {
        "power_pu": 1.0,
        "soc": 0.8,
        "phase_rad": 0.0,
        "controller": "PID",
        "frequency_label": "q0.99"
      },
      "coarse_scan": {
        "amplitude_grid_pu": [
          0.0,
          0.024548310554290048,
          0.0544,
          0.0982,
          0.1322,
          0.2168,
          0.3
        ],
        "evaluation_count": 7,
        "forcing_stage": {
          "label": "forcing_stage_safe",
          "status": "bracketed_first_failure",
          "center_safe": true,
          "all_safe": false,
          "first_failure_bracket": {
            "lower_amplitude_pu": 0.0982,
            "upper_amplitude_pu": 0.1322,
            "from_safe": true,
            "to_safe": false
          },
          "transitions": [
            {
              "lower_amplitude_pu": 0.0982,
              "upper_amplitude_pu": 0.1322,
              "from_safe": true,
              "to_safe": false
            }
          ],
          "non_star_shaped": false,
          "search_upper_amplitude_pu": 0.3
        },
        "joint_recovery": {
          "label": "joint_valid_for_boundary",
          "status": "bracketed_first_failure",
          "center_safe": true,
          "all_safe": false,
          "first_failure_bracket": {
            "lower_amplitude_pu": 0.0982,
            "upper_amplitude_pu": 0.1322,
            "from_safe": true,
            "to_safe": false
          },
          "transitions": [
            {
              "lower_amplitude_pu": 0.0982,
              "upper_amplitude_pu": 0.1322,
              "from_safe": true,
              "to_safe": false
            }
          ],
          "non_star_shaped": false,
          "search_upper_amplitude_pu": 0.3
        }
      },
      "forcing_stage_boundary": {
        "label": "forcing_stage_safe",
        "status": "bracketed_first_failure",
        "center_safe": true,
        "all_safe": false,
        "first_failure_bracket": {
          "lower_amplitude_pu": 0.0982,
          "upper_amplitude_pu": 0.10669999999999999,
          "from_safe": true,
          "to_safe": false
        },
        "transitions": [
          {
            "lower_amplitude_pu": 0.0982,
            "upper_amplitude_pu": 0.10669999999999999,
            "from_safe": true,
            "to_safe": false
          }
        ],
        "non_star_shaped": false,
        "search_upper_amplitude_pu": 0.3,
        "conservative_safe_amplitude_pu": 0.0982,
        "first_failure_amplitude_pu": 0.10669999999999999,
        "bracket_width_pu": 0.008499999999999994,
        "tolerance_pu": 0.01,
        "precision_status": "within_frozen_tolerance",
        "bisection_iterations": 2
      },
      "joint_recovery_complete_boundary": {
        "label": "joint_valid_for_boundary",
        "status": "bracketed_first_failure",
        "center_safe": true,
        "all_safe": false,
        "first_failure_bracket": {
          "lower_amplitude_pu": 0.0982,
          "upper_amplitude_pu": 0.10669999999999999,
          "from_safe": true,
          "to_safe": false
        },
        "transitions": [
          {
            "lower_amplitude_pu": 0.0982,
            "upper_amplitude_pu": 0.10669999999999999,
            "from_safe": true,
            "to_safe": false
          }
        ],
        "non_star_shaped": false,
        "search_upper_amplitude_pu": 0.3,
        "conservative_safe_amplitude_pu": 0.0982,
        "first_failure_amplitude_pu": 0.10669999999999999,
        "bracket_width_pu": 0.008499999999999994,
        "tolerance_pu": 0.01,
        "precision_status": "within_frozen_tolerance",
        "bisection_iterations": 0
      },
      "solver_failure_total": 0,
      "recovery_phase_physical_violation_case_files": [],
      "evaluation_count": 9
    },
    {
      "wave_ray_index": 65,
      "global_ray_key": {
        "power_pu": 1.0,
        "soc": 0.8,
        "phase_rad": 0.0,
        "controller": "MPC",
        "frequency_label": "q0.99"
      },
      "coarse_scan": {
        "amplitude_grid_pu": [
          0.0,
          0.024548310554290048,
          0.0544,
          0.0982,
          0.1322,
          0.2168,
          0.3
        ],
        "evaluation_count": 7,
        "forcing_stage": {
          "label": "forcing_stage_safe",
          "status": "bracketed_first_failure",
          "center_safe": true,
          "all_safe": false,
          "first_failure_bracket": {
            "lower_amplitude_pu": 0.0982,
            "upper_amplitude_pu": 0.1322,
            "from_safe": true,
            "to_safe": false
          },
          "transitions": [
            {
              "lower_amplitude_pu": 0.0982,
              "upper_amplitude_pu": 0.1322,
              "from_safe": true,
              "to_safe": false
            }
          ],
          "non_star_shaped": false,
          "search_upper_amplitude_pu": 0.3
        },
        "joint_recovery": {
          "label": "joint_valid_for_boundary",
          "status": "bracketed_first_failure",
          "center_safe": true,
          "all_safe": false,
          "first_failure_bracket": {
            "lower_amplitude_pu": 0.0982,
            "upper_amplitude_pu": 0.1322,
            "from_safe": true,
            "to_safe": false
          },
          "transitions": [
            {
              "lower_amplitude_pu": 0.0982,
              "upper_amplitude_pu": 0.1322,
              "from_safe": true,
              "to_safe": false
            }
          ],
          "non_star_shaped": false,
          "search_upper_amplitude_pu": 0.3
        }
      },
      "forcing_stage_boundary": {
        "label": "forcing_stage_safe",
        "status": "bracketed_first_failure",
        "center_safe": true,
        "all_safe": false,
        "first_failure_bracket": {
          "lower_amplitude_pu": 0.0982,
          "upper_amplitude_pu": 0.10669999999999999,
          "from_safe": true,
          "to_safe": false
        },
        "transitions": [
          {
            "lower_amplitude_pu": 0.0982,
            "upper_amplitude_pu": 0.10669999999999999,
            "from_safe": true,
            "to_safe": false
          }
        ],
        "non_star_shaped": false,
        "search_upper_amplitude_pu": 0.3,
        "conservative_safe_amplitude_pu": 0.0982,
        "first_failure_amplitude_pu": 0.10669999999999999,
        "bracket_width_pu": 0.008499999999999994,
        "tolerance_pu": 0.01,
        "precision_status": "within_frozen_tolerance",
        "bisection_iterations": 2
      },
      "joint_recovery_complete_boundary": {
        "label": "joint_valid_for_boundary",
        "status": "bracketed_first_failure",
        "center_safe": true,
        "all_safe": false,
        "first_failure_bracket": {
          "lower_amplitude_pu": 0.0982,
          "upper_amplitude_pu": 0.10669999999999999,
          "from_safe": true,
          "to_safe": false
        },
        "transitions": [
          {
            "lower_amplitude_pu": 0.0982,
            "upper_amplitude_pu": 0.10669999999999999,
            "from_safe": true,
            "to_safe": false
          }
        ],
        "non_star_shaped": false,
        "search_upper_amplitude_pu": 0.3,
        "conservative_safe_amplitude_pu": 0.0982,
        "first_failure_amplitude_pu": 0.10669999999999999,
        "bracket_width_pu": 0.008499999999999994,
        "tolerance_pu": 0.01,
        "precision_status": "within_frozen_tolerance",
        "bisection_iterations": 0
      },
      "solver_failure_total": 0,
      "recovery_phase_physical_violation_case_files": [],
      "evaluation_count": 9
    },
    {
      "wave_ray_index": 66,
      "global_ray_key": {
        "power_pu": 1.0,
        "soc": 0.8,
        "phase_rad": 1.5707963267948966,
        "controller": "PID",
        "frequency_label": "q0.99"
      },
      "coarse_scan": {
        "amplitude_grid_pu": [
          0.0,
          0.024548310554290048,
          0.0544,
          0.0982,
          0.1322,
          0.2168,
          0.3
        ],
        "evaluation_count": 7,
        "forcing_stage": {
          "label": "forcing_stage_safe",
          "status": "bracketed_first_failure",
          "center_safe": true,
          "all_safe": false,
          "first_failure_bracket": {
            "lower_amplitude_pu": 0.0982,
            "upper_amplitude_pu": 0.1322,
            "from_safe": true,
            "to_safe": false
          },
          "transitions": [
            {
              "lower_amplitude_pu": 0.0982,
              "upper_amplitude_pu": 0.1322,
              "from_safe": true,
              "to_safe": false
            }
          ],
          "non_star_shaped": false,
          "search_upper_amplitude_pu": 0.3
        },
        "joint_recovery": {
          "label": "joint_valid_for_boundary",
          "status": "bracketed_first_failure",
          "center_safe": true,
          "all_safe": false,
          "first_failure_bracket": {
            "lower_amplitude_pu": 0.0982,
            "upper_amplitude_pu": 0.1322,
            "from_safe": true,
            "to_safe": false
          },
          "transitions": [
            {
              "lower_amplitude_pu": 0.0982,
              "upper_amplitude_pu": 0.1322,
              "from_safe": true,
              "to_safe": false
            }
          ],
          "non_star_shaped": false,
          "search_upper_amplitude_pu": 0.3
        }
      },
      "forcing_stage_boundary": {
        "label": "forcing_stage_safe",
        "status": "bracketed_first_failure",
        "center_safe": true,
        "all_safe": false,
        "first_failure_bracket": {
          "lower_amplitude_pu": 0.0982,
          "upper_amplitude_pu": 0.10669999999999999,
          "from_safe": true,
          "to_safe": false
        },
        "transitions": [
          {
            "lower_amplitude_pu": 0.0982,
            "upper_amplitude_pu": 0.10669999999999999,
            "from_safe": true,
            "to_safe": false
          }
        ],
        "non_star_shaped": false,
        "search_upper_amplitude_pu": 0.3,
        "conservative_safe_amplitude_pu": 0.0982,
        "first_failure_amplitude_pu": 0.10669999999999999,
        "bracket_width_pu": 0.008499999999999994,
        "tolerance_pu": 0.01,
        "precision_status": "within_frozen_tolerance",
        "bisection_iterations": 2
      },
      "joint_recovery_complete_boundary": {
        "label": "joint_valid_for_boundary",
        "status": "bracketed_first_failure",
        "center_safe": true,
        "all_safe": false,
        "first_failure_bracket": {
          "lower_amplitude_pu": 0.0982,
          "upper_amplitude_pu": 0.10669999999999999,
          "from_safe": true,
          "to_safe": false
        },
        "transitions": [
          {
            "lower_amplitude_pu": 0.0982,
            "upper_amplitude_pu": 0.10669999999999999,
            "from_safe": true,
            "to_safe": false
          }
        ],
        "non_star_shaped": false,
        "search_upper_amplitude_pu": 0.3,
        "conservative_safe_amplitude_pu": 0.0982,
        "first_failure_amplitude_pu": 0.10669999999999999,
        "bracket_width_pu": 0.008499999999999994,
        "tolerance_pu": 0.01,
        "precision_status": "within_frozen_tolerance",
        "bisection_iterations": 0
      },
      "solver_failure_total": 0,
      "recovery_phase_physical_violation_case_files": [],
      "evaluation_count": 9
    },
    {
      "wave_ray_index": 67,
      "global_ray_key": {
        "power_pu": 1.0,
        "soc": 0.8,
        "phase_rad": 1.5707963267948966,
        "controller": "MPC",
        "frequency_label": "q0.99"
      },
      "coarse_scan": {
        "amplitude_grid_pu": [
          0.0,
          0.024548310554290048,
          0.0544,
          0.0982,
          0.1322,
          0.2168,
          0.3
        ],
        "evaluation_count": 7,
        "forcing_stage": {
          "label": "forcing_stage_safe",
          "status": "bracketed_first_failure",
          "center_safe": true,
          "all_safe": false,
          "first_failure_bracket": {
            "lower_amplitude_pu": 0.0982,
            "upper_amplitude_pu": 0.1322,
            "from_safe": true,
            "to_safe": false
          },
          "transitions": [
            {
              "lower_amplitude_pu": 0.0982,
              "upper_amplitude_pu": 0.1322,
              "from_safe": true,
              "to_safe": false
            }
          ],
          "non_star_shaped": false,
          "search_upper_amplitude_pu": 0.3
        },
        "joint_recovery": {
          "label": "joint_valid_for_boundary",
          "status": "bracketed_first_failure",
          "center_safe": true,
          "all_safe": false,
          "first_failure_bracket": {
            "lower_amplitude_pu": 0.0982,
            "upper_amplitude_pu": 0.1322,
            "from_safe": true,
            "to_safe": false
          },
          "transitions": [
            {
              "lower_amplitude_pu": 0.0982,
              "upper_amplitude_pu": 0.1322,
              "from_safe": true,
              "to_safe": false
            }
          ],
          "non_star_shaped": false,
          "search_upper_amplitude_pu": 0.3
        }
      },
      "forcing_stage_boundary": {
        "label": "forcing_stage_safe",
        "status": "bracketed_first_failure",
        "center_safe": true,
        "all_safe": false,
        "first_failure_bracket": {
          "lower_amplitude_pu": 0.0982,
          "upper_amplitude_pu": 0.10669999999999999,
          "from_safe": true,
          "to_safe": false
        },
        "transitions": [
          {
            "lower_amplitude_pu": 0.0982,
            "upper_amplitude_pu": 0.10669999999999999,
            "from_safe": true,
            "to_safe": false
          }
        ],
        "non_star_shaped": false,
        "search_upper_amplitude_pu": 0.3,
        "conservative_safe_amplitude_pu": 0.0982,
        "first_failure_amplitude_pu": 0.10669999999999999,
        "bracket_width_pu": 0.008499999999999994,
        "tolerance_pu": 0.01,
        "precision_status": "within_frozen_tolerance",
        "bisection_iterations": 2
      },
      "joint_recovery_complete_boundary": {
        "label": "joint_valid_for_boundary",
        "status": "bracketed_first_failure",
        "center_safe": true,
        "all_safe": false,
        "first_failure_bracket": {
          "lower_amplitude_pu": 0.0982,
          "upper_amplitude_pu": 0.10669999999999999,
          "from_safe": true,
          "to_safe": false
        },
        "transitions": [
          {
            "lower_amplitude_pu": 0.0982,
            "upper_amplitude_pu": 0.10669999999999999,
            "from_safe": true,
            "to_safe": false
          }
        ],
        "non_star_shaped": false,
        "search_upper_amplitude_pu": 0.3,
        "conservative_safe_amplitude_pu": 0.0982,
        "first_failure_amplitude_pu": 0.10669999999999999,
        "bracket_width_pu": 0.008499999999999994,
        "tolerance_pu": 0.01,
        "precision_status": "within_frozen_tolerance",
        "bisection_iterations": 0
      },
      "solver_failure_total": 0,
      "recovery_phase_physical_violation_case_files": [],
      "evaluation_count": 9
    },
    {
      "wave_ray_index": 68,
      "global_ray_key": {
        "power_pu": 1.0,
        "soc": 0.8,
        "phase_rad": 3.141592653589793,
        "controller": "PID",
        "frequency_label": "q0.99"
      },
      "coarse_scan": {
        "amplitude_grid_pu": [
          0.0,
          0.024548310554290048,
          0.0544,
          0.0982,
          0.1322,
          0.2168,
          0.3
        ],
        "evaluation_count": 7,
        "forcing_stage": {
          "label": "forcing_stage_safe",
          "status": "bracketed_first_failure",
          "center_safe": true,
          "all_safe": false,
          "first_failure_bracket": {
            "lower_amplitude_pu": 0.0982,
            "upper_amplitude_pu": 0.1322,
            "from_safe": true,
            "to_safe": false
          },
          "transitions": [
            {
              "lower_amplitude_pu": 0.0982,
              "upper_amplitude_pu": 0.1322,
              "from_safe": true,
              "to_safe": false
            }
          ],
          "non_star_shaped": false,
          "search_upper_amplitude_pu": 0.3
        },
        "joint_recovery": {
          "label": "joint_valid_for_boundary",
          "status": "bracketed_first_failure",
          "center_safe": true,
          "all_safe": false,
          "first_failure_bracket": {
            "lower_amplitude_pu": 0.0982,
            "upper_amplitude_pu": 0.1322,
            "from_safe": true,
            "to_safe": false
          },
          "transitions": [
            {
              "lower_amplitude_pu": 0.0982,
              "upper_amplitude_pu": 0.1322,
              "from_safe": true,
              "to_safe": false
            }
          ],
          "non_star_shaped": false,
          "search_upper_amplitude_pu": 0.3
        }
      },
      "forcing_stage_boundary": {
        "label": "forcing_stage_safe",
        "status": "bracketed_first_failure",
        "center_safe": true,
        "all_safe": false,
        "first_failure_bracket": {
          "lower_amplitude_pu": 0.0982,
          "upper_amplitude_pu": 0.10669999999999999,
          "from_safe": true,
          "to_safe": false
        },
        "transitions": [
          {
            "lower_amplitude_pu": 0.0982,
            "upper_amplitude_pu": 0.10669999999999999,
            "from_safe": true,
            "to_safe": false
          }
        ],
        "non_star_shaped": false,
        "search_upper_amplitude_pu": 0.3,
        "conservative_safe_amplitude_pu": 0.0982,
        "first_failure_amplitude_pu": 0.10669999999999999,
        "bracket_width_pu": 0.008499999999999994,
        "tolerance_pu": 0.01,
        "precision_status": "within_frozen_tolerance",
        "bisection_iterations": 2
      },
      "joint_recovery_complete_boundary": {
        "label": "joint_valid_for_boundary",
        "status": "bracketed_first_failure",
        "center_safe": true,
        "all_safe": false,
        "first_failure_bracket": {
          "lower_amplitude_pu": 0.0982,
          "upper_amplitude_pu": 0.10669999999999999,
          "from_safe": true,
          "to_safe": false
        },
        "transitions": [
          {
            "lower_amplitude_pu": 0.0982,
            "upper_amplitude_pu": 0.10669999999999999,
            "from_safe": true,
            "to_safe": false
          }
        ],
        "non_star_shaped": false,
        "search_upper_amplitude_pu": 0.3,
        "conservative_safe_amplitude_pu": 0.0982,
        "first_failure_amplitude_pu": 0.10669999999999999,
        "bracket_width_pu": 0.008499999999999994,
        "tolerance_pu": 0.01,
        "precision_status": "within_frozen_tolerance",
        "bisection_iterations": 0
      },
      "solver_failure_total": 0,
      "recovery_phase_physical_violation_case_files": [],
      "evaluation_count": 9
    },
    {
      "wave_ray_index": 69,
      "global_ray_key": {
        "power_pu": 1.0,
        "soc": 0.8,
        "phase_rad": 3.141592653589793,
        "controller": "MPC",
        "frequency_label": "q0.99"
      },
      "coarse_scan": {
        "amplitude_grid_pu": [
          0.0,
          0.024548310554290048,
          0.0544,
          0.0982,
          0.1322,
          0.2168,
          0.3
        ],
        "evaluation_count": 7,
        "forcing_stage": {
          "label": "forcing_stage_safe",
          "status": "bracketed_first_failure",
          "center_safe": true,
          "all_safe": false,
          "first_failure_bracket": {
            "lower_amplitude_pu": 0.0982,
            "upper_amplitude_pu": 0.1322,
            "from_safe": true,
            "to_safe": false
          },
          "transitions": [
            {
              "lower_amplitude_pu": 0.0982,
              "upper_amplitude_pu": 0.1322,
              "from_safe": true,
              "to_safe": false
            }
          ],
          "non_star_shaped": false,
          "search_upper_amplitude_pu": 0.3
        },
        "joint_recovery": {
          "label": "joint_valid_for_boundary",
          "status": "bracketed_first_failure",
          "center_safe": true,
          "all_safe": false,
          "first_failure_bracket": {
            "lower_amplitude_pu": 0.0982,
            "upper_amplitude_pu": 0.1322,
            "from_safe": true,
            "to_safe": false
          },
          "transitions": [
            {
              "lower_amplitude_pu": 0.0982,
              "upper_amplitude_pu": 0.1322,
              "from_safe": true,
              "to_safe": false
            }
          ],
          "non_star_shaped": false,
          "search_upper_amplitude_pu": 0.3
        }
      },
      "forcing_stage_boundary": {
        "label": "forcing_stage_safe",
        "status": "bracketed_first_failure",
        "center_safe": true,
        "all_safe": false,
        "first_failure_bracket": {
          "lower_amplitude_pu": 0.0982,
          "upper_amplitude_pu": 0.10669999999999999,
          "from_safe": true,
          "to_safe": false
        },
        "transitions": [
          {
            "lower_amplitude_pu": 0.0982,
            "upper_amplitude_pu": 0.10669999999999999,
            "from_safe": true,
            "to_safe": false
          }
        ],
        "non_star_shaped": false,
        "search_upper_amplitude_pu": 0.3,
        "conservative_safe_amplitude_pu": 0.0982,
        "first_failure_amplitude_pu": 0.10669999999999999,
        "bracket_width_pu": 0.008499999999999994,
        "tolerance_pu": 0.01,
        "precision_status": "within_frozen_tolerance",
        "bisection_iterations": 2
      },
      "joint_recovery_complete_boundary": {
        "label": "joint_valid_for_boundary",
        "status": "bracketed_first_failure",
        "center_safe": true,
        "all_safe": false,
        "first_failure_bracket": {
          "lower_amplitude_pu": 0.0982,
          "upper_amplitude_pu": 0.10669999999999999,
          "from_safe": true,
          "to_safe": false
        },
        "transitions": [
          {
            "lower_amplitude_pu": 0.0982,
            "upper_amplitude_pu": 0.10669999999999999,
            "from_safe": true,
            "to_safe": false
          }
        ],
        "non_star_shaped": false,
        "search_upper_amplitude_pu": 0.3,
        "conservative_safe_amplitude_pu": 0.0982,
        "first_failure_amplitude_pu": 0.10669999999999999,
        "bracket_width_pu": 0.008499999999999994,
        "tolerance_pu": 0.01,
        "precision_status": "within_frozen_tolerance",
        "bisection_iterations": 0
      },
      "solver_failure_total": 0,
      "recovery_phase_physical_violation_case_files": [],
      "evaluation_count": 9
    },
    {
      "wave_ray_index": 70,
      "global_ray_key": {
        "power_pu": 1.0,
        "soc": 0.8,
        "phase_rad": 4.71238898038469,
        "controller": "PID",
        "frequency_label": "q0.99"
      },
      "coarse_scan": {
        "amplitude_grid_pu": [
          0.0,
          0.024548310554290048,
          0.0544,
          0.0982,
          0.1322,
          0.2168,
          0.3
        ],
        "evaluation_count": 7,
        "forcing_stage": {
          "label": "forcing_stage_safe",
          "status": "bracketed_first_failure",
          "center_safe": true,
          "all_safe": false,
          "first_failure_bracket": {
            "lower_amplitude_pu": 0.0544,
            "upper_amplitude_pu": 0.0982,
            "from_safe": true,
            "to_safe": false
          },
          "transitions": [
            {
              "lower_amplitude_pu": 0.0544,
              "upper_amplitude_pu": 0.0982,
              "from_safe": true,
              "to_safe": false
            }
          ],
          "non_star_shaped": false,
          "search_upper_amplitude_pu": 0.3
        },
        "joint_recovery": {
          "label": "joint_valid_for_boundary",
          "status": "bracketed_first_failure",
          "center_safe": true,
          "all_safe": false,
          "first_failure_bracket": {
            "lower_amplitude_pu": 0.0544,
            "upper_amplitude_pu": 0.0982,
            "from_safe": true,
            "to_safe": false
          },
          "transitions": [
            {
              "lower_amplitude_pu": 0.0544,
              "upper_amplitude_pu": 0.0982,
              "from_safe": true,
              "to_safe": false
            }
          ],
          "non_star_shaped": false,
          "search_upper_amplitude_pu": 0.3
        }
      },
      "forcing_stage_boundary": {
        "label": "forcing_stage_safe",
        "status": "bracketed_first_failure",
        "center_safe": true,
        "all_safe": false,
        "first_failure_bracket": {
          "lower_amplitude_pu": 0.07629999999999999,
          "upper_amplitude_pu": 0.08177499999999999,
          "from_safe": true,
          "to_safe": false
        },
        "transitions": [
          {
            "lower_amplitude_pu": 0.07629999999999999,
            "upper_amplitude_pu": 0.08177499999999999,
            "from_safe": true,
            "to_safe": false
          }
        ],
        "non_star_shaped": false,
        "search_upper_amplitude_pu": 0.3,
        "conservative_safe_amplitude_pu": 0.07629999999999999,
        "first_failure_amplitude_pu": 0.08177499999999999,
        "bracket_width_pu": 0.005474999999999994,
        "tolerance_pu": 0.01,
        "precision_status": "within_frozen_tolerance",
        "bisection_iterations": 3
      },
      "joint_recovery_complete_boundary": {
        "label": "joint_valid_for_boundary",
        "status": "bracketed_first_failure",
        "center_safe": true,
        "all_safe": false,
        "first_failure_bracket": {
          "lower_amplitude_pu": 0.07629999999999999,
          "upper_amplitude_pu": 0.08177499999999999,
          "from_safe": true,
          "to_safe": false
        },
        "transitions": [
          {
            "lower_amplitude_pu": 0.07629999999999999,
            "upper_amplitude_pu": 0.08177499999999999,
            "from_safe": true,
            "to_safe": false
          }
        ],
        "non_star_shaped": false,
        "search_upper_amplitude_pu": 0.3,
        "conservative_safe_amplitude_pu": 0.07629999999999999,
        "first_failure_amplitude_pu": 0.08177499999999999,
        "bracket_width_pu": 0.005474999999999994,
        "tolerance_pu": 0.01,
        "precision_status": "within_frozen_tolerance",
        "bisection_iterations": 0
      },
      "solver_failure_total": 0,
      "recovery_phase_physical_violation_case_files": [],
      "evaluation_count": 10
    },
    {
      "wave_ray_index": 71,
      "global_ray_key": {
        "power_pu": 1.0,
        "soc": 0.8,
        "phase_rad": 4.71238898038469,
        "controller": "MPC",
        "frequency_label": "q0.99"
      },
      "coarse_scan": {
        "amplitude_grid_pu": [
          0.0,
          0.024548310554290048,
          0.0544,
          0.0982,
          0.1322,
          0.2168,
          0.3
        ],
        "evaluation_count": 7,
        "forcing_stage": {
          "label": "forcing_stage_safe",
          "status": "bracketed_first_failure",
          "center_safe": true,
          "all_safe": false,
          "first_failure_bracket": {
            "lower_amplitude_pu": 0.0544,
            "upper_amplitude_pu": 0.0982,
            "from_safe": true,
            "to_safe": false
          },
          "transitions": [
            {
              "lower_amplitude_pu": 0.0544,
              "upper_amplitude_pu": 0.0982,
              "from_safe": true,
              "to_safe": false
            }
          ],
          "non_star_shaped": false,
          "search_upper_amplitude_pu": 0.3
        },
        "joint_recovery": {
          "label": "joint_valid_for_boundary",
          "status": "bracketed_first_failure",
          "center_safe": true,
          "all_safe": false,
          "first_failure_bracket": {
            "lower_amplitude_pu": 0.0544,
            "upper_amplitude_pu": 0.0982,
            "from_safe": true,
            "to_safe": false
          },
          "transitions": [
            {
              "lower_amplitude_pu": 0.0544,
              "upper_amplitude_pu": 0.0982,
              "from_safe": true,
              "to_safe": false
            }
          ],
          "non_star_shaped": false,
          "search_upper_amplitude_pu": 0.3
        }
      },
      "forcing_stage_boundary": {
        "label": "forcing_stage_safe",
        "status": "bracketed_first_failure",
        "center_safe": true,
        "all_safe": false,
        "first_failure_bracket": {
          "lower_amplitude_pu": 0.07629999999999999,
          "upper_amplitude_pu": 0.08177499999999999,
          "from_safe": true,
          "to_safe": false
        },
        "transitions": [
          {
            "lower_amplitude_pu": 0.07629999999999999,
            "upper_amplitude_pu": 0.08177499999999999,
            "from_safe": true,
            "to_safe": false
          }
        ],
        "non_star_shaped": false,
        "search_upper_amplitude_pu": 0.3,
        "conservative_safe_amplitude_pu": 0.07629999999999999,
        "first_failure_amplitude_pu": 0.08177499999999999,
        "bracket_width_pu": 0.005474999999999994,
        "tolerance_pu": 0.01,
        "precision_status": "within_frozen_tolerance",
        "bisection_iterations": 3
      },
      "joint_recovery_complete_boundary": {
        "label": "joint_valid_for_boundary",
        "status": "bracketed_first_failure",
        "center_safe": true,
        "all_safe": false,
        "first_failure_bracket": {
          "lower_amplitude_pu": 0.07629999999999999,
          "upper_amplitude_pu": 0.08177499999999999,
          "from_safe": true,
          "to_safe": false
        },
        "transitions": [
          {
            "lower_amplitude_pu": 0.07629999999999999,
            "upper_amplitude_pu": 0.08177499999999999,
            "from_safe": true,
            "to_safe": false
          }
        ],
        "non_star_shaped": false,
        "search_upper_amplitude_pu": 0.3,
        "conservative_safe_amplitude_pu": 0.07629999999999999,
        "first_failure_amplitude_pu": 0.08177499999999999,
        "bracket_width_pu": 0.005474999999999994,
        "tolerance_pu": 0.01,
        "precision_status": "within_frozen_tolerance",
        "bisection_iterations": 0
      },
      "solver_failure_total": 0,
      "recovery_phase_physical_violation_case_files": [],
      "evaluation_count": 10
    }
  ],
  "refinement_review": {
    "refinement_id": "E2-F2-Q099-REFINEMENT-V1",
    "precheck_aggregate_path": "D:\\mpc_gpt\\research_execution\\04_experiments\\runs\\e2_f2_q099_mpc_upper_extension_v1\\e2_f2_q0.99_precheck_extended_aggregate.json",
    "precheck_aggregate_sha256": "55E2045FA359C7952A005B86D56D04C74042488D9C77637593B0825B961DA0B7",
    "refinement_config_path": "D:\\mpc_gpt\\research_execution\\04_experiments\\configs\\e2_f2_q099_refinement_v1.json",
    "refinement_config_sha256": "C63709FFD73650CCDC4C321A9384F675471E5472A79BE4CA074A8CFB3CBD64B1",
    "refinement_runner_sha256": "F41E9806D17782601AB02C9E927D2A437D60AFF10DF749E6A007C73ED8F173C6",
    "reused_merged_f2_precheck_cases": true,
    "reused_f1_center_cases": false,
    "forcing_and_joint_refined_separately": true
  }
}
