{"ray_index": 4, "returncode": 0, "log": "D:\\mpc_gpt\\research_execution\\04_experiments\\runs\\e2_f2_cross_operating_q099_precheck_v1\\process_logs\\q0.99_precheck_ray_0004.log"}
{"ray_index": 0, "returncode": 0, "log": "D:\\mpc_gpt\\research_execution\\04_experiments\\runs\\e2_f2_cross_operating_q099_precheck_v1\\process_logs\\q0.99_precheck_ray_0000.log"}
{"ray_index": 2, "returncode": 0, "log": "D:\\mpc_gpt\\research_execution\\04_experiments\\runs\\e2_f2_cross_operating_q099_precheck_v1\\process_logs\\q0.99_precheck_ray_0002.log"}
{"ray_index": 1, "returncode": 0, "log": "D:\\mpc_gpt\\research_execution\\04_experiments\\runs\\e2_f2_cross_operating_q099_precheck_v1\\process_logs\\q0.99_precheck_ray_0001.log"}
{"ray_index": 5, "returncode": 0, "log": "D:\\mpc_gpt\\research_execution\\04_experiments\\runs\\e2_f2_cross_operating_q099_precheck_v1\\process_logs\\q0.99_precheck_ray_0005.log"}
{"ray_index": 3, "returncode": 0, "log": "D:\\mpc_gpt\\research_execution\\04_experiments\\runs\\e2_f2_cross_operating_q099_precheck_v1\\process_logs\\q0.99_precheck_ray_0003.log"}
{"ray_index": 6, "returncode": 0, "log": "D:\\mpc_gpt\\research_execution\\04_experiments\\runs\\e2_f2_cross_operating_q099_precheck_v1\\process_logs\\q0.99_precheck_ray_0006.log"}
{"ray_index": 8, "returncode": 0, "log": "D:\\mpc_gpt\\research_execution\\04_experiments\\runs\\e2_f2_cross_operating_q099_precheck_v1\\process_logs\\q0.99_precheck_ray_0008.log"}
{"ray_index": 7, "returncode": 0, "log": "D:\\mpc_gpt\\research_execution\\04_experiments\\runs\\e2_f2_cross_operating_q099_precheck_v1\\process_logs\\q0.99_precheck_ray_0007.log"}
{"ray_index": 10, "returncode": 0, "log": "D:\\mpc_gpt\\research_execution\\04_experiments\\runs\\e2_f2_cross_operating_q099_precheck_v1\\process_logs\\q0.99_precheck_ray_0010.log"}
{"ray_index": 9, "returncode": 0, "log": "D:\\mpc_gpt\\research_execution\\04_experiments\\runs\\e2_f2_cross_operating_q099_precheck_v1\\process_logs\\q0.99_precheck_ray_0009.log"}
{"ray_index": 11, "returncode": 0, "log": "D:\\mpc_gpt\\research_execution\\04_experiments\\runs\\e2_f2_cross_operating_q099_precheck_v1\\process_logs\\q0.99_precheck_ray_0011.log"}
{"ray_index": 12, "returncode": 0, "log": "D:\\mpc_gpt\\research_execution\\04_experiments\\runs\\e2_f2_cross_operating_q099_precheck_v1\\process_logs\\q0.99_precheck_ray_0012.log"}
{"ray_index": 13, "returncode": 0, "log": "D:\\mpc_gpt\\research_execution\\04_experiments\\runs\\e2_f2_cross_operating_q099_precheck_v1\\process_logs\\q0.99_precheck_ray_0013.log"}
{"ray_index": 14, "returncode": 0, "log": "D:\\mpc_gpt\\research_execution\\04_experiments\\runs\\e2_f2_cross_operating_q099_precheck_v1\\process_logs\\q0.99_precheck_ray_0014.log"}
{"ray_index": 16, "returncode": 0, "log": "D:\\mpc_gpt\\research_execution\\04_experiments\\runs\\e2_f2_cross_operating_q099_precheck_v1\\process_logs\\q0.99_precheck_ray_0016.log"}
{"ray_index": 15, "returncode": 0, "log": "D:\\mpc_gpt\\research_execution\\04_experiments\\runs\\e2_f2_cross_operating_q099_precheck_v1\\process_logs\\q0.99_precheck_ray_0015.log"}
{"ray_index": 17, "returncode": 0, "log": "D:\\mpc_gpt\\research_execution\\04_experiments\\runs\\e2_f2_cross_operating_q099_precheck_v1\\process_logs\\q0.99_precheck_ray_0017.log"}
{"ray_index": 18, "returncode": 0, "log": "D:\\mpc_gpt\\research_execution\\04_experiments\\runs\\e2_f2_cross_operating_q099_precheck_v1\\process_logs\\q0.99_precheck_ray_0018.log"}
{"ray_index": 20, "returncode": 0, "log": "D:\\mpc_gpt\\research_execution\\04_experiments\\runs\\e2_f2_cross_operating_q099_precheck_v1\\process_logs\\q0.99_precheck_ray_0020.log"}
{"ray_index": 19, "returncode": 0, "log": "D:\\mpc_gpt\\research_execution\\04_experiments\\runs\\e2_f2_cross_operating_q099_precheck_v1\\process_logs\\q0.99_precheck_ray_0019.log"}
{"ray_index": 22, "returncode": 0, "log": "D:\\mpc_gpt\\research_execution\\04_experiments\\runs\\e2_f2_cross_operating_q099_precheck_v1\\process_logs\\q0.99_precheck_ray_0022.log"}
{"ray_index": 21, "returncode": 0, "log": "D:\\mpc_gpt\\research_execution\\04_experiments\\runs\\e2_f2_cross_operating_q099_precheck_v1\\process_logs\\q0.99_precheck_ray_0021.log"}
{"ray_index": 23, "returncode": 0, "log": "D:\\mpc_gpt\\research_execution\\04_experiments\\runs\\e2_f2_cross_operating_q099_precheck_v1\\process_logs\\q0.99_precheck_ray_0023.log"}
{"ray_index": 24, "returncode": 0, "log": "D:\\mpc_gpt\\research_execution\\04_experiments\\runs\\e2_f2_cross_operating_q099_precheck_v1\\process_logs\\q0.99_precheck_ray_0024.log"}
{"ray_index": 25, "returncode": 0, "log": "D:\\mpc_gpt\\research_execution\\04_experiments\\runs\\e2_f2_cross_operating_q099_precheck_v1\\process_logs\\q0.99_precheck_ray_0025.log"}
{"ray_index": 26, "returncode": 0, "log": "D:\\mpc_gpt\\research_execution\\04_experiments\\runs\\e2_f2_cross_operating_q099_precheck_v1\\process_logs\\q0.99_precheck_ray_0026.log"}
{"ray_index": 28, "returncode": 0, "log": "D:\\mpc_gpt\\research_execution\\04_experiments\\runs\\e2_f2_cross_operating_q099_precheck_v1\\process_logs\\q0.99_precheck_ray_0028.log"}
{"ray_index": 27, "returncode": 0, "log": "D:\\mpc_gpt\\research_execution\\04_experiments\\runs\\e2_f2_cross_operating_q099_precheck_v1\\process_logs\\q0.99_precheck_ray_0027.log"}
{"ray_index": 29, "returncode": 0, "log": "D:\\mpc_gpt\\research_execution\\04_experiments\\runs\\e2_f2_cross_operating_q099_precheck_v1\\process_logs\\q0.99_precheck_ray_0029.log"}
{"ray_index": 30, "returncode": 0, "log": "D:\\mpc_gpt\\research_execution\\04_experiments\\runs\\e2_f2_cross_operating_q099_precheck_v1\\process_logs\\q0.99_precheck_ray_0030.log"}
{"ray_index": 32, "returncode": 0, "log": "D:\\mpc_gpt\\research_execution\\04_experiments\\runs\\e2_f2_cross_operating_q099_precheck_v1\\process_logs\\q0.99_precheck_ray_0032.log"}
{"ray_index": 31, "returncode": 0, "log": "D:\\mpc_gpt\\research_execution\\04_experiments\\runs\\e2_f2_cross_operating_q099_precheck_v1\\process_logs\\q0.99_precheck_ray_0031.log"}
{"ray_index": 33, "returncode": 0, "log": "D:\\mpc_gpt\\research_execution\\04_experiments\\runs\\e2_f2_cross_operating_q099_precheck_v1\\process_logs\\q0.99_precheck_ray_0033.log"}
{"ray_index": 34, "returncode": 0, "log": "D:\\mpc_gpt\\research_execution\\04_experiments\\runs\\e2_f2_cross_operating_q099_precheck_v1\\process_logs\\q0.99_precheck_ray_0034.log"}
{"ray_index": 35, "returncode": 0, "log": "D:\\mpc_gpt\\research_execution\\04_experiments\\runs\\e2_f2_cross_operating_q099_precheck_v1\\process_logs\\q0.99_precheck_ray_0035.log"}
{"ray_index": 36, "returncode": 0, "log": "D:\\mpc_gpt\\research_execution\\04_experiments\\runs\\e2_f2_cross_operating_q099_precheck_v1\\process_logs\\q0.99_precheck_ray_0036.log"}
{"ray_index": 37, "returncode": 0, "log": "D:\\mpc_gpt\\research_execution\\04_experiments\\runs\\e2_f2_cross_operating_q099_precheck_v1\\process_logs\\q0.99_precheck_ray_0037.log"}
{"ray_index": 38, "returncode": 0, "log": "D:\\mpc_gpt\\research_execution\\04_experiments\\runs\\e2_f2_cross_operating_q099_precheck_v1\\process_logs\\q0.99_precheck_ray_0038.log"}
{"ray_index": 40, "returncode": 0, "log": "D:\\mpc_gpt\\research_execution\\04_experiments\\runs\\e2_f2_cross_operating_q099_precheck_v1\\process_logs\\q0.99_precheck_ray_0040.log"}
{"ray_index": 39, "returncode": 0, "log": "D:\\mpc_gpt\\research_execution\\04_experiments\\runs\\e2_f2_cross_operating_q099_precheck_v1\\process_logs\\q0.99_precheck_ray_0039.log"}
{"ray_index": 41, "returncode": 0, "log": "D:\\mpc_gpt\\research_execution\\04_experiments\\runs\\e2_f2_cross_operating_q099_precheck_v1\\process_logs\\q0.99_precheck_ray_0041.log"}
{"ray_index": 42, "returncode": 0, "log": "D:\\mpc_gpt\\research_execution\\04_experiments\\runs\\e2_f2_cross_operating_q099_precheck_v1\\process_logs\\q0.99_precheck_ray_0042.log"}
{"ray_index": 44, "returncode": 0, "log": "D:\\mpc_gpt\\research_execution\\04_experiments\\runs\\e2_f2_cross_operating_q099_precheck_v1\\process_logs\\q0.99_precheck_ray_0044.log"}
{"ray_index": 43, "returncode": 0, "log": "D:\\mpc_gpt\\research_execution\\04_experiments\\runs\\e2_f2_cross_operating_q099_precheck_v1\\process_logs\\q0.99_precheck_ray_0043.log"}
{"ray_index": 46, "returncode": 0, "log": "D:\\mpc_gpt\\research_execution\\04_experiments\\runs\\e2_f2_cross_operating_q099_precheck_v1\\process_logs\\q0.99_precheck_ray_0046.log"}
{"ray_index": 45, "returncode": 0, "log": "D:\\mpc_gpt\\research_execution\\04_experiments\\runs\\e2_f2_cross_operating_q099_precheck_v1\\process_logs\\q0.99_precheck_ray_0045.log"}
{"ray_index": 47, "returncode": 0, "log": "D:\\mpc_gpt\\research_execution\\04_experiments\\runs\\e2_f2_cross_operating_q099_precheck_v1\\process_logs\\q0.99_precheck_ray_0047.log"}
{"ray_index": 48, "returncode": 0, "log": "D:\\mpc_gpt\\research_execution\\04_experiments\\runs\\e2_f2_cross_operating_q099_precheck_v1\\process_logs\\q0.99_precheck_ray_0048.log"}
{"ray_index": 49, "returncode": 0, "log": "D:\\mpc_gpt\\research_execution\\04_experiments\\runs\\e2_f2_cross_operating_q099_precheck_v1\\process_logs\\q0.99_precheck_ray_0049.log"}
{"ray_index": 50, "returncode": 0, "log": "D:\\mpc_gpt\\research_execution\\04_experiments\\runs\\e2_f2_cross_operating_q099_precheck_v1\\process_logs\\q0.99_precheck_ray_0050.log"}
{"ray_index": 52, "returncode": 0, "log": "D:\\mpc_gpt\\research_execution\\04_experiments\\runs\\e2_f2_cross_operating_q099_precheck_v1\\process_logs\\q0.99_precheck_ray_0052.log"}
{"ray_index": 51, "returncode": 0, "log": "D:\\mpc_gpt\\research_execution\\04_experiments\\runs\\e2_f2_cross_operating_q099_precheck_v1\\process_logs\\q0.99_precheck_ray_0051.log"}
{"ray_index": 53, "returncode": 0, "log": "D:\\mpc_gpt\\research_execution\\04_experiments\\runs\\e2_f2_cross_operating_q099_precheck_v1\\process_logs\\q0.99_precheck_ray_0053.log"}
{"ray_index": 54, "returncode": 0, "log": "D:\\mpc_gpt\\research_execution\\04_experiments\\runs\\e2_f2_cross_operating_q099_precheck_v1\\process_logs\\q0.99_precheck_ray_0054.log"}
{"ray_index": 56, "returncode": 0, "log": "D:\\mpc_gpt\\research_execution\\04_experiments\\runs\\e2_f2_cross_operating_q099_precheck_v1\\process_logs\\q0.99_precheck_ray_0056.log"}
{"ray_index": 57, "returncode": 0, "log": "D:\\mpc_gpt\\research_execution\\04_experiments\\runs\\e2_f2_cross_operating_q099_precheck_v1\\process_logs\\q0.99_precheck_ray_0057.log"}
{"ray_index": 55, "returncode": 0, "log": "D:\\mpc_gpt\\research_execution\\04_experiments\\runs\\e2_f2_cross_operating_q099_precheck_v1\\process_logs\\q0.99_precheck_ray_0055.log"}
{"ray_index": 58, "returncode": 0, "log": "D:\\mpc_gpt\\research_execution\\04_experiments\\runs\\e2_f2_cross_operating_q099_precheck_v1\\process_logs\\q0.99_precheck_ray_0058.log"}
{"ray_index": 59, "returncode": 0, "log": "D:\\mpc_gpt\\research_execution\\04_experiments\\runs\\e2_f2_cross_operating_q099_precheck_v1\\process_logs\\q0.99_precheck_ray_0059.log"}
{"ray_index": 60, "returncode": 0, "log": "D:\\mpc_gpt\\research_execution\\04_experiments\\runs\\e2_f2_cross_operating_q099_precheck_v1\\process_logs\\q0.99_precheck_ray_0060.log"}
{"ray_index": 61, "returncode": 0, "log": "D:\\mpc_gpt\\research_execution\\04_experiments\\runs\\e2_f2_cross_operating_q099_precheck_v1\\process_logs\\q0.99_precheck_ray_0061.log"}
{"ray_index": 62, "returncode": 0, "log": "D:\\mpc_gpt\\research_execution\\04_experiments\\runs\\e2_f2_cross_operating_q099_precheck_v1\\process_logs\\q0.99_precheck_ray_0062.log"}
{"ray_index": 64, "returncode": 0, "log": "D:\\mpc_gpt\\research_execution\\04_experiments\\runs\\e2_f2_cross_operating_q099_precheck_v1\\process_logs\\q0.99_precheck_ray_0064.log"}
{"ray_index": 63, "returncode": 0, "log": "D:\\mpc_gpt\\research_execution\\04_experiments\\runs\\e2_f2_cross_operating_q099_precheck_v1\\process_logs\\q0.99_precheck_ray_0063.log"}
{"ray_index": 65, "returncode": 0, "log": "D:\\mpc_gpt\\research_execution\\04_experiments\\runs\\e2_f2_cross_operating_q099_precheck_v1\\process_logs\\q0.99_precheck_ray_0065.log"}
{"ray_index": 66, "returncode": 0, "log": "D:\\mpc_gpt\\research_execution\\04_experiments\\runs\\e2_f2_cross_operating_q099_precheck_v1\\process_logs\\q0.99_precheck_ray_0066.log"}
{"ray_index": 68, "returncode": 0, "log": "D:\\mpc_gpt\\research_execution\\04_experiments\\runs\\e2_f2_cross_operating_q099_precheck_v1\\process_logs\\q0.99_precheck_ray_0068.log"}
{"ray_index": 67, "returncode": 0, "log": "D:\\mpc_gpt\\research_execution\\04_experiments\\runs\\e2_f2_cross_operating_q099_precheck_v1\\process_logs\\q0.99_precheck_ray_0067.log"}
{"ray_index": 69, "returncode": 0, "log": "D:\\mpc_gpt\\research_execution\\04_experiments\\runs\\e2_f2_cross_operating_q099_precheck_v1\\process_logs\\q0.99_precheck_ray_0069.log"}
{"ray_index": 70, "returncode": 0, "log": "D:\\mpc_gpt\\research_execution\\04_experiments\\runs\\e2_f2_cross_operating_q099_precheck_v1\\process_logs\\q0.99_precheck_ray_0070.log"}
{"ray_index": 71, "returncode": 0, "log": "D:\\mpc_gpt\\research_execution\\04_experiments\\runs\\e2_f2_cross_operating_q099_precheck_v1\\process_logs\\q0.99_precheck_ray_0071.log"}
{
  "analysis_id": "E2-F2-CROSS-OPERATING-SLOW-V1",
  "status": "complete",
  "mode": "precheck",
  "frequency_label": "q0.99",
  "expected_ray_count": 72,
  "observed_ray_count": 72,
  "missing_ray_indices": [],
  "duplicate_ray_indices": [],
  "shared_identity": {
    "study_id": "E2-F2-CROSS-OPERATING-SLOW-V1",
    "mode": "precheck",
    "frequency_label": "q0.99",
    "config_sha256": "98B3C08719A647559C3979B5BE867706017CFE9C65CFCAA5A8911D8FB3013053",
    "core_code_bundle_sha256": "C931CE2936BF1A3C2A3EF3060AC34CF48CEBF133953EB8A2B5CE438F65DAA3B1",
    "f2_runner_sha256": "949CBCC8F6A5D062467F2D37C7C1E2B12893A84A19C0BD36F24A1B2C0562D43D"
  },
  "gating_issues": {
    "center_unsafe_ray_indices": [],
    "forcing_bracket_missing_ray_indices": [
      1,
      3,
      5,
      9,
      11,
      13,
      17,
      19,
      21
    ],
    "joint_bracket_missing_ray_indices": [
      1,
      3,
      5,
      9,
      11,
      13,
      17,
      19,
      21
    ],
    "forcing_non_star_ray_indices": [],
    "joint_non_star_ray_indices": [
      25,
      33,
      41
    ],
    "solver_failure_ray_indices": [],
    "recovery_phase_physical_violation_ray_indices": []
  },
  "precheck_gate_pass": false,
  "per_ray_bracket_policy": {
    "forcing_label": "forcing_stage_safe",
    "joint_label": "joint_valid_for_boundary",
    "recovery_completion_is_not_used_for_forcing_bisection": true,
    "f1_center_cases_merged": false
  },
  "rays": [
    {
      "wave_ray_index": 0,
      "global_ray_key": {
        "power_pu": 0.8,
        "soc": 0.2,
        "phase_rad": 0.0,
        "controller": "PID",
        "frequency_label": "q0.99"
      },
      "coarse_scan": {
        "amplitude_grid_pu": [
          0.0,
          0.024548310554290048,
          0.0544,
          0.0982,
          0.1322,
          0.2168,
          0.3
        ],
        "evaluation_count": 7,
        "forcing_stage": {
          "label": "forcing_stage_safe",
          "status": "bracketed_first_failure",
          "center_safe": true,
          "all_safe": false,
          "first_failure_bracket": {
            "lower_amplitude_pu": 0.2168,
            "upper_amplitude_pu": 0.3,
            "from_safe": true,
            "to_safe": false
          },
          "transitions": [
            {
              "lower_amplitude_pu": 0.2168,
              "upper_amplitude_pu": 0.3,
              "from_safe": true,
              "to_safe": false
            }
          ],
          "non_star_shaped": false,
          "search_upper_amplitude_pu": 0.3
        },
        "joint_recovery": {
          "label": "joint_valid_for_boundary",
          "status": "bracketed_first_failure",
          "center_safe": true,
          "all_safe": false,
          "first_failure_bracket": {
            "lower_amplitude_pu": 0.2168,
            "upper_amplitude_pu": 0.3,
            "from_safe": true,
            "to_safe": false
          },
          "transitions": [
            {
              "lower_amplitude_pu": 0.2168,
              "upper_amplitude_pu": 0.3,
              "from_safe": true,
              "to_safe": false
            }
          ],
          "non_star_shaped": false,
          "search_upper_amplitude_pu": 0.3
        }
      },
      "forcing_stage_boundary": {
        "label": "forcing_stage_safe",
        "status": "bracketed_first_failure",
        "center_safe": true,
        "all_safe": false,
        "first_failure_bracket": {
          "lower_amplitude_pu": 0.2168,
          "upper_amplitude_pu": 0.3,
          "from_safe": true,
          "to_safe": false
        },
        "transitions": [
          {
            "lower_amplitude_pu": 0.2168,
            "upper_amplitude_pu": 0.3,
            "from_safe": true,
            "to_safe": false
          }
        ],
        "non_star_shaped": false,
        "search_upper_amplitude_pu": 0.3
      },
      "joint_recovery_complete_boundary": {
        "label": "joint_valid_for_boundary",
        "status": "bracketed_first_failure",
        "center_safe": true,
        "all_safe": false,
        "first_failure_bracket": {
          "lower_amplitude_pu": 0.2168,
          "upper_amplitude_pu": 0.3,
          "from_safe": true,
          "to_safe": false
        },
        "transitions": [
          {
            "lower_amplitude_pu": 0.2168,
            "upper_amplitude_pu": 0.3,
            "from_safe": true,
            "to_safe": false
          }
        ],
        "non_star_shaped": false,
        "search_upper_amplitude_pu": 0.3
      },
      "solver_failure_total": 0,
      "recovery_phase_physical_violation_case_files": [],
      "evaluation_count": 7
    },
    {
      "wave_ray_index": 1,
      "global_ray_key": {
        "power_pu": 0.8,
        "soc": 0.2,
        "phase_rad": 0.0,
        "controller": "MPC",
        "frequency_label": "q0.99"
      },
      "coarse_scan": {
        "amplitude_grid_pu": [
          0.0,
          0.024548310554290048,
          0.0544,
          0.0982,
          0.1322,
          0.2168,
          0.3
        ],
        "evaluation_count": 7,
        "forcing_stage": {
          "label": "forcing_stage_safe",
          "status": "right_censored_at_search_upper",
          "center_safe": true,
          "all_safe": true,
          "first_failure_bracket": null,
          "transitions": [],
          "non_star_shaped": false,
          "search_upper_amplitude_pu": 0.3
        },
        "joint_recovery": {
          "label": "joint_valid_for_boundary",
          "status": "right_censored_at_search_upper",
          "center_safe": true,
          "all_safe": true,
          "first_failure_bracket": null,
          "transitions": [],
          "non_star_shaped": false,
          "search_upper_amplitude_pu": 0.3
        }
      },
      "forcing_stage_boundary": {
        "label": "forcing_stage_safe",
        "status": "right_censored_at_search_upper",
        "center_safe": true,
        "all_safe": true,
        "first_failure_bracket": null,
        "transitions": [],
        "non_star_shaped": false,
        "search_upper_amplitude_pu": 0.3
      },
      "joint_recovery_complete_boundary": {
        "label": "joint_valid_for_boundary",
        "status": "right_censored_at_search_upper",
        "center_safe": true,
        "all_safe": true,
        "first_failure_bracket": null,
        "transitions": [],
        "non_star_shaped": false,
        "search_upper_amplitude_pu": 0.3
      },
      "solver_failure_total": 0,
      "recovery_phase_physical_violation_case_files": [],
      "evaluation_count": 7
    },
    {
      "wave_ray_index": 2,
      "global_ray_key": {
        "power_pu": 0.8,
        "soc": 0.2,
        "phase_rad": 1.5707963267948966,
        "controller": "PID",
        "frequency_label": "q0.99"
      },
      "coarse_scan": {
        "amplitude_grid_pu": [
          0.0,
          0.024548310554290048,
          0.0544,
          0.0982,
          0.1322,
          0.2168,
          0.3
        ],
        "evaluation_count": 7,
        "forcing_stage": {
          "label": "forcing_stage_safe",
          "status": "bracketed_first_failure",
          "center_safe": true,
          "all_safe": false,
          "first_failure_bracket": {
            "lower_amplitude_pu": 0.2168,
            "upper_amplitude_pu": 0.3,
            "from_safe": true,
            "to_safe": false
          },
          "transitions": [
            {
              "lower_amplitude_pu": 0.2168,
              "upper_amplitude_pu": 0.3,
              "from_safe": true,
              "to_safe": false
            }
          ],
          "non_star_shaped": false,
          "search_upper_amplitude_pu": 0.3
        },
        "joint_recovery": {
          "label": "joint_valid_for_boundary",
          "status": "bracketed_first_failure",
          "center_safe": true,
          "all_safe": false,
          "first_failure_bracket": {
            "lower_amplitude_pu": 0.2168,
            "upper_amplitude_pu": 0.3,
            "from_safe": true,
            "to_safe": false
          },
          "transitions": [
            {
              "lower_amplitude_pu": 0.2168,
              "upper_amplitude_pu": 0.3,
              "from_safe": true,
              "to_safe": false
            }
          ],
          "non_star_shaped": false,
          "search_upper_amplitude_pu": 0.3
        }
      },
      "forcing_stage_boundary": {
        "label": "forcing_stage_safe",
        "status": "bracketed_first_failure",
        "center_safe": true,
        "all_safe": false,
        "first_failure_bracket": {
          "lower_amplitude_pu": 0.2168,
          "upper_amplitude_pu": 0.3,
          "from_safe": true,
          "to_safe": false
        },
        "transitions": [
          {
            "lower_amplitude_pu": 0.2168,
            "upper_amplitude_pu": 0.3,
            "from_safe": true,
            "to_safe": false
          }
        ],
        "non_star_shaped": false,
        "search_upper_amplitude_pu": 0.3
      },
      "joint_recovery_complete_boundary": {
        "label": "joint_valid_for_boundary",
        "status": "bracketed_first_failure",
        "center_safe": true,
        "all_safe": false,
        "first_failure_bracket": {
          "lower_amplitude_pu": 0.2168,
          "upper_amplitude_pu": 0.3,
          "from_safe": true,
          "to_safe": false
        },
        "transitions": [
          {
            "lower_amplitude_pu": 0.2168,
            "upper_amplitude_pu": 0.3,
            "from_safe": true,
            "to_safe": false
          }
        ],
        "non_star_shaped": false,
        "search_upper_amplitude_pu": 0.3
      },
      "solver_failure_total": 0,
      "recovery_phase_physical_violation_case_files": [],
      "evaluation_count": 7
    },
    {
      "wave_ray_index": 3,
      "global_ray_key": {
        "power_pu": 0.8,
        "soc": 0.2,
        "phase_rad": 1.5707963267948966,
        "controller": "MPC",
        "frequency_label": "q0.99"
      },
      "coarse_scan": {
        "amplitude_grid_pu": [
          0.0,
          0.024548310554290048,
          0.0544,
          0.0982,
          0.1322,
          0.2168,
          0.3
        ],
        "evaluation_count": 7,
        "forcing_stage": {
          "label": "forcing_stage_safe",
          "status": "right_censored_at_search_upper",
          "center_safe": true,
          "all_safe": true,
          "first_failure_bracket": null,
          "transitions": [],
          "non_star_shaped": false,
          "search_upper_amplitude_pu": 0.3
        },
        "joint_recovery": {
          "label": "joint_valid_for_boundary",
          "status": "right_censored_at_search_upper",
          "center_safe": true,
          "all_safe": true,
          "first_failure_bracket": null,
          "transitions": [],
          "non_star_shaped": false,
          "search_upper_amplitude_pu": 0.3
        }
      },
      "forcing_stage_boundary": {
        "label": "forcing_stage_safe",
        "status": "right_censored_at_search_upper",
        "center_safe": true,
        "all_safe": true,
        "first_failure_bracket": null,
        "transitions": [],
        "non_star_shaped": false,
        "search_upper_amplitude_pu": 0.3
      },
      "joint_recovery_complete_boundary": {
        "label": "joint_valid_for_boundary",
        "status": "right_censored_at_search_upper",
        "center_safe": true,
        "all_safe": true,
        "first_failure_bracket": null,
        "transitions": [],
        "non_star_shaped": false,
        "search_upper_amplitude_pu": 0.3
      },
      "solver_failure_total": 0,
      "recovery_phase_physical_violation_case_files": [],
      "evaluation_count": 7
    },
    {
      "wave_ray_index": 4,
      "global_ray_key": {
        "power_pu": 0.8,
        "soc": 0.2,
        "phase_rad": 3.141592653589793,
        "controller": "PID",
        "frequency_label": "q0.99"
      },
      "coarse_scan": {
        "amplitude_grid_pu": [
          0.0,
          0.024548310554290048,
          0.0544,
          0.0982,
          0.1322,
          0.2168,
          0.3
        ],
        "evaluation_count": 7,
        "forcing_stage": {
          "label": "forcing_stage_safe",
          "status": "bracketed_first_failure",
          "center_safe": true,
          "all_safe": false,
          "first_failure_bracket": {
            "lower_amplitude_pu": 0.2168,
            "upper_amplitude_pu": 0.3,
            "from_safe": true,
            "to_safe": false
          },
          "transitions": [
            {
              "lower_amplitude_pu": 0.2168,
              "upper_amplitude_pu": 0.3,
              "from_safe": true,
              "to_safe": false
            }
          ],
          "non_star_shaped": false,
          "search_upper_amplitude_pu": 0.3
        },
        "joint_recovery": {
          "label": "joint_valid_for_boundary",
          "status": "bracketed_first_failure",
          "center_safe": true,
          "all_safe": false,
          "first_failure_bracket": {
            "lower_amplitude_pu": 0.2168,
            "upper_amplitude_pu": 0.3,
            "from_safe": true,
            "to_safe": false
          },
          "transitions": [
            {
              "lower_amplitude_pu": 0.2168,
              "upper_amplitude_pu": 0.3,
              "from_safe": true,
              "to_safe": false
            }
          ],
          "non_star_shaped": false,
          "search_upper_amplitude_pu": 0.3
        }
      },
      "forcing_stage_boundary": {
        "label": "forcing_stage_safe",
        "status": "bracketed_first_failure",
        "center_safe": true,
        "all_safe": false,
        "first_failure_bracket": {
          "lower_amplitude_pu": 0.2168,
          "upper_amplitude_pu": 0.3,
          "from_safe": true,
          "to_safe": false
        },
        "transitions": [
          {
            "lower_amplitude_pu": 0.2168,
            "upper_amplitude_pu": 0.3,
            "from_safe": true,
            "to_safe": false
          }
        ],
        "non_star_shaped": false,
        "search_upper_amplitude_pu": 0.3
      },
      "joint_recovery_complete_boundary": {
        "label": "joint_valid_for_boundary",
        "status": "bracketed_first_failure",
        "center_safe": true,
        "all_safe": false,
        "first_failure_bracket": {
          "lower_amplitude_pu": 0.2168,
          "upper_amplitude_pu": 0.3,
          "from_safe": true,
          "to_safe": false
        },
        "transitions": [
          {
            "lower_amplitude_pu": 0.2168,
            "upper_amplitude_pu": 0.3,
            "from_safe": true,
            "to_safe": false
          }
        ],
        "non_star_shaped": false,
        "search_upper_amplitude_pu": 0.3
      },
      "solver_failure_total": 0,
      "recovery_phase_physical_violation_case_files": [],
      "evaluation_count": 7
    },
    {
      "wave_ray_index": 5,
      "global_ray_key": {
        "power_pu": 0.8,
        "soc": 0.2,
        "phase_rad": 3.141592653589793,
        "controller": "MPC",
        "frequency_label": "q0.99"
      },
      "coarse_scan": {
        "amplitude_grid_pu": [
          0.0,
          0.024548310554290048,
          0.0544,
          0.0982,
          0.1322,
          0.2168,
          0.3
        ],
        "evaluation_count": 7,
        "forcing_stage": {
          "label": "forcing_stage_safe",
          "status": "right_censored_at_search_upper",
          "center_safe": true,
          "all_safe": true,
          "first_failure_bracket": null,
          "transitions": [],
          "non_star_shaped": false,
          "search_upper_amplitude_pu": 0.3
        },
        "joint_recovery": {
          "label": "joint_valid_for_boundary",
          "status": "right_censored_at_search_upper",
          "center_safe": true,
          "all_safe": true,
          "first_failure_bracket": null,
          "transitions": [],
          "non_star_shaped": false,
          "search_upper_amplitude_pu": 0.3
        }
      },
      "forcing_stage_boundary": {
        "label": "forcing_stage_safe",
        "status": "right_censored_at_search_upper",
        "center_safe": true,
        "all_safe": true,
        "first_failure_bracket": null,
        "transitions": [],
        "non_star_shaped": false,
        "search_upper_amplitude_pu": 0.3
      },
      "joint_recovery_complete_boundary": {
        "label": "joint_valid_for_boundary",
        "status": "right_censored_at_search_upper",
        "center_safe": true,
        "all_safe": true,
        "first_failure_bracket": null,
        "transitions": [],
        "non_star_shaped": false,
        "search_upper_amplitude_pu": 0.3
      },
      "solver_failure_total": 0,
      "recovery_phase_physical_violation_case_files": [],
      "evaluation_count": 7
    },
    {
      "wave_ray_index": 6,
      "global_ray_key": {
        "power_pu": 0.8,
        "soc": 0.2,
        "phase_rad": 4.71238898038469,
        "controller": "PID",
        "frequency_label": "q0.99"
      },
      "coarse_scan": {
        "amplitude_grid_pu": [
          0.0,
          0.024548310554290048,
          0.0544,
          0.0982,
          0.1322,
          0.2168,
          0.3
        ],
        "evaluation_count": 7,
        "forcing_stage": {
          "label": "forcing_stage_safe",
          "status": "bracketed_first_failure",
          "center_safe": true,
          "all_safe": false,
          "first_failure_bracket": {
            "lower_amplitude_pu": 0.2168,
            "upper_amplitude_pu": 0.3,
            "from_safe": true,
            "to_safe": false
          },
          "transitions": [
            {
              "lower_amplitude_pu": 0.2168,
              "upper_amplitude_pu": 0.3,
              "from_safe": true,
              "to_safe": false
            }
          ],
          "non_star_shaped": false,
          "search_upper_amplitude_pu": 0.3
        },
        "joint_recovery": {
          "label": "joint_valid_for_boundary",
          "status": "bracketed_first_failure",
          "center_safe": true,
          "all_safe": false,
          "first_failure_bracket": {
            "lower_amplitude_pu": 0.2168,
            "upper_amplitude_pu": 0.3,
            "from_safe": true,
            "to_safe": false
          },
          "transitions": [
            {
              "lower_amplitude_pu": 0.2168,
              "upper_amplitude_pu": 0.3,
              "from_safe": true,
              "to_safe": false
            }
          ],
          "non_star_shaped": false,
          "search_upper_amplitude_pu": 0.3
        }
      },
      "forcing_stage_boundary": {
        "label": "forcing_stage_safe",
        "status": "bracketed_first_failure",
        "center_safe": true,
        "all_safe": false,
        "first_failure_bracket": {
          "lower_amplitude_pu": 0.2168,
          "upper_amplitude_pu": 0.3,
          "from_safe": true,
          "to_safe": false
        },
        "transitions": [
          {
            "lower_amplitude_pu": 0.2168,
            "upper_amplitude_pu": 0.3,
            "from_safe": true,
            "to_safe": false
          }
        ],
        "non_star_shaped": false,
        "search_upper_amplitude_pu": 0.3
      },
      "joint_recovery_complete_boundary": {
        "label": "joint_valid_for_boundary",
        "status": "bracketed_first_failure",
        "center_safe": true,
        "all_safe": false,
        "first_failure_bracket": {
          "lower_amplitude_pu": 0.2168,
          "upper_amplitude_pu": 0.3,
          "from_safe": true,
          "to_safe": false
        },
        "transitions": [
          {
            "lower_amplitude_pu": 0.2168,
            "upper_amplitude_pu": 0.3,
            "from_safe": true,
            "to_safe": false
          }
        ],
        "non_star_shaped": false,
        "search_upper_amplitude_pu": 0.3
      },
      "solver_failure_total": 0,
      "recovery_phase_physical_violation_case_files": [],
      "evaluation_count": 7
    },
    {
      "wave_ray_index": 7,
      "global_ray_key": {
        "power_pu": 0.8,
        "soc": 0.2,
        "phase_rad": 4.71238898038469,
        "controller": "MPC",
        "frequency_label": "q0.99"
      },
      "coarse_scan": {
        "amplitude_grid_pu": [
          0.0,
          0.024548310554290048,
          0.0544,
          0.0982,
          0.1322,
          0.2168,
          0.3
        ],
        "evaluation_count": 7,
        "forcing_stage": {
          "label": "forcing_stage_safe",
          "status": "bracketed_first_failure",
          "center_safe": true,
          "all_safe": false,
          "first_failure_bracket": {
            "lower_amplitude_pu": 0.2168,
            "upper_amplitude_pu": 0.3,
            "from_safe": true,
            "to_safe": false
          },
          "transitions": [
            {
              "lower_amplitude_pu": 0.2168,
              "upper_amplitude_pu": 0.3,
              "from_safe": true,
              "to_safe": false
            }
          ],
          "non_star_shaped": false,
          "search_upper_amplitude_pu": 0.3
        },
        "joint_recovery": {
          "label": "joint_valid_for_boundary",
          "status": "bracketed_first_failure",
          "center_safe": true,
          "all_safe": false,
          "first_failure_bracket": {
            "lower_amplitude_pu": 0.2168,
            "upper_amplitude_pu": 0.3,
            "from_safe": true,
            "to_safe": false
          },
          "transitions": [
            {
              "lower_amplitude_pu": 0.2168,
              "upper_amplitude_pu": 0.3,
              "from_safe": true,
              "to_safe": false
            }
          ],
          "non_star_shaped": false,
          "search_upper_amplitude_pu": 0.3
        }
      },
      "forcing_stage_boundary": {
        "label": "forcing_stage_safe",
        "status": "bracketed_first_failure",
        "center_safe": true,
        "all_safe": false,
        "first_failure_bracket": {
          "lower_amplitude_pu": 0.2168,
          "upper_amplitude_pu": 0.3,
          "from_safe": true,
          "to_safe": false
        },
        "transitions": [
          {
            "lower_amplitude_pu": 0.2168,
            "upper_amplitude_pu": 0.3,
            "from_safe": true,
            "to_safe": false
          }
        ],
        "non_star_shaped": false,
        "search_upper_amplitude_pu": 0.3
      },
      "joint_recovery_complete_boundary": {
        "label": "joint_valid_for_boundary",
        "status": "bracketed_first_failure",
        "center_safe": true,
        "all_safe": false,
        "first_failure_bracket": {
          "lower_amplitude_pu": 0.2168,
          "upper_amplitude_pu": 0.3,
          "from_safe": true,
          "to_safe": false
        },
        "transitions": [
          {
            "lower_amplitude_pu": 0.2168,
            "upper_amplitude_pu": 0.3,
            "from_safe": true,
            "to_safe": false
          }
        ],
        "non_star_shaped": false,
        "search_upper_amplitude_pu": 0.3
      },
      "solver_failure_total": 0,
      "recovery_phase_physical_violation_case_files": [],
      "evaluation_count": 7
    },
    {
      "wave_ray_index": 8,
      "global_ray_key": {
        "power_pu": 0.8,
        "soc": 0.5,
        "phase_rad": 0.0,
        "controller": "PID",
        "frequency_label": "q0.99"
      },
      "coarse_scan": {
        "amplitude_grid_pu": [
          0.0,
          0.024548310554290048,
          0.0544,
          0.0982,
          0.1322,
          0.2168,
          0.3
        ],
        "evaluation_count": 7,
        "forcing_stage": {
          "label": "forcing_stage_safe",
          "status": "bracketed_first_failure",
          "center_safe": true,
          "all_safe": false,
          "first_failure_bracket": {
            "lower_amplitude_pu": 0.2168,
            "upper_amplitude_pu": 0.3,
            "from_safe": true,
            "to_safe": false
          },
          "transitions": [
            {
              "lower_amplitude_pu": 0.2168,
              "upper_amplitude_pu": 0.3,
              "from_safe": true,
              "to_safe": false
            }
          ],
          "non_star_shaped": false,
          "search_upper_amplitude_pu": 0.3
        },
        "joint_recovery": {
          "label": "joint_valid_for_boundary",
          "status": "bracketed_first_failure",
          "center_safe": true,
          "all_safe": false,
          "first_failure_bracket": {
            "lower_amplitude_pu": 0.2168,
            "upper_amplitude_pu": 0.3,
            "from_safe": true,
            "to_safe": false
          },
          "transitions": [
            {
              "lower_amplitude_pu": 0.2168,
              "upper_amplitude_pu": 0.3,
              "from_safe": true,
              "to_safe": false
            }
          ],
          "non_star_shaped": false,
          "search_upper_amplitude_pu": 0.3
        }
      },
      "forcing_stage_boundary": {
        "label": "forcing_stage_safe",
        "status": "bracketed_first_failure",
        "center_safe": true,
        "all_safe": false,
        "first_failure_bracket": {
          "lower_amplitude_pu": 0.2168,
          "upper_amplitude_pu": 0.3,
          "from_safe": true,
          "to_safe": false
        },
        "transitions": [
          {
            "lower_amplitude_pu": 0.2168,
            "upper_amplitude_pu": 0.3,
            "from_safe": true,
            "to_safe": false
          }
        ],
        "non_star_shaped": false,
        "search_upper_amplitude_pu": 0.3
      },
      "joint_recovery_complete_boundary": {
        "label": "joint_valid_for_boundary",
        "status": "bracketed_first_failure",
        "center_safe": true,
        "all_safe": false,
        "first_failure_bracket": {
          "lower_amplitude_pu": 0.2168,
          "upper_amplitude_pu": 0.3,
          "from_safe": true,
          "to_safe": false
        },
        "transitions": [
          {
            "lower_amplitude_pu": 0.2168,
            "upper_amplitude_pu": 0.3,
            "from_safe": true,
            "to_safe": false
          }
        ],
        "non_star_shaped": false,
        "search_upper_amplitude_pu": 0.3
      },
      "solver_failure_total": 0,
      "recovery_phase_physical_violation_case_files": [],
      "evaluation_count": 7
    },
    {
      "wave_ray_index": 9,
      "global_ray_key": {
        "power_pu": 0.8,
        "soc": 0.5,
        "phase_rad": 0.0,
        "controller": "MPC",
        "frequency_label": "q0.99"
      },
      "coarse_scan": {
        "amplitude_grid_pu": [
          0.0,
          0.024548310554290048,
          0.0544,
          0.0982,
          0.1322,
          0.2168,
          0.3
        ],
        "evaluation_count": 7,
        "forcing_stage": {
          "label": "forcing_stage_safe",
          "status": "right_censored_at_search_upper",
          "center_safe": true,
          "all_safe": true,
          "first_failure_bracket": null,
          "transitions": [],
          "non_star_shaped": false,
          "search_upper_amplitude_pu": 0.3
        },
        "joint_recovery": {
          "label": "joint_valid_for_boundary",
          "status": "right_censored_at_search_upper",
          "center_safe": true,
          "all_safe": true,
          "first_failure_bracket": null,
          "transitions": [],
          "non_star_shaped": false,
          "search_upper_amplitude_pu": 0.3
        }
      },
      "forcing_stage_boundary": {
        "label": "forcing_stage_safe",
        "status": "right_censored_at_search_upper",
        "center_safe": true,
        "all_safe": true,
        "first_failure_bracket": null,
        "transitions": [],
        "non_star_shaped": false,
        "search_upper_amplitude_pu": 0.3
      },
      "joint_recovery_complete_boundary": {
        "label": "joint_valid_for_boundary",
        "status": "right_censored_at_search_upper",
        "center_safe": true,
        "all_safe": true,
        "first_failure_bracket": null,
        "transitions": [],
        "non_star_shaped": false,
        "search_upper_amplitude_pu": 0.3
      },
      "solver_failure_total": 0,
      "recovery_phase_physical_violation_case_files": [],
      "evaluation_count": 7
    },
    {
      "wave_ray_index": 10,
      "global_ray_key": {
        "power_pu": 0.8,
        "soc": 0.5,
        "phase_rad": 1.5707963267948966,
        "controller": "PID",
        "frequency_label": "q0.99"
      },
      "coarse_scan": {
        "amplitude_grid_pu": [
          0.0,
          0.024548310554290048,
          0.0544,
          0.0982,
          0.1322,
          0.2168,
          0.3
        ],
        "evaluation_count": 7,
        "forcing_stage": {
          "label": "forcing_stage_safe",
          "status": "bracketed_first_failure",
          "center_safe": true,
          "all_safe": false,
          "first_failure_bracket": {
            "lower_amplitude_pu": 0.2168,
            "upper_amplitude_pu": 0.3,
            "from_safe": true,
            "to_safe": false
          },
          "transitions": [
            {
              "lower_amplitude_pu": 0.2168,
              "upper_amplitude_pu": 0.3,
              "from_safe": true,
              "to_safe": false
            }
          ],
          "non_star_shaped": false,
          "search_upper_amplitude_pu": 0.3
        },
        "joint_recovery": {
          "label": "joint_valid_for_boundary",
          "status": "bracketed_first_failure",
          "center_safe": true,
          "all_safe": false,
          "first_failure_bracket": {
            "lower_amplitude_pu": 0.2168,
            "upper_amplitude_pu": 0.3,
            "from_safe": true,
            "to_safe": false
          },
          "transitions": [
            {
              "lower_amplitude_pu": 0.2168,
              "upper_amplitude_pu": 0.3,
              "from_safe": true,
              "to_safe": false
            }
          ],
          "non_star_shaped": false,
          "search_upper_amplitude_pu": 0.3
        }
      },
      "forcing_stage_boundary": {
        "label": "forcing_stage_safe",
        "status": "bracketed_first_failure",
        "center_safe": true,
        "all_safe": false,
        "first_failure_bracket": {
          "lower_amplitude_pu": 0.2168,
          "upper_amplitude_pu": 0.3,
          "from_safe": true,
          "to_safe": false
        },
        "transitions": [
          {
            "lower_amplitude_pu": 0.2168,
            "upper_amplitude_pu": 0.3,
            "from_safe": true,
            "to_safe": false
          }
        ],
        "non_star_shaped": false,
        "search_upper_amplitude_pu": 0.3
      },
      "joint_recovery_complete_boundary": {
        "label": "joint_valid_for_boundary",
        "status": "bracketed_first_failure",
        "center_safe": true,
        "all_safe": false,
        "first_failure_bracket": {
          "lower_amplitude_pu": 0.2168,
          "upper_amplitude_pu": 0.3,
          "from_safe": true,
          "to_safe": false
        },
        "transitions": [
          {
            "lower_amplitude_pu": 0.2168,
            "upper_amplitude_pu": 0.3,
            "from_safe": true,
            "to_safe": false
          }
        ],
        "non_star_shaped": false,
        "search_upper_amplitude_pu": 0.3
      },
      "solver_failure_total": 0,
      "recovery_phase_physical_violation_case_files": [],
      "evaluation_count": 7
    },
    {
      "wave_ray_index": 11,
      "global_ray_key": {
        "power_pu": 0.8,
        "soc": 0.5,
        "phase_rad": 1.5707963267948966,
        "controller": "MPC",
        "frequency_label": "q0.99"
      },
      "coarse_scan": {
        "amplitude_grid_pu": [
          0.0,
          0.024548310554290048,
          0.0544,
          0.0982,
          0.1322,
          0.2168,
          0.3
        ],
        "evaluation_count": 7,
        "forcing_stage": {
          "label": "forcing_stage_safe",
          "status": "right_censored_at_search_upper",
          "center_safe": true,
          "all_safe": true,
          "first_failure_bracket": null,
          "transitions": [],
          "non_star_shaped": false,
          "search_upper_amplitude_pu": 0.3
        },
        "joint_recovery": {
          "label": "joint_valid_for_boundary",
          "status": "right_censored_at_search_upper",
          "center_safe": true,
          "all_safe": true,
          "first_failure_bracket": null,
          "transitions": [],
          "non_star_shaped": false,
          "search_upper_amplitude_pu": 0.3
        }
      },
      "forcing_stage_boundary": {
        "label": "forcing_stage_safe",
        "status": "right_censored_at_search_upper",
        "center_safe": true,
        "all_safe": true,
        "first_failure_bracket": null,
        "transitions": [],
        "non_star_shaped": false,
        "search_upper_amplitude_pu": 0.3
      },
      "joint_recovery_complete_boundary": {
        "label": "joint_valid_for_boundary",
        "status": "right_censored_at_search_upper",
        "center_safe": true,
        "all_safe": true,
        "first_failure_bracket": null,
        "transitions": [],
        "non_star_shaped": false,
        "search_upper_amplitude_pu": 0.3
      },
      "solver_failure_total": 0,
      "recovery_phase_physical_violation_case_files": [],
      "evaluation_count": 7
    },
    {
      "wave_ray_index": 12,
      "global_ray_key": {
        "power_pu": 0.8,
        "soc": 0.5,
        "phase_rad": 3.141592653589793,
        "controller": "PID",
        "frequency_label": "q0.99"
      },
      "coarse_scan": {
        "amplitude_grid_pu": [
          0.0,
          0.024548310554290048,
          0.0544,
          0.0982,
          0.1322,
          0.2168,
          0.3
        ],
        "evaluation_count": 7,
        "forcing_stage": {
          "label": "forcing_stage_safe",
          "status": "bracketed_first_failure",
          "center_safe": true,
          "all_safe": false,
          "first_failure_bracket": {
            "lower_amplitude_pu": 0.2168,
            "upper_amplitude_pu": 0.3,
            "from_safe": true,
            "to_safe": false
          },
          "transitions": [
            {
              "lower_amplitude_pu": 0.2168,
              "upper_amplitude_pu": 0.3,
              "from_safe": true,
              "to_safe": false
            }
          ],
          "non_star_shaped": false,
          "search_upper_amplitude_pu": 0.3
        },
        "joint_recovery": {
          "label": "joint_valid_for_boundary",
          "status": "bracketed_first_failure",
          "center_safe": true,
          "all_safe": false,
          "first_failure_bracket": {
            "lower_amplitude_pu": 0.2168,
            "upper_amplitude_pu": 0.3,
            "from_safe": true,
            "to_safe": false
          },
          "transitions": [
            {
              "lower_amplitude_pu": 0.2168,
              "upper_amplitude_pu": 0.3,
              "from_safe": true,
              "to_safe": false
            }
          ],
          "non_star_shaped": false,
          "search_upper_amplitude_pu": 0.3
        }
      },
      "forcing_stage_boundary": {
        "label": "forcing_stage_safe",
        "status": "bracketed_first_failure",
        "center_safe": true,
        "all_safe": false,
        "first_failure_bracket": {
          "lower_amplitude_pu": 0.2168,
          "upper_amplitude_pu": 0.3,
          "from_safe": true,
          "to_safe": false
        },
        "transitions": [
          {
            "lower_amplitude_pu": 0.2168,
            "upper_amplitude_pu": 0.3,
            "from_safe": true,
            "to_safe": false
          }
        ],
        "non_star_shaped": false,
        "search_upper_amplitude_pu": 0.3
      },
      "joint_recovery_complete_boundary": {
        "label": "joint_valid_for_boundary",
        "status": "bracketed_first_failure",
        "center_safe": true,
        "all_safe": false,
        "first_failure_bracket": {
          "lower_amplitude_pu": 0.2168,
          "upper_amplitude_pu": 0.3,
          "from_safe": true,
          "to_safe": false
        },
        "transitions": [
          {
            "lower_amplitude_pu": 0.2168,
            "upper_amplitude_pu": 0.3,
            "from_safe": true,
            "to_safe": false
          }
        ],
        "non_star_shaped": false,
        "search_upper_amplitude_pu": 0.3
      },
      "solver_failure_total": 0,
      "recovery_phase_physical_violation_case_files": [],
      "evaluation_count": 7
    },
    {
      "wave_ray_index": 13,
      "global_ray_key": {
        "power_pu": 0.8,
        "soc": 0.5,
        "phase_rad": 3.141592653589793,
        "controller": "MPC",
        "frequency_label": "q0.99"
      },
      "coarse_scan": {
        "amplitude_grid_pu": [
          0.0,
          0.024548310554290048,
          0.0544,
          0.0982,
          0.1322,
          0.2168,
          0.3
        ],
        "evaluation_count": 7,
        "forcing_stage": {
          "label": "forcing_stage_safe",
          "status": "right_censored_at_search_upper",
          "center_safe": true,
          "all_safe": true,
          "first_failure_bracket": null,
          "transitions": [],
          "non_star_shaped": false,
          "search_upper_amplitude_pu": 0.3
        },
        "joint_recovery": {
          "label": "joint_valid_for_boundary",
          "status": "right_censored_at_search_upper",
          "center_safe": true,
          "all_safe": true,
          "first_failure_bracket": null,
          "transitions": [],
          "non_star_shaped": false,
          "search_upper_amplitude_pu": 0.3
        }
      },
      "forcing_stage_boundary": {
        "label": "forcing_stage_safe",
        "status": "right_censored_at_search_upper",
        "center_safe": true,
        "all_safe": true,
        "first_failure_bracket": null,
        "transitions": [],
        "non_star_shaped": false,
        "search_upper_amplitude_pu": 0.3
      },
      "joint_recovery_complete_boundary": {
        "label": "joint_valid_for_boundary",
        "status": "right_censored_at_search_upper",
        "center_safe": true,
        "all_safe": true,
        "first_failure_bracket": null,
        "transitions": [],
        "non_star_shaped": false,
        "search_upper_amplitude_pu": 0.3
      },
      "solver_failure_total": 0,
      "recovery_phase_physical_violation_case_files": [],
      "evaluation_count": 7
    },
    {
      "wave_ray_index": 14,
      "global_ray_key": {
        "power_pu": 0.8,
        "soc": 0.5,
        "phase_rad": 4.71238898038469,
        "controller": "PID",
        "frequency_label": "q0.99"
      },
      "coarse_scan": {
        "amplitude_grid_pu": [
          0.0,
          0.024548310554290048,
          0.0544,
          0.0982,
          0.1322,
          0.2168,
          0.3
        ],
        "evaluation_count": 7,
        "forcing_stage": {
          "label": "forcing_stage_safe",
          "status": "bracketed_first_failure",
          "center_safe": true,
          "all_safe": false,
          "first_failure_bracket": {
            "lower_amplitude_pu": 0.2168,
            "upper_amplitude_pu": 0.3,
            "from_safe": true,
            "to_safe": false
          },
          "transitions": [
            {
              "lower_amplitude_pu": 0.2168,
              "upper_amplitude_pu": 0.3,
              "from_safe": true,
              "to_safe": false
            }
          ],
          "non_star_shaped": false,
          "search_upper_amplitude_pu": 0.3
        },
        "joint_recovery": {
          "label": "joint_valid_for_boundary",
          "status": "bracketed_first_failure",
          "center_safe": true,
          "all_safe": false,
          "first_failure_bracket": {
            "lower_amplitude_pu": 0.2168,
            "upper_amplitude_pu": 0.3,
            "from_safe": true,
            "to_safe": false
          },
          "transitions": [
            {
              "lower_amplitude_pu": 0.2168,
              "upper_amplitude_pu": 0.3,
              "from_safe": true,
              "to_safe": false
            }
          ],
          "non_star_shaped": false,
          "search_upper_amplitude_pu": 0.3
        }
      },
      "forcing_stage_boundary": {
        "label": "forcing_stage_safe",
        "status": "bracketed_first_failure",
        "center_safe": true,
        "all_safe": false,
        "first_failure_bracket": {
          "lower_amplitude_pu": 0.2168,
          "upper_amplitude_pu": 0.3,
          "from_safe": true,
          "to_safe": false
        },
        "transitions": [
          {
            "lower_amplitude_pu": 0.2168,
            "upper_amplitude_pu": 0.3,
            "from_safe": true,
            "to_safe": false
          }
        ],
        "non_star_shaped": false,
        "search_upper_amplitude_pu": 0.3
      },
      "joint_recovery_complete_boundary": {
        "label": "joint_valid_for_boundary",
        "status": "bracketed_first_failure",
        "center_safe": true,
        "all_safe": false,
        "first_failure_bracket": {
          "lower_amplitude_pu": 0.2168,
          "upper_amplitude_pu": 0.3,
          "from_safe": true,
          "to_safe": false
        },
        "transitions": [
          {
            "lower_amplitude_pu": 0.2168,
            "upper_amplitude_pu": 0.3,
            "from_safe": true,
            "to_safe": false
          }
        ],
        "non_star_shaped": false,
        "search_upper_amplitude_pu": 0.3
      },
      "solver_failure_total": 0,
      "recovery_phase_physical_violation_case_files": [],
      "evaluation_count": 7
    },
    {
      "wave_ray_index": 15,
      "global_ray_key": {
        "power_pu": 0.8,
        "soc": 0.5,
        "phase_rad": 4.71238898038469,
        "controller": "MPC",
        "frequency_label": "q0.99"
      },
      "coarse_scan": {
        "amplitude_grid_pu": [
          0.0,
          0.024548310554290048,
          0.0544,
          0.0982,
          0.1322,
          0.2168,
          0.3
        ],
        "evaluation_count": 7,
        "forcing_stage": {
          "label": "forcing_stage_safe",
          "status": "bracketed_first_failure",
          "center_safe": true,
          "all_safe": false,
          "first_failure_bracket": {
            "lower_amplitude_pu": 0.2168,
            "upper_amplitude_pu": 0.3,
            "from_safe": true,
            "to_safe": false
          },
          "transitions": [
            {
              "lower_amplitude_pu": 0.2168,
              "upper_amplitude_pu": 0.3,
              "from_safe": true,
              "to_safe": false
            }
          ],
          "non_star_shaped": false,
          "search_upper_amplitude_pu": 0.3
        },
        "joint_recovery": {
          "label": "joint_valid_for_boundary",
          "status": "bracketed_first_failure",
          "center_safe": true,
          "all_safe": false,
          "first_failure_bracket": {
            "lower_amplitude_pu": 0.2168,
            "upper_amplitude_pu": 0.3,
            "from_safe": true,
            "to_safe": false
          },
          "transitions": [
            {
              "lower_amplitude_pu": 0.2168,
              "upper_amplitude_pu": 0.3,
              "from_safe": true,
              "to_safe": false
            }
          ],
          "non_star_shaped": false,
          "search_upper_amplitude_pu": 0.3
        }
      },
      "forcing_stage_boundary": {
        "label": "forcing_stage_safe",
        "status": "bracketed_first_failure",
        "center_safe": true,
        "all_safe": false,
        "first_failure_bracket": {
          "lower_amplitude_pu": 0.2168,
          "upper_amplitude_pu": 0.3,
          "from_safe": true,
          "to_safe": false
        },
        "transitions": [
          {
            "lower_amplitude_pu": 0.2168,
            "upper_amplitude_pu": 0.3,
            "from_safe": true,
            "to_safe": false
          }
        ],
        "non_star_shaped": false,
        "search_upper_amplitude_pu": 0.3
      },
      "joint_recovery_complete_boundary": {
        "label": "joint_valid_for_boundary",
        "status": "bracketed_first_failure",
        "center_safe": true,
        "all_safe": false,
        "first_failure_bracket": {
          "lower_amplitude_pu": 0.2168,
          "upper_amplitude_pu": 0.3,
          "from_safe": true,
          "to_safe": false
        },
        "transitions": [
          {
            "lower_amplitude_pu": 0.2168,
            "upper_amplitude_pu": 0.3,
            "from_safe": true,
            "to_safe": false
          }
        ],
        "non_star_shaped": false,
        "search_upper_amplitude_pu": 0.3
      },
      "solver_failure_total": 0,
      "recovery_phase_physical_violation_case_files": [],
      "evaluation_count": 7
    },
    {
      "wave_ray_index": 16,
      "global_ray_key": {
        "power_pu": 0.8,
        "soc": 0.8,
        "phase_rad": 0.0,
        "controller": "PID",
        "frequency_label": "q0.99"
      },
      "coarse_scan": {
        "amplitude_grid_pu": [
          0.0,
          0.024548310554290048,
          0.0544,
          0.0982,
          0.1322,
          0.2168,
          0.3
        ],
        "evaluation_count": 7,
        "forcing_stage": {
          "label": "forcing_stage_safe",
          "status": "bracketed_first_failure",
          "center_safe": true,
          "all_safe": false,
          "first_failure_bracket": {
            "lower_amplitude_pu": 0.2168,
            "upper_amplitude_pu": 0.3,
            "from_safe": true,
            "to_safe": false
          },
          "transitions": [
            {
              "lower_amplitude_pu": 0.2168,
              "upper_amplitude_pu": 0.3,
              "from_safe": true,
              "to_safe": false
            }
          ],
          "non_star_shaped": false,
          "search_upper_amplitude_pu": 0.3
        },
        "joint_recovery": {
          "label": "joint_valid_for_boundary",
          "status": "bracketed_first_failure",
          "center_safe": true,
          "all_safe": false,
          "first_failure_bracket": {
            "lower_amplitude_pu": 0.2168,
            "upper_amplitude_pu": 0.3,
            "from_safe": true,
            "to_safe": false
          },
          "transitions": [
            {
              "lower_amplitude_pu": 0.2168,
              "upper_amplitude_pu": 0.3,
              "from_safe": true,
              "to_safe": false
            }
          ],
          "non_star_shaped": false,
          "search_upper_amplitude_pu": 0.3
        }
      },
      "forcing_stage_boundary": {
        "label": "forcing_stage_safe",
        "status": "bracketed_first_failure",
        "center_safe": true,
        "all_safe": false,
        "first_failure_bracket": {
          "lower_amplitude_pu": 0.2168,
          "upper_amplitude_pu": 0.3,
          "from_safe": true,
          "to_safe": false
        },
        "transitions": [
          {
            "lower_amplitude_pu": 0.2168,
            "upper_amplitude_pu": 0.3,
            "from_safe": true,
            "to_safe": false
          }
        ],
        "non_star_shaped": false,
        "search_upper_amplitude_pu": 0.3
      },
      "joint_recovery_complete_boundary": {
        "label": "joint_valid_for_boundary",
        "status": "bracketed_first_failure",
        "center_safe": true,
        "all_safe": false,
        "first_failure_bracket": {
          "lower_amplitude_pu": 0.2168,
          "upper_amplitude_pu": 0.3,
          "from_safe": true,
          "to_safe": false
        },
        "transitions": [
          {
            "lower_amplitude_pu": 0.2168,
            "upper_amplitude_pu": 0.3,
            "from_safe": true,
            "to_safe": false
          }
        ],
        "non_star_shaped": false,
        "search_upper_amplitude_pu": 0.3
      },
      "solver_failure_total": 0,
      "recovery_phase_physical_violation_case_files": [],
      "evaluation_count": 7
    },
    {
      "wave_ray_index": 17,
      "global_ray_key": {
        "power_pu": 0.8,
        "soc": 0.8,
        "phase_rad": 0.0,
        "controller": "MPC",
        "frequency_label": "q0.99"
      },
      "coarse_scan": {
        "amplitude_grid_pu": [
          0.0,
          0.024548310554290048,
          0.0544,
          0.0982,
          0.1322,
          0.2168,
          0.3
        ],
        "evaluation_count": 7,
        "forcing_stage": {
          "label": "forcing_stage_safe",
          "status": "right_censored_at_search_upper",
          "center_safe": true,
          "all_safe": true,
          "first_failure_bracket": null,
          "transitions": [],
          "non_star_shaped": false,
          "search_upper_amplitude_pu": 0.3
        },
        "joint_recovery": {
          "label": "joint_valid_for_boundary",
          "status": "right_censored_at_search_upper",
          "center_safe": true,
          "all_safe": true,
          "first_failure_bracket": null,
          "transitions": [],
          "non_star_shaped": false,
          "search_upper_amplitude_pu": 0.3
        }
      },
      "forcing_stage_boundary": {
        "label": "forcing_stage_safe",
        "status": "right_censored_at_search_upper",
        "center_safe": true,
        "all_safe": true,
        "first_failure_bracket": null,
        "transitions": [],
        "non_star_shaped": false,
        "search_upper_amplitude_pu": 0.3
      },
      "joint_recovery_complete_boundary": {
        "label": "joint_valid_for_boundary",
        "status": "right_censored_at_search_upper",
        "center_safe": true,
        "all_safe": true,
        "first_failure_bracket": null,
        "transitions": [],
        "non_star_shaped": false,
        "search_upper_amplitude_pu": 0.3
      },
      "solver_failure_total": 0,
      "recovery_phase_physical_violation_case_files": [],
      "evaluation_count": 7
    },
    {
      "wave_ray_index": 18,
      "global_ray_key": {
        "power_pu": 0.8,
        "soc": 0.8,
        "phase_rad": 1.5707963267948966,
        "controller": "PID",
        "frequency_label": "q0.99"
      },
      "coarse_scan": {
        "amplitude_grid_pu": [
          0.0,
          0.024548310554290048,
          0.0544,
          0.0982,
          0.1322,
          0.2168,
          0.3
        ],
        "evaluation_count": 7,
        "forcing_stage": {
          "label": "forcing_stage_safe",
          "status": "bracketed_first_failure",
          "center_safe": true,
          "all_safe": false,
          "first_failure_bracket": {
            "lower_amplitude_pu": 0.2168,
            "upper_amplitude_pu": 0.3,
            "from_safe": true,
            "to_safe": false
          },
          "transitions": [
            {
              "lower_amplitude_pu": 0.2168,
              "upper_amplitude_pu": 0.3,
              "from_safe": true,
              "to_safe": false
            }
          ],
          "non_star_shaped": false,
          "search_upper_amplitude_pu": 0.3
        },
        "joint_recovery": {
          "label": "joint_valid_for_boundary",
          "status": "bracketed_first_failure",
          "center_safe": true,
          "all_safe": false,
          "first_failure_bracket": {
            "lower_amplitude_pu": 0.2168,
            "upper_amplitude_pu": 0.3,
            "from_safe": true,
            "to_safe": false
          },
          "transitions": [
            {
              "lower_amplitude_pu": 0.2168,
              "upper_amplitude_pu": 0.3,
              "from_safe": true,
              "to_safe": false
            }
          ],
          "non_star_shaped": false,
          "search_upper_amplitude_pu": 0.3
        }
      },
      "forcing_stage_boundary": {
        "label": "forcing_stage_safe",
        "status": "bracketed_first_failure",
        "center_safe": true,
        "all_safe": false,
        "first_failure_bracket": {
          "lower_amplitude_pu": 0.2168,
          "upper_amplitude_pu": 0.3,
          "from_safe": true,
          "to_safe": false
        },
        "transitions": [
          {
            "lower_amplitude_pu": 0.2168,
            "upper_amplitude_pu": 0.3,
            "from_safe": true,
            "to_safe": false
          }
        ],
        "non_star_shaped": false,
        "search_upper_amplitude_pu": 0.3
      },
      "joint_recovery_complete_boundary": {
        "label": "joint_valid_for_boundary",
        "status": "bracketed_first_failure",
        "center_safe": true,
        "all_safe": false,
        "first_failure_bracket": {
          "lower_amplitude_pu": 0.2168,
          "upper_amplitude_pu": 0.3,
          "from_safe": true,
          "to_safe": false
        },
        "transitions": [
          {
            "lower_amplitude_pu": 0.2168,
            "upper_amplitude_pu": 0.3,
            "from_safe": true,
            "to_safe": false
          }
        ],
        "non_star_shaped": false,
        "search_upper_amplitude_pu": 0.3
      },
      "solver_failure_total": 0,
      "recovery_phase_physical_violation_case_files": [],
      "evaluation_count": 7
    },
    {
      "wave_ray_index": 19,
      "global_ray_key": {
        "power_pu": 0.8,
        "soc": 0.8,
        "phase_rad": 1.5707963267948966,
        "controller": "MPC",
        "frequency_label": "q0.99"
      },
      "coarse_scan": {
        "amplitude_grid_pu": [
          0.0,
          0.024548310554290048,
          0.0544,
          0.0982,
          0.1322,
          0.2168,
          0.3
        ],
        "evaluation_count": 7,
        "forcing_stage": {
          "label": "forcing_stage_safe",
          "status": "right_censored_at_search_upper",
          "center_safe": true,
          "all_safe": true,
          "first_failure_bracket": null,
          "transitions": [],
          "non_star_shaped": false,
          "search_upper_amplitude_pu": 0.3
        },
        "joint_recovery": {
          "label": "joint_valid_for_boundary",
          "status": "right_censored_at_search_upper",
          "center_safe": true,
          "all_safe": true,
          "first_failure_bracket": null,
          "transitions": [],
          "non_star_shaped": false,
          "search_upper_amplitude_pu": 0.3
        }
      },
      "forcing_stage_boundary": {
        "label": "forcing_stage_safe",
        "status": "right_censored_at_search_upper",
        "center_safe": true,
        "all_safe": true,
        "first_failure_bracket": null,
        "transitions": [],
        "non_star_shaped": false,
        "search_upper_amplitude_pu": 0.3
      },
      "joint_recovery_complete_boundary": {
        "label": "joint_valid_for_boundary",
        "status": "right_censored_at_search_upper",
        "center_safe": true,
        "all_safe": true,
        "first_failure_bracket": null,
        "transitions": [],
        "non_star_shaped": false,
        "search_upper_amplitude_pu": 0.3
      },
      "solver_failure_total": 0,
      "recovery_phase_physical_violation_case_files": [],
      "evaluation_count": 7
    },
    {
      "wave_ray_index": 20,
      "global_ray_key": {
        "power_pu": 0.8,
        "soc": 0.8,
        "phase_rad": 3.141592653589793,
        "controller": "PID",
        "frequency_label": "q0.99"
      },
      "coarse_scan": {
        "amplitude_grid_pu": [
          0.0,
          0.024548310554290048,
          0.0544,
          0.0982,
          0.1322,
          0.2168,
          0.3
        ],
        "evaluation_count": 7,
        "forcing_stage": {
          "label": "forcing_stage_safe",
          "status": "bracketed_first_failure",
          "center_safe": true,
          "all_safe": false,
          "first_failure_bracket": {
            "lower_amplitude_pu": 0.2168,
            "upper_amplitude_pu": 0.3,
            "from_safe": true,
            "to_safe": false
          },
          "transitions": [
            {
              "lower_amplitude_pu": 0.2168,
              "upper_amplitude_pu": 0.3,
              "from_safe": true,
              "to_safe": false
            }
          ],
          "non_star_shaped": false,
          "search_upper_amplitude_pu": 0.3
        },
        "joint_recovery": {
          "label": "joint_valid_for_boundary",
          "status": "bracketed_first_failure",
          "center_safe": true,
          "all_safe": false,
          "first_failure_bracket": {
            "lower_amplitude_pu": 0.2168,
            "upper_amplitude_pu": 0.3,
            "from_safe": true,
            "to_safe": false
          },
          "transitions": [
            {
              "lower_amplitude_pu": 0.2168,
              "upper_amplitude_pu": 0.3,
              "from_safe": true,
              "to_safe": false
            }
          ],
          "non_star_shaped": false,
          "search_upper_amplitude_pu": 0.3
        }
      },
      "forcing_stage_boundary": {
        "label": "forcing_stage_safe",
        "status": "bracketed_first_failure",
        "center_safe": true,
        "all_safe": false,
        "first_failure_bracket": {
          "lower_amplitude_pu": 0.2168,
          "upper_amplitude_pu": 0.3,
          "from_safe": true,
          "to_safe": false
        },
        "transitions": [
          {
            "lower_amplitude_pu": 0.2168,
            "upper_amplitude_pu": 0.3,
            "from_safe": true,
            "to_safe": false
          }
        ],
        "non_star_shaped": false,
        "search_upper_amplitude_pu": 0.3
      },
      "joint_recovery_complete_boundary": {
        "label": "joint_valid_for_boundary",
        "status": "bracketed_first_failure",
        "center_safe": true,
        "all_safe": false,
        "first_failure_bracket": {
          "lower_amplitude_pu": 0.2168,
          "upper_amplitude_pu": 0.3,
          "from_safe": true,
          "to_safe": false
        },
        "transitions": [
          {
            "lower_amplitude_pu": 0.2168,
            "upper_amplitude_pu": 0.3,
            "from_safe": true,
            "to_safe": false
          }
        ],
        "non_star_shaped": false,
        "search_upper_amplitude_pu": 0.3
      },
      "solver_failure_total": 0,
      "recovery_phase_physical_violation_case_files": [],
      "evaluation_count": 7
    },
    {
      "wave_ray_index": 21,
      "global_ray_key": {
        "power_pu": 0.8,
        "soc": 0.8,
        "phase_rad": 3.141592653589793,
        "controller": "MPC",
        "frequency_label": "q0.99"
      },
      "coarse_scan": {
        "amplitude_grid_pu": [
          0.0,
          0.024548310554290048,
          0.0544,
          0.0982,
          0.1322,
          0.2168,
          0.3
        ],
        "evaluation_count": 7,
        "forcing_stage": {
          "label": "forcing_stage_safe",
          "status": "right_censored_at_search_upper",
          "center_safe": true,
          "all_safe": true,
          "first_failure_bracket": null,
          "transitions": [],
          "non_star_shaped": false,
          "search_upper_amplitude_pu": 0.3
        },
        "joint_recovery": {
          "label": "joint_valid_for_boundary",
          "status": "right_censored_at_search_upper",
          "center_safe": true,
          "all_safe": true,
          "first_failure_bracket": null,
          "transitions": [],
          "non_star_shaped": false,
          "search_upper_amplitude_pu": 0.3
        }
      },
      "forcing_stage_boundary": {
        "label": "forcing_stage_safe",
        "status": "right_censored_at_search_upper",
        "center_safe": true,
        "all_safe": true,
        "first_failure_bracket": null,
        "transitions": [],
        "non_star_shaped": false,
        "search_upper_amplitude_pu": 0.3
      },
      "joint_recovery_complete_boundary": {
        "label": "joint_valid_for_boundary",
        "status": "right_censored_at_search_upper",
        "center_safe": true,
        "all_safe": true,
        "first_failure_bracket": null,
        "transitions": [],
        "non_star_shaped": false,
        "search_upper_amplitude_pu": 0.3
      },
      "solver_failure_total": 0,
      "recovery_phase_physical_violation_case_files": [],
      "evaluation_count": 7
    },
    {
      "wave_ray_index": 22,
      "global_ray_key": {
        "power_pu": 0.8,
        "soc": 0.8,
        "phase_rad": 4.71238898038469,
        "controller": "PID",
        "frequency_label": "q0.99"
      },
      "coarse_scan": {
        "amplitude_grid_pu": [
          0.0,
          0.024548310554290048,
          0.0544,
          0.0982,
          0.1322,
          0.2168,
          0.3
        ],
        "evaluation_count": 7,
        "forcing_stage": {
          "label": "forcing_stage_safe",
          "status": "bracketed_first_failure",
          "center_safe": true,
          "all_safe": false,
          "first_failure_bracket": {
            "lower_amplitude_pu": 0.2168,
            "upper_amplitude_pu": 0.3,
            "from_safe": true,
            "to_safe": false
          },
          "transitions": [
            {
              "lower_amplitude_pu": 0.2168,
              "upper_amplitude_pu": 0.3,
              "from_safe": true,
              "to_safe": false
            }
          ],
          "non_star_shaped": false,
          "search_upper_amplitude_pu": 0.3
        },
        "joint_recovery": {
          "label": "joint_valid_for_boundary",
          "status": "bracketed_first_failure",
          "center_safe": true,
          "all_safe": false,
          "first_failure_bracket": {
            "lower_amplitude_pu": 0.2168,
            "upper_amplitude_pu": 0.3,
            "from_safe": true,
            "to_safe": false
          },
          "transitions": [
            {
              "lower_amplitude_pu": 0.2168,
              "upper_amplitude_pu": 0.3,
              "from_safe": true,
              "to_safe": false
            }
          ],
          "non_star_shaped": false,
          "search_upper_amplitude_pu": 0.3
        }
      },
      "forcing_stage_boundary": {
        "label": "forcing_stage_safe",
        "status": "bracketed_first_failure",
        "center_safe": true,
        "all_safe": false,
        "first_failure_bracket": {
          "lower_amplitude_pu": 0.2168,
          "upper_amplitude_pu": 0.3,
          "from_safe": true,
          "to_safe": false
        },
        "transitions": [
          {
            "lower_amplitude_pu": 0.2168,
            "upper_amplitude_pu": 0.3,
            "from_safe": true,
            "to_safe": false
          }
        ],
        "non_star_shaped": false,
        "search_upper_amplitude_pu": 0.3
      },
      "joint_recovery_complete_boundary": {
        "label": "joint_valid_for_boundary",
        "status": "bracketed_first_failure",
        "center_safe": true,
        "all_safe": false,
        "first_failure_bracket": {
          "lower_amplitude_pu": 0.2168,
          "upper_amplitude_pu": 0.3,
          "from_safe": true,
          "to_safe": false
        },
        "transitions": [
          {
            "lower_amplitude_pu": 0.2168,
            "upper_amplitude_pu": 0.3,
            "from_safe": true,
            "to_safe": false
          }
        ],
        "non_star_shaped": false,
        "search_upper_amplitude_pu": 0.3
      },
      "solver_failure_total": 0,
      "recovery_phase_physical_violation_case_files": [],
      "evaluation_count": 7
    },
    {
      "wave_ray_index": 23,
      "global_ray_key": {
        "power_pu": 0.8,
        "soc": 0.8,
        "phase_rad": 4.71238898038469,
        "controller": "MPC",
        "frequency_label": "q0.99"
      },
      "coarse_scan": {
        "amplitude_grid_pu": [
          0.0,
          0.024548310554290048,
          0.0544,
          0.0982,
          0.1322,
          0.2168,
          0.3
        ],
        "evaluation_count": 7,
        "forcing_stage": {
          "label": "forcing_stage_safe",
          "status": "bracketed_first_failure",
          "center_safe": true,
          "all_safe": false,
          "first_failure_bracket": {
            "lower_amplitude_pu": 0.2168,
            "upper_amplitude_pu": 0.3,
            "from_safe": true,
            "to_safe": false
          },
          "transitions": [
            {
              "lower_amplitude_pu": 0.2168,
              "upper_amplitude_pu": 0.3,
              "from_safe": true,
              "to_safe": false
            }
          ],
          "non_star_shaped": false,
          "search_upper_amplitude_pu": 0.3
        },
        "joint_recovery": {
          "label": "joint_valid_for_boundary",
          "status": "bracketed_first_failure",
          "center_safe": true,
          "all_safe": false,
          "first_failure_bracket": {
            "lower_amplitude_pu": 0.2168,
            "upper_amplitude_pu": 0.3,
            "from_safe": true,
            "to_safe": false
          },
          "transitions": [
            {
              "lower_amplitude_pu": 0.2168,
              "upper_amplitude_pu": 0.3,
              "from_safe": true,
              "to_safe": false
            }
          ],
          "non_star_shaped": false,
          "search_upper_amplitude_pu": 0.3
        }
      },
      "forcing_stage_boundary": {
        "label": "forcing_stage_safe",
        "status": "bracketed_first_failure",
        "center_safe": true,
        "all_safe": false,
        "first_failure_bracket": {
          "lower_amplitude_pu": 0.2168,
          "upper_amplitude_pu": 0.3,
          "from_safe": true,
          "to_safe": false
        },
        "transitions": [
          {
            "lower_amplitude_pu": 0.2168,
            "upper_amplitude_pu": 0.3,
            "from_safe": true,
            "to_safe": false
          }
        ],
        "non_star_shaped": false,
        "search_upper_amplitude_pu": 0.3
      },
      "joint_recovery_complete_boundary": {
        "label": "joint_valid_for_boundary",
        "status": "bracketed_first_failure",
        "center_safe": true,
        "all_safe": false,
        "first_failure_bracket": {
          "lower_amplitude_pu": 0.2168,
          "upper_amplitude_pu": 0.3,
          "from_safe": true,
          "to_safe": false
        },
        "transitions": [
          {
            "lower_amplitude_pu": 0.2168,
            "upper_amplitude_pu": 0.3,
            "from_safe": true,
            "to_safe": false
          }
        ],
        "non_star_shaped": false,
        "search_upper_amplitude_pu": 0.3
      },
      "solver_failure_total": 0,
      "recovery_phase_physical_violation_case_files": [],
      "evaluation_count": 7
    },
    {
      "wave_ray_index": 24,
      "global_ray_key": {
        "power_pu": 0.9,
        "soc": 0.2,
        "phase_rad": 0.0,
        "controller": "PID",
        "frequency_label": "q0.99"
      },
      "coarse_scan": {
        "amplitude_grid_pu": [
          0.0,
          0.024548310554290048,
          0.0544,
          0.0982,
          0.1322,
          0.2168,
          0.3
        ],
        "evaluation_count": 7,
        "forcing_stage": {
          "label": "forcing_stage_safe",
          "status": "bracketed_first_failure",
          "center_safe": true,
          "all_safe": false,
          "first_failure_bracket": {
            "lower_amplitude_pu": 0.1322,
            "upper_amplitude_pu": 0.2168,
            "from_safe": true,
            "to_safe": false
          },
          "transitions": [
            {
              "lower_amplitude_pu": 0.1322,
              "upper_amplitude_pu": 0.2168,
              "from_safe": true,
              "to_safe": false
            }
          ],
          "non_star_shaped": false,
          "search_upper_amplitude_pu": 0.3
        },
        "joint_recovery": {
          "label": "joint_valid_for_boundary",
          "status": "bracketed_first_failure",
          "center_safe": true,
          "all_safe": false,
          "first_failure_bracket": {
            "lower_amplitude_pu": 0.1322,
            "upper_amplitude_pu": 0.2168,
            "from_safe": true,
            "to_safe": false
          },
          "transitions": [
            {
              "lower_amplitude_pu": 0.1322,
              "upper_amplitude_pu": 0.2168,
              "from_safe": true,
              "to_safe": false
            }
          ],
          "non_star_shaped": false,
          "search_upper_amplitude_pu": 0.3
        }
      },
      "forcing_stage_boundary": {
        "label": "forcing_stage_safe",
        "status": "bracketed_first_failure",
        "center_safe": true,
        "all_safe": false,
        "first_failure_bracket": {
          "lower_amplitude_pu": 0.1322,
          "upper_amplitude_pu": 0.2168,
          "from_safe": true,
          "to_safe": false
        },
        "transitions": [
          {
            "lower_amplitude_pu": 0.1322,
            "upper_amplitude_pu": 0.2168,
            "from_safe": true,
            "to_safe": false
          }
        ],
        "non_star_shaped": false,
        "search_upper_amplitude_pu": 0.3
      },
      "joint_recovery_complete_boundary": {
        "label": "joint_valid_for_boundary",
        "status": "bracketed_first_failure",
        "center_safe": true,
        "all_safe": false,
        "first_failure_bracket": {
          "lower_amplitude_pu": 0.1322,
          "upper_amplitude_pu": 0.2168,
          "from_safe": true,
          "to_safe": false
        },
        "transitions": [
          {
            "lower_amplitude_pu": 0.1322,
            "upper_amplitude_pu": 0.2168,
            "from_safe": true,
            "to_safe": false
          }
        ],
        "non_star_shaped": false,
        "search_upper_amplitude_pu": 0.3
      },
      "solver_failure_total": 0,
      "recovery_phase_physical_violation_case_files": [],
      "evaluation_count": 7
    },
    {
      "wave_ray_index": 25,
      "global_ray_key": {
        "power_pu": 0.9,
        "soc": 0.2,
        "phase_rad": 0.0,
        "controller": "MPC",
        "frequency_label": "q0.99"
      },
      "coarse_scan": {
        "amplitude_grid_pu": [
          0.0,
          0.024548310554290048,
          0.0544,
          0.0982,
          0.1322,
          0.2168,
          0.3
        ],
        "evaluation_count": 7,
        "forcing_stage": {
          "label": "forcing_stage_safe",
          "status": "bracketed_first_failure",
          "center_safe": true,
          "all_safe": false,
          "first_failure_bracket": {
            "lower_amplitude_pu": 0.1322,
            "upper_amplitude_pu": 0.2168,
            "from_safe": true,
            "to_safe": false
          },
          "transitions": [
            {
              "lower_amplitude_pu": 0.1322,
              "upper_amplitude_pu": 0.2168,
              "from_safe": true,
              "to_safe": false
            }
          ],
          "non_star_shaped": false,
          "search_upper_amplitude_pu": 0.3
        },
        "joint_recovery": {
          "label": "joint_valid_for_boundary",
          "status": "bracketed_first_failure",
          "center_safe": true,
          "all_safe": false,
          "first_failure_bracket": {
            "lower_amplitude_pu": 0.024548310554290048,
            "upper_amplitude_pu": 0.0544,
            "from_safe": true,
            "to_safe": false
          },
          "transitions": [
            {
              "lower_amplitude_pu": 0.024548310554290048,
              "upper_amplitude_pu": 0.0544,
              "from_safe": true,
              "to_safe": false
            },
            {
              "lower_amplitude_pu": 0.0982,
              "upper_amplitude_pu": 0.1322,
              "from_safe": false,
              "to_safe": true
            },
            {
              "lower_amplitude_pu": 0.1322,
              "upper_amplitude_pu": 0.2168,
              "from_safe": true,
              "to_safe": false
            }
          ],
          "non_star_shaped": true,
          "search_upper_amplitude_pu": 0.3
        }
      },
      "forcing_stage_boundary": {
        "label": "forcing_stage_safe",
        "status": "bracketed_first_failure",
        "center_safe": true,
        "all_safe": false,
        "first_failure_bracket": {
          "lower_amplitude_pu": 0.1322,
          "upper_amplitude_pu": 0.2168,
          "from_safe": true,
          "to_safe": false
        },
        "transitions": [
          {
            "lower_amplitude_pu": 0.1322,
            "upper_amplitude_pu": 0.2168,
            "from_safe": true,
            "to_safe": false
          }
        ],
        "non_star_shaped": false,
        "search_upper_amplitude_pu": 0.3
      },
      "joint_recovery_complete_boundary": {
        "label": "joint_valid_for_boundary",
        "status": "bracketed_first_failure",
        "center_safe": true,
        "all_safe": false,
        "first_failure_bracket": {
          "lower_amplitude_pu": 0.024548310554290048,
          "upper_amplitude_pu": 0.0544,
          "from_safe": true,
          "to_safe": false
        },
        "transitions": [
          {
            "lower_amplitude_pu": 0.024548310554290048,
            "upper_amplitude_pu": 0.0544,
            "from_safe": true,
            "to_safe": false
          },
          {
            "lower_amplitude_pu": 0.0982,
            "upper_amplitude_pu": 0.1322,
            "from_safe": false,
            "to_safe": true
          },
          {
            "lower_amplitude_pu": 0.1322,
            "upper_amplitude_pu": 0.2168,
            "from_safe": true,
            "to_safe": false
          }
        ],
        "non_star_shaped": true,
        "search_upper_amplitude_pu": 0.3
      },
      "solver_failure_total": 0,
      "recovery_phase_physical_violation_case_files": [],
      "evaluation_count": 7
    },
    {
      "wave_ray_index": 26,
      "global_ray_key": {
        "power_pu": 0.9,
        "soc": 0.2,
        "phase_rad": 1.5707963267948966,
        "controller": "PID",
        "frequency_label": "q0.99"
      },
      "coarse_scan": {
        "amplitude_grid_pu": [
          0.0,
          0.024548310554290048,
          0.0544,
          0.0982,
          0.1322,
          0.2168,
          0.3
        ],
        "evaluation_count": 7,
        "forcing_stage": {
          "label": "forcing_stage_safe",
          "status": "bracketed_first_failure",
          "center_safe": true,
          "all_safe": false,
          "first_failure_bracket": {
            "lower_amplitude_pu": 0.1322,
            "upper_amplitude_pu": 0.2168,
            "from_safe": true,
            "to_safe": false
          },
          "transitions": [
            {
              "lower_amplitude_pu": 0.1322,
              "upper_amplitude_pu": 0.2168,
              "from_safe": true,
              "to_safe": false
            }
          ],
          "non_star_shaped": false,
          "search_upper_amplitude_pu": 0.3
        },
        "joint_recovery": {
          "label": "joint_valid_for_boundary",
          "status": "bracketed_first_failure",
          "center_safe": true,
          "all_safe": false,
          "first_failure_bracket": {
            "lower_amplitude_pu": 0.1322,
            "upper_amplitude_pu": 0.2168,
            "from_safe": true,
            "to_safe": false
          },
          "transitions": [
            {
              "lower_amplitude_pu": 0.1322,
              "upper_amplitude_pu": 0.2168,
              "from_safe": true,
              "to_safe": false
            }
          ],
          "non_star_shaped": false,
          "search_upper_amplitude_pu": 0.3
        }
      },
      "forcing_stage_boundary": {
        "label": "forcing_stage_safe",
        "status": "bracketed_first_failure",
        "center_safe": true,
        "all_safe": false,
        "first_failure_bracket": {
          "lower_amplitude_pu": 0.1322,
          "upper_amplitude_pu": 0.2168,
          "from_safe": true,
          "to_safe": false
        },
        "transitions": [
          {
            "lower_amplitude_pu": 0.1322,
            "upper_amplitude_pu": 0.2168,
            "from_safe": true,
            "to_safe": false
          }
        ],
        "non_star_shaped": false,
        "search_upper_amplitude_pu": 0.3
      },
      "joint_recovery_complete_boundary": {
        "label": "joint_valid_for_boundary",
        "status": "bracketed_first_failure",
        "center_safe": true,
        "all_safe": false,
        "first_failure_bracket": {
          "lower_amplitude_pu": 0.1322,
          "upper_amplitude_pu": 0.2168,
          "from_safe": true,
          "to_safe": false
        },
        "transitions": [
          {
            "lower_amplitude_pu": 0.1322,
            "upper_amplitude_pu": 0.2168,
            "from_safe": true,
            "to_safe": false
          }
        ],
        "non_star_shaped": false,
        "search_upper_amplitude_pu": 0.3
      },
      "solver_failure_total": 0,
      "recovery_phase_physical_violation_case_files": [],
      "evaluation_count": 7
    },
    {
      "wave_ray_index": 27,
      "global_ray_key": {
        "power_pu": 0.9,
        "soc": 0.2,
        "phase_rad": 1.5707963267948966,
        "controller": "MPC",
        "frequency_label": "q0.99"
      },
      "coarse_scan": {
        "amplitude_grid_pu": [
          0.0,
          0.024548310554290048,
          0.0544,
          0.0982,
          0.1322,
          0.2168,
          0.3
        ],
        "evaluation_count": 7,
        "forcing_stage": {
          "label": "forcing_stage_safe",
          "status": "bracketed_first_failure",
          "center_safe": true,
          "all_safe": false,
          "first_failure_bracket": {
            "lower_amplitude_pu": 0.1322,
            "upper_amplitude_pu": 0.2168,
            "from_safe": true,
            "to_safe": false
          },
          "transitions": [
            {
              "lower_amplitude_pu": 0.1322,
              "upper_amplitude_pu": 0.2168,
              "from_safe": true,
              "to_safe": false
            }
          ],
          "non_star_shaped": false,
          "search_upper_amplitude_pu": 0.3
        },
        "joint_recovery": {
          "label": "joint_valid_for_boundary",
          "status": "bracketed_first_failure",
          "center_safe": true,
          "all_safe": false,
          "first_failure_bracket": {
            "lower_amplitude_pu": 0.0544,
            "upper_amplitude_pu": 0.0982,
            "from_safe": true,
            "to_safe": false
          },
          "transitions": [
            {
              "lower_amplitude_pu": 0.0544,
              "upper_amplitude_pu": 0.0982,
              "from_safe": true,
              "to_safe": false
            }
          ],
          "non_star_shaped": false,
          "search_upper_amplitude_pu": 0.3
        }
      },
      "forcing_stage_boundary": {
        "label": "forcing_stage_safe",
        "status": "bracketed_first_failure",
        "center_safe": true,
        "all_safe": false,
        "first_failure_bracket": {
          "lower_amplitude_pu": 0.1322,
          "upper_amplitude_pu": 0.2168,
          "from_safe": true,
          "to_safe": false
        },
        "transitions": [
          {
            "lower_amplitude_pu": 0.1322,
            "upper_amplitude_pu": 0.2168,
            "from_safe": true,
            "to_safe": false
          }
        ],
        "non_star_shaped": false,
        "search_upper_amplitude_pu": 0.3
      },
      "joint_recovery_complete_boundary": {
        "label": "joint_valid_for_boundary",
        "status": "bracketed_first_failure",
        "center_safe": true,
        "all_safe": false,
        "first_failure_bracket": {
          "lower_amplitude_pu": 0.0544,
          "upper_amplitude_pu": 0.0982,
          "from_safe": true,
          "to_safe": false
        },
        "transitions": [
          {
            "lower_amplitude_pu": 0.0544,
            "upper_amplitude_pu": 0.0982,
            "from_safe": true,
            "to_safe": false
          }
        ],
        "non_star_shaped": false,
        "search_upper_amplitude_pu": 0.3
      },
      "solver_failure_total": 0,
      "recovery_phase_physical_violation_case_files": [],
      "evaluation_count": 7
    },
    {
      "wave_ray_index": 28,
      "global_ray_key": {
        "power_pu": 0.9,
        "soc": 0.2,
        "phase_rad": 3.141592653589793,
        "controller": "PID",
        "frequency_label": "q0.99"
      },
      "coarse_scan": {
        "amplitude_grid_pu": [
          0.0,
          0.024548310554290048,
          0.0544,
          0.0982,
          0.1322,
          0.2168,
          0.3
        ],
        "evaluation_count": 7,
        "forcing_stage": {
          "label": "forcing_stage_safe",
          "status": "bracketed_first_failure",
          "center_safe": true,
          "all_safe": false,
          "first_failure_bracket": {
            "lower_amplitude_pu": 0.1322,
            "upper_amplitude_pu": 0.2168,
            "from_safe": true,
            "to_safe": false
          },
          "transitions": [
            {
              "lower_amplitude_pu": 0.1322,
              "upper_amplitude_pu": 0.2168,
              "from_safe": true,
              "to_safe": false
            }
          ],
          "non_star_shaped": false,
          "search_upper_amplitude_pu": 0.3
        },
        "joint_recovery": {
          "label": "joint_valid_for_boundary",
          "status": "bracketed_first_failure",
          "center_safe": true,
          "all_safe": false,
          "first_failure_bracket": {
            "lower_amplitude_pu": 0.1322,
            "upper_amplitude_pu": 0.2168,
            "from_safe": true,
            "to_safe": false
          },
          "transitions": [
            {
              "lower_amplitude_pu": 0.1322,
              "upper_amplitude_pu": 0.2168,
              "from_safe": true,
              "to_safe": false
            }
          ],
          "non_star_shaped": false,
          "search_upper_amplitude_pu": 0.3
        }
      },
      "forcing_stage_boundary": {
        "label": "forcing_stage_safe",
        "status": "bracketed_first_failure",
        "center_safe": true,
        "all_safe": false,
        "first_failure_bracket": {
          "lower_amplitude_pu": 0.1322,
          "upper_amplitude_pu": 0.2168,
          "from_safe": true,
          "to_safe": false
        },
        "transitions": [
          {
            "lower_amplitude_pu": 0.1322,
            "upper_amplitude_pu": 0.2168,
            "from_safe": true,
            "to_safe": false
          }
        ],
        "non_star_shaped": false,
        "search_upper_amplitude_pu": 0.3
      },
      "joint_recovery_complete_boundary": {
        "label": "joint_valid_for_boundary",
        "status": "bracketed_first_failure",
        "center_safe": true,
        "all_safe": false,
        "first_failure_bracket": {
          "lower_amplitude_pu": 0.1322,
          "upper_amplitude_pu": 0.2168,
          "from_safe": true,
          "to_safe": false
        },
        "transitions": [
          {
            "lower_amplitude_pu": 0.1322,
            "upper_amplitude_pu": 0.2168,
            "from_safe": true,
            "to_safe": false
          }
        ],
        "non_star_shaped": false,
        "search_upper_amplitude_pu": 0.3
      },
      "solver_failure_total": 0,
      "recovery_phase_physical_violation_case_files": [],
      "evaluation_count": 7
    },
    {
      "wave_ray_index": 29,
      "global_ray_key": {
        "power_pu": 0.9,
        "soc": 0.2,
        "phase_rad": 3.141592653589793,
        "controller": "MPC",
        "frequency_label": "q0.99"
      },
      "coarse_scan": {
        "amplitude_grid_pu": [
          0.0,
          0.024548310554290048,
          0.0544,
          0.0982,
          0.1322,
          0.2168,
          0.3
        ],
        "evaluation_count": 7,
        "forcing_stage": {
          "label": "forcing_stage_safe",
          "status": "bracketed_first_failure",
          "center_safe": true,
          "all_safe": false,
          "first_failure_bracket": {
            "lower_amplitude_pu": 0.1322,
            "upper_amplitude_pu": 0.2168,
            "from_safe": true,
            "to_safe": false
          },
          "transitions": [
            {
              "lower_amplitude_pu": 0.1322,
              "upper_amplitude_pu": 0.2168,
              "from_safe": true,
              "to_safe": false
            }
          ],
          "non_star_shaped": false,
          "search_upper_amplitude_pu": 0.3
        },
        "joint_recovery": {
          "label": "joint_valid_for_boundary",
          "status": "bracketed_first_failure",
          "center_safe": true,
          "all_safe": false,
          "first_failure_bracket": {
            "lower_amplitude_pu": 0.1322,
            "upper_amplitude_pu": 0.2168,
            "from_safe": true,
            "to_safe": false
          },
          "transitions": [
            {
              "lower_amplitude_pu": 0.1322,
              "upper_amplitude_pu": 0.2168,
              "from_safe": true,
              "to_safe": false
            }
          ],
          "non_star_shaped": false,
          "search_upper_amplitude_pu": 0.3
        }
      },
      "forcing_stage_boundary": {
        "label": "forcing_stage_safe",
        "status": "bracketed_first_failure",
        "center_safe": true,
        "all_safe": false,
        "first_failure_bracket": {
          "lower_amplitude_pu": 0.1322,
          "upper_amplitude_pu": 0.2168,
          "from_safe": true,
          "to_safe": false
        },
        "transitions": [
          {
            "lower_amplitude_pu": 0.1322,
            "upper_amplitude_pu": 0.2168,
            "from_safe": true,
            "to_safe": false
          }
        ],
        "non_star_shaped": false,
        "search_upper_amplitude_pu": 0.3
      },
      "joint_recovery_complete_boundary": {
        "label": "joint_valid_for_boundary",
        "status": "bracketed_first_failure",
        "center_safe": true,
        "all_safe": false,
        "first_failure_bracket": {
          "lower_amplitude_pu": 0.1322,
          "upper_amplitude_pu": 0.2168,
          "from_safe": true,
          "to_safe": false
        },
        "transitions": [
          {
            "lower_amplitude_pu": 0.1322,
            "upper_amplitude_pu": 0.2168,
            "from_safe": true,
            "to_safe": false
          }
        ],
        "non_star_shaped": false,
        "search_upper_amplitude_pu": 0.3
      },
      "solver_failure_total": 0,
      "recovery_phase_physical_violation_case_files": [],
      "evaluation_count": 7
    },
    {
      "wave_ray_index": 30,
      "global_ray_key": {
        "power_pu": 0.9,
        "soc": 0.2,
        "phase_rad": 4.71238898038469,
        "controller": "PID",
        "frequency_label": "q0.99"
      },
      "coarse_scan": {
        "amplitude_grid_pu": [
          0.0,
          0.024548310554290048,
          0.0544,
          0.0982,
          0.1322,
          0.2168,
          0.3
        ],
        "evaluation_count": 7,
        "forcing_stage": {
          "label": "forcing_stage_safe",
          "status": "bracketed_first_failure",
          "center_safe": true,
          "all_safe": false,
          "first_failure_bracket": {
            "lower_amplitude_pu": 0.1322,
            "upper_amplitude_pu": 0.2168,
            "from_safe": true,
            "to_safe": false
          },
          "transitions": [
            {
              "lower_amplitude_pu": 0.1322,
              "upper_amplitude_pu": 0.2168,
              "from_safe": true,
              "to_safe": false
            }
          ],
          "non_star_shaped": false,
          "search_upper_amplitude_pu": 0.3
        },
        "joint_recovery": {
          "label": "joint_valid_for_boundary",
          "status": "bracketed_first_failure",
          "center_safe": true,
          "all_safe": false,
          "first_failure_bracket": {
            "lower_amplitude_pu": 0.1322,
            "upper_amplitude_pu": 0.2168,
            "from_safe": true,
            "to_safe": false
          },
          "transitions": [
            {
              "lower_amplitude_pu": 0.1322,
              "upper_amplitude_pu": 0.2168,
              "from_safe": true,
              "to_safe": false
            }
          ],
          "non_star_shaped": false,
          "search_upper_amplitude_pu": 0.3
        }
      },
      "forcing_stage_boundary": {
        "label": "forcing_stage_safe",
        "status": "bracketed_first_failure",
        "center_safe": true,
        "all_safe": false,
        "first_failure_bracket": {
          "lower_amplitude_pu": 0.1322,
          "upper_amplitude_pu": 0.2168,
          "from_safe": true,
          "to_safe": false
        },
        "transitions": [
          {
            "lower_amplitude_pu": 0.1322,
            "upper_amplitude_pu": 0.2168,
            "from_safe": true,
            "to_safe": false
          }
        ],
        "non_star_shaped": false,
        "search_upper_amplitude_pu": 0.3
      },
      "joint_recovery_complete_boundary": {
        "label": "joint_valid_for_boundary",
        "status": "bracketed_first_failure",
        "center_safe": true,
        "all_safe": false,
        "first_failure_bracket": {
          "lower_amplitude_pu": 0.1322,
          "upper_amplitude_pu": 0.2168,
          "from_safe": true,
          "to_safe": false
        },
        "transitions": [
          {
            "lower_amplitude_pu": 0.1322,
            "upper_amplitude_pu": 0.2168,
            "from_safe": true,
            "to_safe": false
          }
        ],
        "non_star_shaped": false,
        "search_upper_amplitude_pu": 0.3
      },
      "solver_failure_total": 0,
      "recovery_phase_physical_violation_case_files": [],
      "evaluation_count": 7
    },
    {
      "wave_ray_index": 31,
      "global_ray_key": {
        "power_pu": 0.9,
        "soc": 0.2,
        "phase_rad": 4.71238898038469,
        "controller": "MPC",
        "frequency_label": "q0.99"
      },
      "coarse_scan": {
        "amplitude_grid_pu": [
          0.0,
          0.024548310554290048,
          0.0544,
          0.0982,
          0.1322,
          0.2168,
          0.3
        ],
        "evaluation_count": 7,
        "forcing_stage": {
          "label": "forcing_stage_safe",
          "status": "bracketed_first_failure",
          "center_safe": true,
          "all_safe": false,
          "first_failure_bracket": {
            "lower_amplitude_pu": 0.1322,
            "upper_amplitude_pu": 0.2168,
            "from_safe": true,
            "to_safe": false
          },
          "transitions": [
            {
              "lower_amplitude_pu": 0.1322,
              "upper_amplitude_pu": 0.2168,
              "from_safe": true,
              "to_safe": false
            }
          ],
          "non_star_shaped": false,
          "search_upper_amplitude_pu": 0.3
        },
        "joint_recovery": {
          "label": "joint_valid_for_boundary",
          "status": "bracketed_first_failure",
          "center_safe": true,
          "all_safe": false,
          "first_failure_bracket": {
            "lower_amplitude_pu": 0.1322,
            "upper_amplitude_pu": 0.2168,
            "from_safe": true,
            "to_safe": false
          },
          "transitions": [
            {
              "lower_amplitude_pu": 0.1322,
              "upper_amplitude_pu": 0.2168,
              "from_safe": true,
              "to_safe": false
            }
          ],
          "non_star_shaped": false,
          "search_upper_amplitude_pu": 0.3
        }
      },
      "forcing_stage_boundary": {
        "label": "forcing_stage_safe",
        "status": "bracketed_first_failure",
        "center_safe": true,
        "all_safe": false,
        "first_failure_bracket": {
          "lower_amplitude_pu": 0.1322,
          "upper_amplitude_pu": 0.2168,
          "from_safe": true,
          "to_safe": false
        },
        "transitions": [
          {
            "lower_amplitude_pu": 0.1322,
            "upper_amplitude_pu": 0.2168,
            "from_safe": true,
            "to_safe": false
          }
        ],
        "non_star_shaped": false,
        "search_upper_amplitude_pu": 0.3
      },
      "joint_recovery_complete_boundary": {
        "label": "joint_valid_for_boundary",
        "status": "bracketed_first_failure",
        "center_safe": true,
        "all_safe": false,
        "first_failure_bracket": {
          "lower_amplitude_pu": 0.1322,
          "upper_amplitude_pu": 0.2168,
          "from_safe": true,
          "to_safe": false
        },
        "transitions": [
          {
            "lower_amplitude_pu": 0.1322,
            "upper_amplitude_pu": 0.2168,
            "from_safe": true,
            "to_safe": false
          }
        ],
        "non_star_shaped": false,
        "search_upper_amplitude_pu": 0.3
      },
      "solver_failure_total": 0,
      "recovery_phase_physical_violation_case_files": [],
      "evaluation_count": 7
    },
    {
      "wave_ray_index": 32,
      "global_ray_key": {
        "power_pu": 0.9,
        "soc": 0.5,
        "phase_rad": 0.0,
        "controller": "PID",
        "frequency_label": "q0.99"
      },
      "coarse_scan": {
        "amplitude_grid_pu": [
          0.0,
          0.024548310554290048,
          0.0544,
          0.0982,
          0.1322,
          0.2168,
          0.3
        ],
        "evaluation_count": 7,
        "forcing_stage": {
          "label": "forcing_stage_safe",
          "status": "bracketed_first_failure",
          "center_safe": true,
          "all_safe": false,
          "first_failure_bracket": {
            "lower_amplitude_pu": 0.1322,
            "upper_amplitude_pu": 0.2168,
            "from_safe": true,
            "to_safe": false
          },
          "transitions": [
            {
              "lower_amplitude_pu": 0.1322,
              "upper_amplitude_pu": 0.2168,
              "from_safe": true,
              "to_safe": false
            }
          ],
          "non_star_shaped": false,
          "search_upper_amplitude_pu": 0.3
        },
        "joint_recovery": {
          "label": "joint_valid_for_boundary",
          "status": "bracketed_first_failure",
          "center_safe": true,
          "all_safe": false,
          "first_failure_bracket": {
            "lower_amplitude_pu": 0.1322,
            "upper_amplitude_pu": 0.2168,
            "from_safe": true,
            "to_safe": false
          },
          "transitions": [
            {
              "lower_amplitude_pu": 0.1322,
              "upper_amplitude_pu": 0.2168,
              "from_safe": true,
              "to_safe": false
            }
          ],
          "non_star_shaped": false,
          "search_upper_amplitude_pu": 0.3
        }
      },
      "forcing_stage_boundary": {
        "label": "forcing_stage_safe",
        "status": "bracketed_first_failure",
        "center_safe": true,
        "all_safe": false,
        "first_failure_bracket": {
          "lower_amplitude_pu": 0.1322,
          "upper_amplitude_pu": 0.2168,
          "from_safe": true,
          "to_safe": false
        },
        "transitions": [
          {
            "lower_amplitude_pu": 0.1322,
            "upper_amplitude_pu": 0.2168,
            "from_safe": true,
            "to_safe": false
          }
        ],
        "non_star_shaped": false,
        "search_upper_amplitude_pu": 0.3
      },
      "joint_recovery_complete_boundary": {
        "label": "joint_valid_for_boundary",
        "status": "bracketed_first_failure",
        "center_safe": true,
        "all_safe": false,
        "first_failure_bracket": {
          "lower_amplitude_pu": 0.1322,
          "upper_amplitude_pu": 0.2168,
          "from_safe": true,
          "to_safe": false
        },
        "transitions": [
          {
            "lower_amplitude_pu": 0.1322,
            "upper_amplitude_pu": 0.2168,
            "from_safe": true,
            "to_safe": false
          }
        ],
        "non_star_shaped": false,
        "search_upper_amplitude_pu": 0.3
      },
      "solver_failure_total": 0,
      "recovery_phase_physical_violation_case_files": [],
      "evaluation_count": 7
    },
    {
      "wave_ray_index": 33,
      "global_ray_key": {
        "power_pu": 0.9,
        "soc": 0.5,
        "phase_rad": 0.0,
        "controller": "MPC",
        "frequency_label": "q0.99"
      },
      "coarse_scan": {
        "amplitude_grid_pu": [
          0.0,
          0.024548310554290048,
          0.0544,
          0.0982,
          0.1322,
          0.2168,
          0.3
        ],
        "evaluation_count": 7,
        "forcing_stage": {
          "label": "forcing_stage_safe",
          "status": "bracketed_first_failure",
          "center_safe": true,
          "all_safe": false,
          "first_failure_bracket": {
            "lower_amplitude_pu": 0.1322,
            "upper_amplitude_pu": 0.2168,
            "from_safe": true,
            "to_safe": false
          },
          "transitions": [
            {
              "lower_amplitude_pu": 0.1322,
              "upper_amplitude_pu": 0.2168,
              "from_safe": true,
              "to_safe": false
            }
          ],
          "non_star_shaped": false,
          "search_upper_amplitude_pu": 0.3
        },
        "joint_recovery": {
          "label": "joint_valid_for_boundary",
          "status": "bracketed_first_failure",
          "center_safe": true,
          "all_safe": false,
          "first_failure_bracket": {
            "lower_amplitude_pu": 0.024548310554290048,
            "upper_amplitude_pu": 0.0544,
            "from_safe": true,
            "to_safe": false
          },
          "transitions": [
            {
              "lower_amplitude_pu": 0.024548310554290048,
              "upper_amplitude_pu": 0.0544,
              "from_safe": true,
              "to_safe": false
            },
            {
              "lower_amplitude_pu": 0.0982,
              "upper_amplitude_pu": 0.1322,
              "from_safe": false,
              "to_safe": true
            },
            {
              "lower_amplitude_pu": 0.1322,
              "upper_amplitude_pu": 0.2168,
              "from_safe": true,
              "to_safe": false
            }
          ],
          "non_star_shaped": true,
          "search_upper_amplitude_pu": 0.3
        }
      },
      "forcing_stage_boundary": {
        "label": "forcing_stage_safe",
        "status": "bracketed_first_failure",
        "center_safe": true,
        "all_safe": false,
        "first_failure_bracket": {
          "lower_amplitude_pu": 0.1322,
          "upper_amplitude_pu": 0.2168,
          "from_safe": true,
          "to_safe": false
        },
        "transitions": [
          {
            "lower_amplitude_pu": 0.1322,
            "upper_amplitude_pu": 0.2168,
            "from_safe": true,
            "to_safe": false
          }
        ],
        "non_star_shaped": false,
        "search_upper_amplitude_pu": 0.3
      },
      "joint_recovery_complete_boundary": {
        "label": "joint_valid_for_boundary",
        "status": "bracketed_first_failure",
        "center_safe": true,
        "all_safe": false,
        "first_failure_bracket": {
          "lower_amplitude_pu": 0.024548310554290048,
          "upper_amplitude_pu": 0.0544,
          "from_safe": true,
          "to_safe": false
        },
        "transitions": [
          {
            "lower_amplitude_pu": 0.024548310554290048,
            "upper_amplitude_pu": 0.0544,
            "from_safe": true,
            "to_safe": false
          },
          {
            "lower_amplitude_pu": 0.0982,
            "upper_amplitude_pu": 0.1322,
            "from_safe": false,
            "to_safe": true
          },
          {
            "lower_amplitude_pu": 0.1322,
            "upper_amplitude_pu": 0.2168,
            "from_safe": true,
            "to_safe": false
          }
        ],
        "non_star_shaped": true,
        "search_upper_amplitude_pu": 0.3
      },
      "solver_failure_total": 0,
      "recovery_phase_physical_violation_case_files": [],
      "evaluation_count": 7
    },
    {
      "wave_ray_index": 34,
      "global_ray_key": {
        "power_pu": 0.9,
        "soc": 0.5,
        "phase_rad": 1.5707963267948966,
        "controller": "PID",
        "frequency_label": "q0.99"
      },
      "coarse_scan": {
        "amplitude_grid_pu": [
          0.0,
          0.024548310554290048,
          0.0544,
          0.0982,
          0.1322,
          0.2168,
          0.3
        ],
        "evaluation_count": 7,
        "forcing_stage": {
          "label": "forcing_stage_safe",
          "status": "bracketed_first_failure",
          "center_safe": true,
          "all_safe": false,
          "first_failure_bracket": {
            "lower_amplitude_pu": 0.1322,
            "upper_amplitude_pu": 0.2168,
            "from_safe": true,
            "to_safe": false
          },
          "transitions": [
            {
              "lower_amplitude_pu": 0.1322,
              "upper_amplitude_pu": 0.2168,
              "from_safe": true,
              "to_safe": false
            }
          ],
          "non_star_shaped": false,
          "search_upper_amplitude_pu": 0.3
        },
        "joint_recovery": {
          "label": "joint_valid_for_boundary",
          "status": "bracketed_first_failure",
          "center_safe": true,
          "all_safe": false,
          "first_failure_bracket": {
            "lower_amplitude_pu": 0.1322,
            "upper_amplitude_pu": 0.2168,
            "from_safe": true,
            "to_safe": false
          },
          "transitions": [
            {
              "lower_amplitude_pu": 0.1322,
              "upper_amplitude_pu": 0.2168,
              "from_safe": true,
              "to_safe": false
            }
          ],
          "non_star_shaped": false,
          "search_upper_amplitude_pu": 0.3
        }
      },
      "forcing_stage_boundary": {
        "label": "forcing_stage_safe",
        "status": "bracketed_first_failure",
        "center_safe": true,
        "all_safe": false,
        "first_failure_bracket": {
          "lower_amplitude_pu": 0.1322,
          "upper_amplitude_pu": 0.2168,
          "from_safe": true,
          "to_safe": false
        },
        "transitions": [
          {
            "lower_amplitude_pu": 0.1322,
            "upper_amplitude_pu": 0.2168,
            "from_safe": true,
            "to_safe": false
          }
        ],
        "non_star_shaped": false,
        "search_upper_amplitude_pu": 0.3
      },
      "joint_recovery_complete_boundary": {
        "label": "joint_valid_for_boundary",
        "status": "bracketed_first_failure",
        "center_safe": true,
        "all_safe": false,
        "first_failure_bracket": {
          "lower_amplitude_pu": 0.1322,
          "upper_amplitude_pu": 0.2168,
          "from_safe": true,
          "to_safe": false
        },
        "transitions": [
          {
            "lower_amplitude_pu": 0.1322,
            "upper_amplitude_pu": 0.2168,
            "from_safe": true,
            "to_safe": false
          }
        ],
        "non_star_shaped": false,
        "search_upper_amplitude_pu": 0.3
      },
      "solver_failure_total": 0,
      "recovery_phase_physical_violation_case_files": [],
      "evaluation_count": 7
    },
    {
      "wave_ray_index": 35,
      "global_ray_key": {
        "power_pu": 0.9,
        "soc": 0.5,
        "phase_rad": 1.5707963267948966,
        "controller": "MPC",
        "frequency_label": "q0.99"
      },
      "coarse_scan": {
        "amplitude_grid_pu": [
          0.0,
          0.024548310554290048,
          0.0544,
          0.0982,
          0.1322,
          0.2168,
          0.3
        ],
        "evaluation_count": 7,
        "forcing_stage": {
          "label": "forcing_stage_safe",
          "status": "bracketed_first_failure",
          "center_safe": true,
          "all_safe": false,
          "first_failure_bracket": {
            "lower_amplitude_pu": 0.1322,
            "upper_amplitude_pu": 0.2168,
            "from_safe": true,
            "to_safe": false
          },
          "transitions": [
            {
              "lower_amplitude_pu": 0.1322,
              "upper_amplitude_pu": 0.2168,
              "from_safe": true,
              "to_safe": false
            }
          ],
          "non_star_shaped": false,
          "search_upper_amplitude_pu": 0.3
        },
        "joint_recovery": {
          "label": "joint_valid_for_boundary",
          "status": "bracketed_first_failure",
          "center_safe": true,
          "all_safe": false,
          "first_failure_bracket": {
            "lower_amplitude_pu": 0.0544,
            "upper_amplitude_pu": 0.0982,
            "from_safe": true,
            "to_safe": false
          },
          "transitions": [
            {
              "lower_amplitude_pu": 0.0544,
              "upper_amplitude_pu": 0.0982,
              "from_safe": true,
              "to_safe": false
            }
          ],
          "non_star_shaped": false,
          "search_upper_amplitude_pu": 0.3
        }
      },
      "forcing_stage_boundary": {
        "label": "forcing_stage_safe",
        "status": "bracketed_first_failure",
        "center_safe": true,
        "all_safe": false,
        "first_failure_bracket": {
          "lower_amplitude_pu": 0.1322,
          "upper_amplitude_pu": 0.2168,
          "from_safe": true,
          "to_safe": false
        },
        "transitions": [
          {
            "lower_amplitude_pu": 0.1322,
            "upper_amplitude_pu": 0.2168,
            "from_safe": true,
            "to_safe": false
          }
        ],
        "non_star_shaped": false,
        "search_upper_amplitude_pu": 0.3
      },
      "joint_recovery_complete_boundary": {
        "label": "joint_valid_for_boundary",
        "status": "bracketed_first_failure",
        "center_safe": true,
        "all_safe": false,
        "first_failure_bracket": {
          "lower_amplitude_pu": 0.0544,
          "upper_amplitude_pu": 0.0982,
          "from_safe": true,
          "to_safe": false
        },
        "transitions": [
          {
            "lower_amplitude_pu": 0.0544,
            "upper_amplitude_pu": 0.0982,
            "from_safe": true,
            "to_safe": false
          }
        ],
        "non_star_shaped": false,
        "search_upper_amplitude_pu": 0.3
      },
      "solver_failure_total": 0,
      "recovery_phase_physical_violation_case_files": [],
      "evaluation_count": 7
    },
    {
      "wave_ray_index": 36,
      "global_ray_key": {
        "power_pu": 0.9,
        "soc": 0.5,
        "phase_rad": 3.141592653589793,
        "controller": "PID",
        "frequency_label": "q0.99"
      },
      "coarse_scan": {
        "amplitude_grid_pu": [
          0.0,
          0.024548310554290048,
          0.0544,
          0.0982,
          0.1322,
          0.2168,
          0.3
        ],
        "evaluation_count": 7,
        "forcing_stage": {
          "label": "forcing_stage_safe",
          "status": "bracketed_first_failure",
          "center_safe": true,
          "all_safe": false,
          "first_failure_bracket": {
            "lower_amplitude_pu": 0.1322,
            "upper_amplitude_pu": 0.2168,
            "from_safe": true,
            "to_safe": false
          },
          "transitions": [
            {
              "lower_amplitude_pu": 0.1322,
              "upper_amplitude_pu": 0.2168,
              "from_safe": true,
              "to_safe": false
            }
          ],
          "non_star_shaped": false,
          "search_upper_amplitude_pu": 0.3
        },
        "joint_recovery": {
          "label": "joint_valid_for_boundary",
          "status": "bracketed_first_failure",
          "center_safe": true,
          "all_safe": false,
          "first_failure_bracket": {
            "lower_amplitude_pu": 0.1322,
            "upper_amplitude_pu": 0.2168,
            "from_safe": true,
            "to_safe": false
          },
          "transitions": [
            {
              "lower_amplitude_pu": 0.1322,
              "upper_amplitude_pu": 0.2168,
              "from_safe": true,
              "to_safe": false
            }
          ],
          "non_star_shaped": false,
          "search_upper_amplitude_pu": 0.3
        }
      },
      "forcing_stage_boundary": {
        "label": "forcing_stage_safe",
        "status": "bracketed_first_failure",
        "center_safe": true,
        "all_safe": false,
        "first_failure_bracket": {
          "lower_amplitude_pu": 0.1322,
          "upper_amplitude_pu": 0.2168,
          "from_safe": true,
          "to_safe": false
        },
        "transitions": [
          {
            "lower_amplitude_pu": 0.1322,
            "upper_amplitude_pu": 0.2168,
            "from_safe": true,
            "to_safe": false
          }
        ],
        "non_star_shaped": false,
        "search_upper_amplitude_pu": 0.3
      },
      "joint_recovery_complete_boundary": {
        "label": "joint_valid_for_boundary",
        "status": "bracketed_first_failure",
        "center_safe": true,
        "all_safe": false,
        "first_failure_bracket": {
          "lower_amplitude_pu": 0.1322,
          "upper_amplitude_pu": 0.2168,
          "from_safe": true,
          "to_safe": false
        },
        "transitions": [
          {
            "lower_amplitude_pu": 0.1322,
            "upper_amplitude_pu": 0.2168,
            "from_safe": true,
            "to_safe": false
          }
        ],
        "non_star_shaped": false,
        "search_upper_amplitude_pu": 0.3
      },
      "solver_failure_total": 0,
      "recovery_phase_physical_violation_case_files": [],
      "evaluation_count": 7
    },
    {
      "wave_ray_index": 37,
      "global_ray_key": {
        "power_pu": 0.9,
        "soc": 0.5,
        "phase_rad": 3.141592653589793,
        "controller": "MPC",
        "frequency_label": "q0.99"
      },
      "coarse_scan": {
        "amplitude_grid_pu": [
          0.0,
          0.024548310554290048,
          0.0544,
          0.0982,
          0.1322,
          0.2168,
          0.3
        ],
        "evaluation_count": 7,
        "forcing_stage": {
          "label": "forcing_stage_safe",
          "status": "bracketed_first_failure",
          "center_safe": true,
          "all_safe": false,
          "first_failure_bracket": {
            "lower_amplitude_pu": 0.1322,
            "upper_amplitude_pu": 0.2168,
            "from_safe": true,
            "to_safe": false
          },
          "transitions": [
            {
              "lower_amplitude_pu": 0.1322,
              "upper_amplitude_pu": 0.2168,
              "from_safe": true,
              "to_safe": false
            }
          ],
          "non_star_shaped": false,
          "search_upper_amplitude_pu": 0.3
        },
        "joint_recovery": {
          "label": "joint_valid_for_boundary",
          "status": "bracketed_first_failure",
          "center_safe": true,
          "all_safe": false,
          "first_failure_bracket": {
            "lower_amplitude_pu": 0.1322,
            "upper_amplitude_pu": 0.2168,
            "from_safe": true,
            "to_safe": false
          },
          "transitions": [
            {
              "lower_amplitude_pu": 0.1322,
              "upper_amplitude_pu": 0.2168,
              "from_safe": true,
              "to_safe": false
            }
          ],
          "non_star_shaped": false,
          "search_upper_amplitude_pu": 0.3
        }
      },
      "forcing_stage_boundary": {
        "label": "forcing_stage_safe",
        "status": "bracketed_first_failure",
        "center_safe": true,
        "all_safe": false,
        "first_failure_bracket": {
          "lower_amplitude_pu": 0.1322,
          "upper_amplitude_pu": 0.2168,
          "from_safe": true,
          "to_safe": false
        },
        "transitions": [
          {
            "lower_amplitude_pu": 0.1322,
            "upper_amplitude_pu": 0.2168,
            "from_safe": true,
            "to_safe": false
          }
        ],
        "non_star_shaped": false,
        "search_upper_amplitude_pu": 0.3
      },
      "joint_recovery_complete_boundary": {
        "label": "joint_valid_for_boundary",
        "status": "bracketed_first_failure",
        "center_safe": true,
        "all_safe": false,
        "first_failure_bracket": {
          "lower_amplitude_pu": 0.1322,
          "upper_amplitude_pu": 0.2168,
          "from_safe": true,
          "to_safe": false
        },
        "transitions": [
          {
            "lower_amplitude_pu": 0.1322,
            "upper_amplitude_pu": 0.2168,
            "from_safe": true,
            "to_safe": false
          }
        ],
        "non_star_shaped": false,
        "search_upper_amplitude_pu": 0.3
      },
      "solver_failure_total": 0,
      "recovery_phase_physical_violation_case_files": [],
      "evaluation_count": 7
    },
    {
      "wave_ray_index": 38,
      "global_ray_key": {
        "power_pu": 0.9,
        "soc": 0.5,
        "phase_rad": 4.71238898038469,
        "controller": "PID",
        "frequency_label": "q0.99"
      },
      "coarse_scan": {
        "amplitude_grid_pu": [
          0.0,
          0.024548310554290048,
          0.0544,
          0.0982,
          0.1322,
          0.2168,
          0.3
        ],
        "evaluation_count": 7,
        "forcing_stage": {
          "label": "forcing_stage_safe",
          "status": "bracketed_first_failure",
          "center_safe": true,
          "all_safe": false,
          "first_failure_bracket": {
            "lower_amplitude_pu": 0.1322,
            "upper_amplitude_pu": 0.2168,
            "from_safe": true,
            "to_safe": false
          },
          "transitions": [
            {
              "lower_amplitude_pu": 0.1322,
              "upper_amplitude_pu": 0.2168,
              "from_safe": true,
              "to_safe": false
            }
          ],
          "non_star_shaped": false,
          "search_upper_amplitude_pu": 0.3
        },
        "joint_recovery": {
          "label": "joint_valid_for_boundary",
          "status": "bracketed_first_failure",
          "center_safe": true,
          "all_safe": false,
          "first_failure_bracket": {
            "lower_amplitude_pu": 0.1322,
            "upper_amplitude_pu": 0.2168,
            "from_safe": true,
            "to_safe": false
          },
          "transitions": [
            {
              "lower_amplitude_pu": 0.1322,
              "upper_amplitude_pu": 0.2168,
              "from_safe": true,
              "to_safe": false
            }
          ],
          "non_star_shaped": false,
          "search_upper_amplitude_pu": 0.3
        }
      },
      "forcing_stage_boundary": {
        "label": "forcing_stage_safe",
        "status": "bracketed_first_failure",
        "center_safe": true,
        "all_safe": false,
        "first_failure_bracket": {
          "lower_amplitude_pu": 0.1322,
          "upper_amplitude_pu": 0.2168,
          "from_safe": true,
          "to_safe": false
        },
        "transitions": [
          {
            "lower_amplitude_pu": 0.1322,
            "upper_amplitude_pu": 0.2168,
            "from_safe": true,
            "to_safe": false
          }
        ],
        "non_star_shaped": false,
        "search_upper_amplitude_pu": 0.3
      },
      "joint_recovery_complete_boundary": {
        "label": "joint_valid_for_boundary",
        "status": "bracketed_first_failure",
        "center_safe": true,
        "all_safe": false,
        "first_failure_bracket": {
          "lower_amplitude_pu": 0.1322,
          "upper_amplitude_pu": 0.2168,
          "from_safe": true,
          "to_safe": false
        },
        "transitions": [
          {
            "lower_amplitude_pu": 0.1322,
            "upper_amplitude_pu": 0.2168,
            "from_safe": true,
            "to_safe": false
          }
        ],
        "non_star_shaped": false,
        "search_upper_amplitude_pu": 0.3
      },
      "solver_failure_total": 0,
      "recovery_phase_physical_violation_case_files": [],
      "evaluation_count": 7
    },
    {
      "wave_ray_index": 39,
      "global_ray_key": {
        "power_pu": 0.9,
        "soc": 0.5,
        "phase_rad": 4.71238898038469,
        "controller": "MPC",
        "frequency_label": "q0.99"
      },
      "coarse_scan": {
        "amplitude_grid_pu": [
          0.0,
          0.024548310554290048,
          0.0544,
          0.0982,
          0.1322,
          0.2168,
          0.3
        ],
        "evaluation_count": 7,
        "forcing_stage": {
          "label": "forcing_stage_safe",
          "status": "bracketed_first_failure",
          "center_safe": true,
          "all_safe": false,
          "first_failure_bracket": {
            "lower_amplitude_pu": 0.1322,
            "upper_amplitude_pu": 0.2168,
            "from_safe": true,
            "to_safe": false
          },
          "transitions": [
            {
              "lower_amplitude_pu": 0.1322,
              "upper_amplitude_pu": 0.2168,
              "from_safe": true,
              "to_safe": false
            }
          ],
          "non_star_shaped": false,
          "search_upper_amplitude_pu": 0.3
        },
        "joint_recovery": {
          "label": "joint_valid_for_boundary",
          "status": "bracketed_first_failure",
          "center_safe": true,
          "all_safe": false,
          "first_failure_bracket": {
            "lower_amplitude_pu": 0.1322,
            "upper_amplitude_pu": 0.2168,
            "from_safe": true,
            "to_safe": false
          },
          "transitions": [
            {
              "lower_amplitude_pu": 0.1322,
              "upper_amplitude_pu": 0.2168,
              "from_safe": true,
              "to_safe": false
            }
          ],
          "non_star_shaped": false,
          "search_upper_amplitude_pu": 0.3
        }
      },
      "forcing_stage_boundary": {
        "label": "forcing_stage_safe",
        "status": "bracketed_first_failure",
        "center_safe": true,
        "all_safe": false,
        "first_failure_bracket": {
          "lower_amplitude_pu": 0.1322,
          "upper_amplitude_pu": 0.2168,
          "from_safe": true,
          "to_safe": false
        },
        "transitions": [
          {
            "lower_amplitude_pu": 0.1322,
            "upper_amplitude_pu": 0.2168,
            "from_safe": true,
            "to_safe": false
          }
        ],
        "non_star_shaped": false,
        "search_upper_amplitude_pu": 0.3
      },
      "joint_recovery_complete_boundary": {
        "label": "joint_valid_for_boundary",
        "status": "bracketed_first_failure",
        "center_safe": true,
        "all_safe": false,
        "first_failure_bracket": {
          "lower_amplitude_pu": 0.1322,
          "upper_amplitude_pu": 0.2168,
          "from_safe": true,
          "to_safe": false
        },
        "transitions": [
          {
            "lower_amplitude_pu": 0.1322,
            "upper_amplitude_pu": 0.2168,
            "from_safe": true,
            "to_safe": false
          }
        ],
        "non_star_shaped": false,
        "search_upper_amplitude_pu": 0.3
      },
      "solver_failure_total": 0,
      "recovery_phase_physical_violation_case_files": [],
      "evaluation_count": 7
    },
    {
      "wave_ray_index": 40,
      "global_ray_key": {
        "power_pu": 0.9,
        "soc": 0.8,
        "phase_rad": 0.0,
        "controller": "PID",
        "frequency_label": "q0.99"
      },
      "coarse_scan": {
        "amplitude_grid_pu": [
          0.0,
          0.024548310554290048,
          0.0544,
          0.0982,
          0.1322,
          0.2168,
          0.3
        ],
        "evaluation_count": 7,
        "forcing_stage": {
          "label": "forcing_stage_safe",
          "status": "bracketed_first_failure",
          "center_safe": true,
          "all_safe": false,
          "first_failure_bracket": {
            "lower_amplitude_pu": 0.1322,
            "upper_amplitude_pu": 0.2168,
            "from_safe": true,
            "to_safe": false
          },
          "transitions": [
            {
              "lower_amplitude_pu": 0.1322,
              "upper_amplitude_pu": 0.2168,
              "from_safe": true,
              "to_safe": false
            }
          ],
          "non_star_shaped": false,
          "search_upper_amplitude_pu": 0.3
        },
        "joint_recovery": {
          "label": "joint_valid_for_boundary",
          "status": "bracketed_first_failure",
          "center_safe": true,
          "all_safe": false,
          "first_failure_bracket": {
            "lower_amplitude_pu": 0.1322,
            "upper_amplitude_pu": 0.2168,
            "from_safe": true,
            "to_safe": false
          },
          "transitions": [
            {
              "lower_amplitude_pu": 0.1322,
              "upper_amplitude_pu": 0.2168,
              "from_safe": true,
              "to_safe": false
            }
          ],
          "non_star_shaped": false,
          "search_upper_amplitude_pu": 0.3
        }
      },
      "forcing_stage_boundary": {
        "label": "forcing_stage_safe",
        "status": "bracketed_first_failure",
        "center_safe": true,
        "all_safe": false,
        "first_failure_bracket": {
          "lower_amplitude_pu": 0.1322,
          "upper_amplitude_pu": 0.2168,
          "from_safe": true,
          "to_safe": false
        },
        "transitions": [
          {
            "lower_amplitude_pu": 0.1322,
            "upper_amplitude_pu": 0.2168,
            "from_safe": true,
            "to_safe": false
          }
        ],
        "non_star_shaped": false,
        "search_upper_amplitude_pu": 0.3
      },
      "joint_recovery_complete_boundary": {
        "label": "joint_valid_for_boundary",
        "status": "bracketed_first_failure",
        "center_safe": true,
        "all_safe": false,
        "first_failure_bracket": {
          "lower_amplitude_pu": 0.1322,
          "upper_amplitude_pu": 0.2168,
          "from_safe": true,
          "to_safe": false
        },
        "transitions": [
          {
            "lower_amplitude_pu": 0.1322,
            "upper_amplitude_pu": 0.2168,
            "from_safe": true,
            "to_safe": false
          }
        ],
        "non_star_shaped": false,
        "search_upper_amplitude_pu": 0.3
      },
      "solver_failure_total": 0,
      "recovery_phase_physical_violation_case_files": [],
      "evaluation_count": 7
    },
    {
      "wave_ray_index": 41,
      "global_ray_key": {
        "power_pu": 0.9,
        "soc": 0.8,
        "phase_rad": 0.0,
        "controller": "MPC",
        "frequency_label": "q0.99"
      },
      "coarse_scan": {
        "amplitude_grid_pu": [
          0.0,
          0.024548310554290048,
          0.0544,
          0.0982,
          0.1322,
          0.2168,
          0.3
        ],
        "evaluation_count": 7,
        "forcing_stage": {
          "label": "forcing_stage_safe",
          "status": "bracketed_first_failure",
          "center_safe": true,
          "all_safe": false,
          "first_failure_bracket": {
            "lower_amplitude_pu": 0.1322,
            "upper_amplitude_pu": 0.2168,
            "from_safe": true,
            "to_safe": false
          },
          "transitions": [
            {
              "lower_amplitude_pu": 0.1322,
              "upper_amplitude_pu": 0.2168,
              "from_safe": true,
              "to_safe": false
            }
          ],
          "non_star_shaped": false,
          "search_upper_amplitude_pu": 0.3
        },
        "joint_recovery": {
          "label": "joint_valid_for_boundary",
          "status": "bracketed_first_failure",
          "center_safe": true,
          "all_safe": false,
          "first_failure_bracket": {
            "lower_amplitude_pu": 0.024548310554290048,
            "upper_amplitude_pu": 0.0544,
            "from_safe": true,
            "to_safe": false
          },
          "transitions": [
            {
              "lower_amplitude_pu": 0.024548310554290048,
              "upper_amplitude_pu": 0.0544,
              "from_safe": true,
              "to_safe": false
            },
            {
              "lower_amplitude_pu": 0.0982,
              "upper_amplitude_pu": 0.1322,
              "from_safe": false,
              "to_safe": true
            },
            {
              "lower_amplitude_pu": 0.1322,
              "upper_amplitude_pu": 0.2168,
              "from_safe": true,
              "to_safe": false
            }
          ],
          "non_star_shaped": true,
          "search_upper_amplitude_pu": 0.3
        }
      },
      "forcing_stage_boundary": {
        "label": "forcing_stage_safe",
        "status": "bracketed_first_failure",
        "center_safe": true,
        "all_safe": false,
        "first_failure_bracket": {
          "lower_amplitude_pu": 0.1322,
          "upper_amplitude_pu": 0.2168,
          "from_safe": true,
          "to_safe": false
        },
        "transitions": [
          {
            "lower_amplitude_pu": 0.1322,
            "upper_amplitude_pu": 0.2168,
            "from_safe": true,
            "to_safe": false
          }
        ],
        "non_star_shaped": false,
        "search_upper_amplitude_pu": 0.3
      },
      "joint_recovery_complete_boundary": {
        "label": "joint_valid_for_boundary",
        "status": "bracketed_first_failure",
        "center_safe": true,
        "all_safe": false,
        "first_failure_bracket": {
          "lower_amplitude_pu": 0.024548310554290048,
          "upper_amplitude_pu": 0.0544,
          "from_safe": true,
          "to_safe": false
        },
        "transitions": [
          {
            "lower_amplitude_pu": 0.024548310554290048,
            "upper_amplitude_pu": 0.0544,
            "from_safe": true,
            "to_safe": false
          },
          {
            "lower_amplitude_pu": 0.0982,
            "upper_amplitude_pu": 0.1322,
            "from_safe": false,
            "to_safe": true
          },
          {
            "lower_amplitude_pu": 0.1322,
            "upper_amplitude_pu": 0.2168,
            "from_safe": true,
            "to_safe": false
          }
        ],
        "non_star_shaped": true,
        "search_upper_amplitude_pu": 0.3
      },
      "solver_failure_total": 0,
      "recovery_phase_physical_violation_case_files": [],
      "evaluation_count": 7
    },
    {
      "wave_ray_index": 42,
      "global_ray_key": {
        "power_pu": 0.9,
        "soc": 0.8,
        "phase_rad": 1.5707963267948966,
        "controller": "PID",
        "frequency_label": "q0.99"
      },
      "coarse_scan": {
        "amplitude_grid_pu": [
          0.0,
          0.024548310554290048,
          0.0544,
          0.0982,
          0.1322,
          0.2168,
          0.3
        ],
        "evaluation_count": 7,
        "forcing_stage": {
          "label": "forcing_stage_safe",
          "status": "bracketed_first_failure",
          "center_safe": true,
          "all_safe": false,
          "first_failure_bracket": {
            "lower_amplitude_pu": 0.1322,
            "upper_amplitude_pu": 0.2168,
            "from_safe": true,
            "to_safe": false
          },
          "transitions": [
            {
              "lower_amplitude_pu": 0.1322,
              "upper_amplitude_pu": 0.2168,
              "from_safe": true,
              "to_safe": false
            }
          ],
          "non_star_shaped": false,
          "search_upper_amplitude_pu": 0.3
        },
        "joint_recovery": {
          "label": "joint_valid_for_boundary",
          "status": "bracketed_first_failure",
          "center_safe": true,
          "all_safe": false,
          "first_failure_bracket": {
            "lower_amplitude_pu": 0.1322,
            "upper_amplitude_pu": 0.2168,
            "from_safe": true,
            "to_safe": false
          },
          "transitions": [
            {
              "lower_amplitude_pu": 0.1322,
              "upper_amplitude_pu": 0.2168,
              "from_safe": true,
              "to_safe": false
            }
          ],
          "non_star_shaped": false,
          "search_upper_amplitude_pu": 0.3
        }
      },
      "forcing_stage_boundary": {
        "label": "forcing_stage_safe",
        "status": "bracketed_first_failure",
        "center_safe": true,
        "all_safe": false,
        "first_failure_bracket": {
          "lower_amplitude_pu": 0.1322,
          "upper_amplitude_pu": 0.2168,
          "from_safe": true,
          "to_safe": false
        },
        "transitions": [
          {
            "lower_amplitude_pu": 0.1322,
            "upper_amplitude_pu": 0.2168,
            "from_safe": true,
            "to_safe": false
          }
        ],
        "non_star_shaped": false,
        "search_upper_amplitude_pu": 0.3
      },
      "joint_recovery_complete_boundary": {
        "label": "joint_valid_for_boundary",
        "status": "bracketed_first_failure",
        "center_safe": true,
        "all_safe": false,
        "first_failure_bracket": {
          "lower_amplitude_pu": 0.1322,
          "upper_amplitude_pu": 0.2168,
          "from_safe": true,
          "to_safe": false
        },
        "transitions": [
          {
            "lower_amplitude_pu": 0.1322,
            "upper_amplitude_pu": 0.2168,
            "from_safe": true,
            "to_safe": false
          }
        ],
        "non_star_shaped": false,
        "search_upper_amplitude_pu": 0.3
      },
      "solver_failure_total": 0,
      "recovery_phase_physical_violation_case_files": [],
      "evaluation_count": 7
    },
    {
      "wave_ray_index": 43,
      "global_ray_key": {
        "power_pu": 0.9,
        "soc": 0.8,
        "phase_rad": 1.5707963267948966,
        "controller": "MPC",
        "frequency_label": "q0.99"
      },
      "coarse_scan": {
        "amplitude_grid_pu": [
          0.0,
          0.024548310554290048,
          0.0544,
          0.0982,
          0.1322,
          0.2168,
          0.3
        ],
        "evaluation_count": 7,
        "forcing_stage": {
          "label": "forcing_stage_safe",
          "status": "bracketed_first_failure",
          "center_safe": true,
          "all_safe": false,
          "first_failure_bracket": {
            "lower_amplitude_pu": 0.1322,
            "upper_amplitude_pu": 0.2168,
            "from_safe": true,
            "to_safe": false
          },
          "transitions": [
            {
              "lower_amplitude_pu": 0.1322,
              "upper_amplitude_pu": 0.2168,
              "from_safe": true,
              "to_safe": false
            }
          ],
          "non_star_shaped": false,
          "search_upper_amplitude_pu": 0.3
        },
        "joint_recovery": {
          "label": "joint_valid_for_boundary",
          "status": "bracketed_first_failure",
          "center_safe": true,
          "all_safe": false,
          "first_failure_bracket": {
            "lower_amplitude_pu": 0.0544,
            "upper_amplitude_pu": 0.0982,
            "from_safe": true,
            "to_safe": false
          },
          "transitions": [
            {
              "lower_amplitude_pu": 0.0544,
              "upper_amplitude_pu": 0.0982,
              "from_safe": true,
              "to_safe": false
            }
          ],
          "non_star_shaped": false,
          "search_upper_amplitude_pu": 0.3
        }
      },
      "forcing_stage_boundary": {
        "label": "forcing_stage_safe",
        "status": "bracketed_first_failure",
        "center_safe": true,
        "all_safe": false,
        "first_failure_bracket": {
          "lower_amplitude_pu": 0.1322,
          "upper_amplitude_pu": 0.2168,
          "from_safe": true,
          "to_safe": false
        },
        "transitions": [
          {
            "lower_amplitude_pu": 0.1322,
            "upper_amplitude_pu": 0.2168,
            "from_safe": true,
            "to_safe": false
          }
        ],
        "non_star_shaped": false,
        "search_upper_amplitude_pu": 0.3
      },
      "joint_recovery_complete_boundary": {
        "label": "joint_valid_for_boundary",
        "status": "bracketed_first_failure",
        "center_safe": true,
        "all_safe": false,
        "first_failure_bracket": {
          "lower_amplitude_pu": 0.0544,
          "upper_amplitude_pu": 0.0982,
          "from_safe": true,
          "to_safe": false
        },
        "transitions": [
          {
            "lower_amplitude_pu": 0.0544,
            "upper_amplitude_pu": 0.0982,
            "from_safe": true,
            "to_safe": false
          }
        ],
        "non_star_shaped": false,
        "search_upper_amplitude_pu": 0.3
      },
      "solver_failure_total": 0,
      "recovery_phase_physical_violation_case_files": [],
      "evaluation_count": 7
    },
    {
      "wave_ray_index": 44,
      "global_ray_key": {
        "power_pu": 0.9,
        "soc": 0.8,
        "phase_rad": 3.141592653589793,
        "controller": "PID",
        "frequency_label": "q0.99"
      },
      "coarse_scan": {
        "amplitude_grid_pu": [
          0.0,
          0.024548310554290048,
          0.0544,
          0.0982,
          0.1322,
          0.2168,
          0.3
        ],
        "evaluation_count": 7,
        "forcing_stage": {
          "label": "forcing_stage_safe",
          "status": "bracketed_first_failure",
          "center_safe": true,
          "all_safe": false,
          "first_failure_bracket": {
            "lower_amplitude_pu": 0.1322,
            "upper_amplitude_pu": 0.2168,
            "from_safe": true,
            "to_safe": false
          },
          "transitions": [
            {
              "lower_amplitude_pu": 0.1322,
              "upper_amplitude_pu": 0.2168,
              "from_safe": true,
              "to_safe": false
            }
          ],
          "non_star_shaped": false,
          "search_upper_amplitude_pu": 0.3
        },
        "joint_recovery": {
          "label": "joint_valid_for_boundary",
          "status": "bracketed_first_failure",
          "center_safe": true,
          "all_safe": false,
          "first_failure_bracket": {
            "lower_amplitude_pu": 0.1322,
            "upper_amplitude_pu": 0.2168,
            "from_safe": true,
            "to_safe": false
          },
          "transitions": [
            {
              "lower_amplitude_pu": 0.1322,
              "upper_amplitude_pu": 0.2168,
              "from_safe": true,
              "to_safe": false
            }
          ],
          "non_star_shaped": false,
          "search_upper_amplitude_pu": 0.3
        }
      },
      "forcing_stage_boundary": {
        "label": "forcing_stage_safe",
        "status": "bracketed_first_failure",
        "center_safe": true,
        "all_safe": false,
        "first_failure_bracket": {
          "lower_amplitude_pu": 0.1322,
          "upper_amplitude_pu": 0.2168,
          "from_safe": true,
          "to_safe": false
        },
        "transitions": [
          {
            "lower_amplitude_pu": 0.1322,
            "upper_amplitude_pu": 0.2168,
            "from_safe": true,
            "to_safe": false
          }
        ],
        "non_star_shaped": false,
        "search_upper_amplitude_pu": 0.3
      },
      "joint_recovery_complete_boundary": {
        "label": "joint_valid_for_boundary",
        "status": "bracketed_first_failure",
        "center_safe": true,
        "all_safe": false,
        "first_failure_bracket": {
          "lower_amplitude_pu": 0.1322,
          "upper_amplitude_pu": 0.2168,
          "from_safe": true,
          "to_safe": false
        },
        "transitions": [
          {
            "lower_amplitude_pu": 0.1322,
            "upper_amplitude_pu": 0.2168,
            "from_safe": true,
            "to_safe": false
          }
        ],
        "non_star_shaped": false,
        "search_upper_amplitude_pu": 0.3
      },
      "solver_failure_total": 0,
      "recovery_phase_physical_violation_case_files": [],
      "evaluation_count": 7
    },
    {
      "wave_ray_index": 45,
      "global_ray_key": {
        "power_pu": 0.9,
        "soc": 0.8,
        "phase_rad": 3.141592653589793,
        "controller": "MPC",
        "frequency_label": "q0.99"
      },
      "coarse_scan": {
        "amplitude_grid_pu": [
          0.0,
          0.024548310554290048,
          0.0544,
          0.0982,
          0.1322,
          0.2168,
          0.3
        ],
        "evaluation_count": 7,
        "forcing_stage": {
          "label": "forcing_stage_safe",
          "status": "bracketed_first_failure",
          "center_safe": true,
          "all_safe": false,
          "first_failure_bracket": {
            "lower_amplitude_pu": 0.1322,
            "upper_amplitude_pu": 0.2168,
            "from_safe": true,
            "to_safe": false
          },
          "transitions": [
            {
              "lower_amplitude_pu": 0.1322,
              "upper_amplitude_pu": 0.2168,
              "from_safe": true,
              "to_safe": false
            }
          ],
          "non_star_shaped": false,
          "search_upper_amplitude_pu": 0.3
        },
        "joint_recovery": {
          "label": "joint_valid_for_boundary",
          "status": "bracketed_first_failure",
          "center_safe": true,
          "all_safe": false,
          "first_failure_bracket": {
            "lower_amplitude_pu": 0.1322,
            "upper_amplitude_pu": 0.2168,
            "from_safe": true,
            "to_safe": false
          },
          "transitions": [
            {
              "lower_amplitude_pu": 0.1322,
              "upper_amplitude_pu": 0.2168,
              "from_safe": true,
              "to_safe": false
            }
          ],
          "non_star_shaped": false,
          "search_upper_amplitude_pu": 0.3
        }
      },
      "forcing_stage_boundary": {
        "label": "forcing_stage_safe",
        "status": "bracketed_first_failure",
        "center_safe": true,
        "all_safe": false,
        "first_failure_bracket": {
          "lower_amplitude_pu": 0.1322,
          "upper_amplitude_pu": 0.2168,
          "from_safe": true,
          "to_safe": false
        },
        "transitions": [
          {
            "lower_amplitude_pu": 0.1322,
            "upper_amplitude_pu": 0.2168,
            "from_safe": true,
            "to_safe": false
          }
        ],
        "non_star_shaped": false,
        "search_upper_amplitude_pu": 0.3
      },
      "joint_recovery_complete_boundary": {
        "label": "joint_valid_for_boundary",
        "status": "bracketed_first_failure",
        "center_safe": true,
        "all_safe": false,
        "first_failure_bracket": {
          "lower_amplitude_pu": 0.1322,
          "upper_amplitude_pu": 0.2168,
          "from_safe": true,
          "to_safe": false
        },
        "transitions": [
          {
            "lower_amplitude_pu": 0.1322,
            "upper_amplitude_pu": 0.2168,
            "from_safe": true,
            "to_safe": false
          }
        ],
        "non_star_shaped": false,
        "search_upper_amplitude_pu": 0.3
      },
      "solver_failure_total": 0,
      "recovery_phase_physical_violation_case_files": [],
      "evaluation_count": 7
    },
    {
      "wave_ray_index": 46,
      "global_ray_key": {
        "power_pu": 0.9,
        "soc": 0.8,
        "phase_rad": 4.71238898038469,
        "controller": "PID",
        "frequency_label": "q0.99"
      },
      "coarse_scan": {
        "amplitude_grid_pu": [
          0.0,
          0.024548310554290048,
          0.0544,
          0.0982,
          0.1322,
          0.2168,
          0.3
        ],
        "evaluation_count": 7,
        "forcing_stage": {
          "label": "forcing_stage_safe",
          "status": "bracketed_first_failure",
          "center_safe": true,
          "all_safe": false,
          "first_failure_bracket": {
            "lower_amplitude_pu": 0.1322,
            "upper_amplitude_pu": 0.2168,
            "from_safe": true,
            "to_safe": false
          },
          "transitions": [
            {
              "lower_amplitude_pu": 0.1322,
              "upper_amplitude_pu": 0.2168,
              "from_safe": true,
              "to_safe": false
            }
          ],
          "non_star_shaped": false,
          "search_upper_amplitude_pu": 0.3
        },
        "joint_recovery": {
          "label": "joint_valid_for_boundary",
          "status": "bracketed_first_failure",
          "center_safe": true,
          "all_safe": false,
          "first_failure_bracket": {
            "lower_amplitude_pu": 0.1322,
            "upper_amplitude_pu": 0.2168,
            "from_safe": true,
            "to_safe": false
          },
          "transitions": [
            {
              "lower_amplitude_pu": 0.1322,
              "upper_amplitude_pu": 0.2168,
              "from_safe": true,
              "to_safe": false
            }
          ],
          "non_star_shaped": false,
          "search_upper_amplitude_pu": 0.3
        }
      },
      "forcing_stage_boundary": {
        "label": "forcing_stage_safe",
        "status": "bracketed_first_failure",
        "center_safe": true,
        "all_safe": false,
        "first_failure_bracket": {
          "lower_amplitude_pu": 0.1322,
          "upper_amplitude_pu": 0.2168,
          "from_safe": true,
          "to_safe": false
        },
        "transitions": [
          {
            "lower_amplitude_pu": 0.1322,
            "upper_amplitude_pu": 0.2168,
            "from_safe": true,
            "to_safe": false
          }
        ],
        "non_star_shaped": false,
        "search_upper_amplitude_pu": 0.3
      },
      "joint_recovery_complete_boundary": {
        "label": "joint_valid_for_boundary",
        "status": "bracketed_first_failure",
        "center_safe": true,
        "all_safe": false,
        "first_failure_bracket": {
          "lower_amplitude_pu": 0.1322,
          "upper_amplitude_pu": 0.2168,
          "from_safe": true,
          "to_safe": false
        },
        "transitions": [
          {
            "lower_amplitude_pu": 0.1322,
            "upper_amplitude_pu": 0.2168,
            "from_safe": true,
            "to_safe": false
          }
        ],
        "non_star_shaped": false,
        "search_upper_amplitude_pu": 0.3
      },
      "solver_failure_total": 0,
      "recovery_phase_physical_violation_case_files": [],
      "evaluation_count": 7
    },
    {
      "wave_ray_index": 47,
      "global_ray_key": {
        "power_pu": 0.9,
        "soc": 0.8,
        "phase_rad": 4.71238898038469,
        "controller": "MPC",
        "frequency_label": "q0.99"
      },
      "coarse_scan": {
        "amplitude_grid_pu": [
          0.0,
          0.024548310554290048,
          0.0544,
          0.0982,
          0.1322,
          0.2168,
          0.3
        ],
        "evaluation_count": 7,
        "forcing_stage": {
          "label": "forcing_stage_safe",
          "status": "bracketed_first_failure",
          "center_safe": true,
          "all_safe": false,
          "first_failure_bracket": {
            "lower_amplitude_pu": 0.1322,
            "upper_amplitude_pu": 0.2168,
            "from_safe": true,
            "to_safe": false
          },
          "transitions": [
            {
              "lower_amplitude_pu": 0.1322,
              "upper_amplitude_pu": 0.2168,
              "from_safe": true,
              "to_safe": false
            }
          ],
          "non_star_shaped": false,
          "search_upper_amplitude_pu": 0.3
        },
        "joint_recovery": {
          "label": "joint_valid_for_boundary",
          "status": "bracketed_first_failure",
          "center_safe": true,
          "all_safe": false,
          "first_failure_bracket": {
            "lower_amplitude_pu": 0.1322,
            "upper_amplitude_pu": 0.2168,
            "from_safe": true,
            "to_safe": false
          },
          "transitions": [
            {
              "lower_amplitude_pu": 0.1322,
              "upper_amplitude_pu": 0.2168,
              "from_safe": true,
              "to_safe": false
            }
          ],
          "non_star_shaped": false,
          "search_upper_amplitude_pu": 0.3
        }
      },
      "forcing_stage_boundary": {
        "label": "forcing_stage_safe",
        "status": "bracketed_first_failure",
        "center_safe": true,
        "all_safe": false,
        "first_failure_bracket": {
          "lower_amplitude_pu": 0.1322,
          "upper_amplitude_pu": 0.2168,
          "from_safe": true,
          "to_safe": false
        },
        "transitions": [
          {
            "lower_amplitude_pu": 0.1322,
            "upper_amplitude_pu": 0.2168,
            "from_safe": true,
            "to_safe": false
          }
        ],
        "non_star_shaped": false,
        "search_upper_amplitude_pu": 0.3
      },
      "joint_recovery_complete_boundary": {
        "label": "joint_valid_for_boundary",
        "status": "bracketed_first_failure",
        "center_safe": true,
        "all_safe": false,
        "first_failure_bracket": {
          "lower_amplitude_pu": 0.1322,
          "upper_amplitude_pu": 0.2168,
          "from_safe": true,
          "to_safe": false
        },
        "transitions": [
          {
            "lower_amplitude_pu": 0.1322,
            "upper_amplitude_pu": 0.2168,
            "from_safe": true,
            "to_safe": false
          }
        ],
        "non_star_shaped": false,
        "search_upper_amplitude_pu": 0.3
      },
      "solver_failure_total": 0,
      "recovery_phase_physical_violation_case_files": [],
      "evaluation_count": 7
    },
    {
      "wave_ray_index": 48,
      "global_ray_key": {
        "power_pu": 1.0,
        "soc": 0.2,
        "phase_rad": 0.0,
        "controller": "PID",
        "frequency_label": "q0.99"
      },
      "coarse_scan": {
        "amplitude_grid_pu": [
          0.0,
          0.024548310554290048,
          0.0544,
          0.0982,
          0.1322,
          0.2168,
          0.3
        ],
        "evaluation_count": 7,
        "forcing_stage": {
          "label": "forcing_stage_safe",
          "status": "bracketed_first_failure",
          "center_safe": true,
          "all_safe": false,
          "first_failure_bracket": {
            "lower_amplitude_pu": 0.0982,
            "upper_amplitude_pu": 0.1322,
            "from_safe": true,
            "to_safe": false
          },
          "transitions": [
            {
              "lower_amplitude_pu": 0.0982,
              "upper_amplitude_pu": 0.1322,
              "from_safe": true,
              "to_safe": false
            }
          ],
          "non_star_shaped": false,
          "search_upper_amplitude_pu": 0.3
        },
        "joint_recovery": {
          "label": "joint_valid_for_boundary",
          "status": "bracketed_first_failure",
          "center_safe": true,
          "all_safe": false,
          "first_failure_bracket": {
            "lower_amplitude_pu": 0.0982,
            "upper_amplitude_pu": 0.1322,
            "from_safe": true,
            "to_safe": false
          },
          "transitions": [
            {
              "lower_amplitude_pu": 0.0982,
              "upper_amplitude_pu": 0.1322,
              "from_safe": true,
              "to_safe": false
            }
          ],
          "non_star_shaped": false,
          "search_upper_amplitude_pu": 0.3
        }
      },
      "forcing_stage_boundary": {
        "label": "forcing_stage_safe",
        "status": "bracketed_first_failure",
        "center_safe": true,
        "all_safe": false,
        "first_failure_bracket": {
          "lower_amplitude_pu": 0.0982,
          "upper_amplitude_pu": 0.1322,
          "from_safe": true,
          "to_safe": false
        },
        "transitions": [
          {
            "lower_amplitude_pu": 0.0982,
            "upper_amplitude_pu": 0.1322,
            "from_safe": true,
            "to_safe": false
          }
        ],
        "non_star_shaped": false,
        "search_upper_amplitude_pu": 0.3
      },
      "joint_recovery_complete_boundary": {
        "label": "joint_valid_for_boundary",
        "status": "bracketed_first_failure",
        "center_safe": true,
        "all_safe": false,
        "first_failure_bracket": {
          "lower_amplitude_pu": 0.0982,
          "upper_amplitude_pu": 0.1322,
          "from_safe": true,
          "to_safe": false
        },
        "transitions": [
          {
            "lower_amplitude_pu": 0.0982,
            "upper_amplitude_pu": 0.1322,
            "from_safe": true,
            "to_safe": false
          }
        ],
        "non_star_shaped": false,
        "search_upper_amplitude_pu": 0.3
      },
      "solver_failure_total": 0,
      "recovery_phase_physical_violation_case_files": [],
      "evaluation_count": 7
    },
    {
      "wave_ray_index": 49,
      "global_ray_key": {
        "power_pu": 1.0,
        "soc": 0.2,
        "phase_rad": 0.0,
        "controller": "MPC",
        "frequency_label": "q0.99"
      },
      "coarse_scan": {
        "amplitude_grid_pu": [
          0.0,
          0.024548310554290048,
          0.0544,
          0.0982,
          0.1322,
          0.2168,
          0.3
        ],
        "evaluation_count": 7,
        "forcing_stage": {
          "label": "forcing_stage_safe",
          "status": "bracketed_first_failure",
          "center_safe": true,
          "all_safe": false,
          "first_failure_bracket": {
            "lower_amplitude_pu": 0.0982,
            "upper_amplitude_pu": 0.1322,
            "from_safe": true,
            "to_safe": false
          },
          "transitions": [
            {
              "lower_amplitude_pu": 0.0982,
              "upper_amplitude_pu": 0.1322,
              "from_safe": true,
              "to_safe": false
            }
          ],
          "non_star_shaped": false,
          "search_upper_amplitude_pu": 0.3
        },
        "joint_recovery": {
          "label": "joint_valid_for_boundary",
          "status": "bracketed_first_failure",
          "center_safe": true,
          "all_safe": false,
          "first_failure_bracket": {
            "lower_amplitude_pu": 0.0982,
            "upper_amplitude_pu": 0.1322,
            "from_safe": true,
            "to_safe": false
          },
          "transitions": [
            {
              "lower_amplitude_pu": 0.0982,
              "upper_amplitude_pu": 0.1322,
              "from_safe": true,
              "to_safe": false
            }
          ],
          "non_star_shaped": false,
          "search_upper_amplitude_pu": 0.3
        }
      },
      "forcing_stage_boundary": {
        "label": "forcing_stage_safe",
        "status": "bracketed_first_failure",
        "center_safe": true,
        "all_safe": false,
        "first_failure_bracket": {
          "lower_amplitude_pu": 0.0982,
          "upper_amplitude_pu": 0.1322,
          "from_safe": true,
          "to_safe": false
        },
        "transitions": [
          {
            "lower_amplitude_pu": 0.0982,
            "upper_amplitude_pu": 0.1322,
            "from_safe": true,
            "to_safe": false
          }
        ],
        "non_star_shaped": false,
        "search_upper_amplitude_pu": 0.3
      },
      "joint_recovery_complete_boundary": {
        "label": "joint_valid_for_boundary",
        "status": "bracketed_first_failure",
        "center_safe": true,
        "all_safe": false,
        "first_failure_bracket": {
          "lower_amplitude_pu": 0.0982,
          "upper_amplitude_pu": 0.1322,
          "from_safe": true,
          "to_safe": false
        },
        "transitions": [
          {
            "lower_amplitude_pu": 0.0982,
            "upper_amplitude_pu": 0.1322,
            "from_safe": true,
            "to_safe": false
          }
        ],
        "non_star_shaped": false,
        "search_upper_amplitude_pu": 0.3
      },
      "solver_failure_total": 0,
      "recovery_phase_physical_violation_case_files": [],
      "evaluation_count": 7
    },
    {
      "wave_ray_index": 50,
      "global_ray_key": {
        "power_pu": 1.0,
        "soc": 0.2,
        "phase_rad": 1.5707963267948966,
        "controller": "PID",
        "frequency_label": "q0.99"
      },
      "coarse_scan": {
        "amplitude_grid_pu": [
          0.0,
          0.024548310554290048,
          0.0544,
          0.0982,
          0.1322,
          0.2168,
          0.3
        ],
        "evaluation_count": 7,
        "forcing_stage": {
          "label": "forcing_stage_safe",
          "status": "bracketed_first_failure",
          "center_safe": true,
          "all_safe": false,
          "first_failure_bracket": {
            "lower_amplitude_pu": 0.0982,
            "upper_amplitude_pu": 0.1322,
            "from_safe": true,
            "to_safe": false
          },
          "transitions": [
            {
              "lower_amplitude_pu": 0.0982,
              "upper_amplitude_pu": 0.1322,
              "from_safe": true,
              "to_safe": false
            }
          ],
          "non_star_shaped": false,
          "search_upper_amplitude_pu": 0.3
        },
        "joint_recovery": {
          "label": "joint_valid_for_boundary",
          "status": "bracketed_first_failure",
          "center_safe": true,
          "all_safe": false,
          "first_failure_bracket": {
            "lower_amplitude_pu": 0.0982,
            "upper_amplitude_pu": 0.1322,
            "from_safe": true,
            "to_safe": false
          },
          "transitions": [
            {
              "lower_amplitude_pu": 0.0982,
              "upper_amplitude_pu": 0.1322,
              "from_safe": true,
              "to_safe": false
            }
          ],
          "non_star_shaped": false,
          "search_upper_amplitude_pu": 0.3
        }
      },
      "forcing_stage_boundary": {
        "label": "forcing_stage_safe",
        "status": "bracketed_first_failure",
        "center_safe": true,
        "all_safe": false,
        "first_failure_bracket": {
          "lower_amplitude_pu": 0.0982,
          "upper_amplitude_pu": 0.1322,
          "from_safe": true,
          "to_safe": false
        },
        "transitions": [
          {
            "lower_amplitude_pu": 0.0982,
            "upper_amplitude_pu": 0.1322,
            "from_safe": true,
            "to_safe": false
          }
        ],
        "non_star_shaped": false,
        "search_upper_amplitude_pu": 0.3
      },
      "joint_recovery_complete_boundary": {
        "label": "joint_valid_for_boundary",
        "status": "bracketed_first_failure",
        "center_safe": true,
        "all_safe": false,
        "first_failure_bracket": {
          "lower_amplitude_pu": 0.0982,
          "upper_amplitude_pu": 0.1322,
          "from_safe": true,
          "to_safe": false
        },
        "transitions": [
          {
            "lower_amplitude_pu": 0.0982,
            "upper_amplitude_pu": 0.1322,
            "from_safe": true,
            "to_safe": false
          }
        ],
        "non_star_shaped": false,
        "search_upper_amplitude_pu": 0.3
      },
      "solver_failure_total": 0,
      "recovery_phase_physical_violation_case_files": [],
      "evaluation_count": 7
    },
    {
      "wave_ray_index": 51,
      "global_ray_key": {
        "power_pu": 1.0,
        "soc": 0.2,
        "phase_rad": 1.5707963267948966,
        "controller": "MPC",
        "frequency_label": "q0.99"
      },
      "coarse_scan": {
        "amplitude_grid_pu": [
          0.0,
          0.024548310554290048,
          0.0544,
          0.0982,
          0.1322,
          0.2168,
          0.3
        ],
        "evaluation_count": 7,
        "forcing_stage": {
          "label": "forcing_stage_safe",
          "status": "bracketed_first_failure",
          "center_safe": true,
          "all_safe": false,
          "first_failure_bracket": {
            "lower_amplitude_pu": 0.0982,
            "upper_amplitude_pu": 0.1322,
            "from_safe": true,
            "to_safe": false
          },
          "transitions": [
            {
              "lower_amplitude_pu": 0.0982,
              "upper_amplitude_pu": 0.1322,
              "from_safe": true,
              "to_safe": false
            }
          ],
          "non_star_shaped": false,
          "search_upper_amplitude_pu": 0.3
        },
        "joint_recovery": {
          "label": "joint_valid_for_boundary",
          "status": "bracketed_first_failure",
          "center_safe": true,
          "all_safe": false,
          "first_failure_bracket": {
            "lower_amplitude_pu": 0.0982,
            "upper_amplitude_pu": 0.1322,
            "from_safe": true,
            "to_safe": false
          },
          "transitions": [
            {
              "lower_amplitude_pu": 0.0982,
              "upper_amplitude_pu": 0.1322,
              "from_safe": true,
              "to_safe": false
            }
          ],
          "non_star_shaped": false,
          "search_upper_amplitude_pu": 0.3
        }
      },
      "forcing_stage_boundary": {
        "label": "forcing_stage_safe",
        "status": "bracketed_first_failure",
        "center_safe": true,
        "all_safe": false,
        "first_failure_bracket": {
          "lower_amplitude_pu": 0.0982,
          "upper_amplitude_pu": 0.1322,
          "from_safe": true,
          "to_safe": false
        },
        "transitions": [
          {
            "lower_amplitude_pu": 0.0982,
            "upper_amplitude_pu": 0.1322,
            "from_safe": true,
            "to_safe": false
          }
        ],
        "non_star_shaped": false,
        "search_upper_amplitude_pu": 0.3
      },
      "joint_recovery_complete_boundary": {
        "label": "joint_valid_for_boundary",
        "status": "bracketed_first_failure",
        "center_safe": true,
        "all_safe": false,
        "first_failure_bracket": {
          "lower_amplitude_pu": 0.0982,
          "upper_amplitude_pu": 0.1322,
          "from_safe": true,
          "to_safe": false
        },
        "transitions": [
          {
            "lower_amplitude_pu": 0.0982,
            "upper_amplitude_pu": 0.1322,
            "from_safe": true,
            "to_safe": false
          }
        ],
        "non_star_shaped": false,
        "search_upper_amplitude_pu": 0.3
      },
      "solver_failure_total": 0,
      "recovery_phase_physical_violation_case_files": [],
      "evaluation_count": 7
    },
    {
      "wave_ray_index": 52,
      "global_ray_key": {
        "power_pu": 1.0,
        "soc": 0.2,
        "phase_rad": 3.141592653589793,
        "controller": "PID",
        "frequency_label": "q0.99"
      },
      "coarse_scan": {
        "amplitude_grid_pu": [
          0.0,
          0.024548310554290048,
          0.0544,
          0.0982,
          0.1322,
          0.2168,
          0.3
        ],
        "evaluation_count": 7,
        "forcing_stage": {
          "label": "forcing_stage_safe",
          "status": "bracketed_first_failure",
          "center_safe": true,
          "all_safe": false,
          "first_failure_bracket": {
            "lower_amplitude_pu": 0.0982,
            "upper_amplitude_pu": 0.1322,
            "from_safe": true,
            "to_safe": false
          },
          "transitions": [
            {
              "lower_amplitude_pu": 0.0982,
              "upper_amplitude_pu": 0.1322,
              "from_safe": true,
              "to_safe": false
            }
          ],
          "non_star_shaped": false,
          "search_upper_amplitude_pu": 0.3
        },
        "joint_recovery": {
          "label": "joint_valid_for_boundary",
          "status": "bracketed_first_failure",
          "center_safe": true,
          "all_safe": false,
          "first_failure_bracket": {
            "lower_amplitude_pu": 0.0982,
            "upper_amplitude_pu": 0.1322,
            "from_safe": true,
            "to_safe": false
          },
          "transitions": [
            {
              "lower_amplitude_pu": 0.0982,
              "upper_amplitude_pu": 0.1322,
              "from_safe": true,
              "to_safe": false
            }
          ],
          "non_star_shaped": false,
          "search_upper_amplitude_pu": 0.3
        }
      },
      "forcing_stage_boundary": {
        "label": "forcing_stage_safe",
        "status": "bracketed_first_failure",
        "center_safe": true,
        "all_safe": false,
        "first_failure_bracket": {
          "lower_amplitude_pu": 0.0982,
          "upper_amplitude_pu": 0.1322,
          "from_safe": true,
          "to_safe": false
        },
        "transitions": [
          {
            "lower_amplitude_pu": 0.0982,
            "upper_amplitude_pu": 0.1322,
            "from_safe": true,
            "to_safe": false
          }
        ],
        "non_star_shaped": false,
        "search_upper_amplitude_pu": 0.3
      },
      "joint_recovery_complete_boundary": {
        "label": "joint_valid_for_boundary",
        "status": "bracketed_first_failure",
        "center_safe": true,
        "all_safe": false,
        "first_failure_bracket": {
          "lower_amplitude_pu": 0.0982,
          "upper_amplitude_pu": 0.1322,
          "from_safe": true,
          "to_safe": false
        },
        "transitions": [
          {
            "lower_amplitude_pu": 0.0982,
            "upper_amplitude_pu": 0.1322,
            "from_safe": true,
            "to_safe": false
          }
        ],
        "non_star_shaped": false,
        "search_upper_amplitude_pu": 0.3
      },
      "solver_failure_total": 0,
      "recovery_phase_physical_violation_case_files": [],
      "evaluation_count": 7
    },
    {
      "wave_ray_index": 53,
      "global_ray_key": {
        "power_pu": 1.0,
        "soc": 0.2,
        "phase_rad": 3.141592653589793,
        "controller": "MPC",
        "frequency_label": "q0.99"
      },
      "coarse_scan": {
        "amplitude_grid_pu": [
          0.0,
          0.024548310554290048,
          0.0544,
          0.0982,
          0.1322,
          0.2168,
          0.3
        ],
        "evaluation_count": 7,
        "forcing_stage": {
          "label": "forcing_stage_safe",
          "status": "bracketed_first_failure",
          "center_safe": true,
          "all_safe": false,
          "first_failure_bracket": {
            "lower_amplitude_pu": 0.0982,
            "upper_amplitude_pu": 0.1322,
            "from_safe": true,
            "to_safe": false
          },
          "transitions": [
            {
              "lower_amplitude_pu": 0.0982,
              "upper_amplitude_pu": 0.1322,
              "from_safe": true,
              "to_safe": false
            }
          ],
          "non_star_shaped": false,
          "search_upper_amplitude_pu": 0.3
        },
        "joint_recovery": {
          "label": "joint_valid_for_boundary",
          "status": "bracketed_first_failure",
          "center_safe": true,
          "all_safe": false,
          "first_failure_bracket": {
            "lower_amplitude_pu": 0.0982,
            "upper_amplitude_pu": 0.1322,
            "from_safe": true,
            "to_safe": false
          },
          "transitions": [
            {
              "lower_amplitude_pu": 0.0982,
              "upper_amplitude_pu": 0.1322,
              "from_safe": true,
              "to_safe": false
            }
          ],
          "non_star_shaped": false,
          "search_upper_amplitude_pu": 0.3
        }
      },
      "forcing_stage_boundary": {
        "label": "forcing_stage_safe",
        "status": "bracketed_first_failure",
        "center_safe": true,
        "all_safe": false,
        "first_failure_bracket": {
          "lower_amplitude_pu": 0.0982,
          "upper_amplitude_pu": 0.1322,
          "from_safe": true,
          "to_safe": false
        },
        "transitions": [
          {
            "lower_amplitude_pu": 0.0982,
            "upper_amplitude_pu": 0.1322,
            "from_safe": true,
            "to_safe": false
          }
        ],
        "non_star_shaped": false,
        "search_upper_amplitude_pu": 0.3
      },
      "joint_recovery_complete_boundary": {
        "label": "joint_valid_for_boundary",
        "status": "bracketed_first_failure",
        "center_safe": true,
        "all_safe": false,
        "first_failure_bracket": {
          "lower_amplitude_pu": 0.0982,
          "upper_amplitude_pu": 0.1322,
          "from_safe": true,
          "to_safe": false
        },
        "transitions": [
          {
            "lower_amplitude_pu": 0.0982,
            "upper_amplitude_pu": 0.1322,
            "from_safe": true,
            "to_safe": false
          }
        ],
        "non_star_shaped": false,
        "search_upper_amplitude_pu": 0.3
      },
      "solver_failure_total": 0,
      "recovery_phase_physical_violation_case_files": [],
      "evaluation_count": 7
    },
    {
      "wave_ray_index": 54,
      "global_ray_key": {
        "power_pu": 1.0,
        "soc": 0.2,
        "phase_rad": 4.71238898038469,
        "controller": "PID",
        "frequency_label": "q0.99"
      },
      "coarse_scan": {
        "amplitude_grid_pu": [
          0.0,
          0.024548310554290048,
          0.0544,
          0.0982,
          0.1322,
          0.2168,
          0.3
        ],
        "evaluation_count": 7,
        "forcing_stage": {
          "label": "forcing_stage_safe",
          "status": "bracketed_first_failure",
          "center_safe": true,
          "all_safe": false,
          "first_failure_bracket": {
            "lower_amplitude_pu": 0.0544,
            "upper_amplitude_pu": 0.0982,
            "from_safe": true,
            "to_safe": false
          },
          "transitions": [
            {
              "lower_amplitude_pu": 0.0544,
              "upper_amplitude_pu": 0.0982,
              "from_safe": true,
              "to_safe": false
            }
          ],
          "non_star_shaped": false,
          "search_upper_amplitude_pu": 0.3
        },
        "joint_recovery": {
          "label": "joint_valid_for_boundary",
          "status": "bracketed_first_failure",
          "center_safe": true,
          "all_safe": false,
          "first_failure_bracket": {
            "lower_amplitude_pu": 0.0544,
            "upper_amplitude_pu": 0.0982,
            "from_safe": true,
            "to_safe": false
          },
          "transitions": [
            {
              "lower_amplitude_pu": 0.0544,
              "upper_amplitude_pu": 0.0982,
              "from_safe": true,
              "to_safe": false
            }
          ],
          "non_star_shaped": false,
          "search_upper_amplitude_pu": 0.3
        }
      },
      "forcing_stage_boundary": {
        "label": "forcing_stage_safe",
        "status": "bracketed_first_failure",
        "center_safe": true,
        "all_safe": false,
        "first_failure_bracket": {
          "lower_amplitude_pu": 0.0544,
          "upper_amplitude_pu": 0.0982,
          "from_safe": true,
          "to_safe": false
        },
        "transitions": [
          {
            "lower_amplitude_pu": 0.0544,
            "upper_amplitude_pu": 0.0982,
            "from_safe": true,
            "to_safe": false
          }
        ],
        "non_star_shaped": false,
        "search_upper_amplitude_pu": 0.3
      },
      "joint_recovery_complete_boundary": {
        "label": "joint_valid_for_boundary",
        "status": "bracketed_first_failure",
        "center_safe": true,
        "all_safe": false,
        "first_failure_bracket": {
          "lower_amplitude_pu": 0.0544,
          "upper_amplitude_pu": 0.0982,
          "from_safe": true,
          "to_safe": false
        },
        "transitions": [
          {
            "lower_amplitude_pu": 0.0544,
            "upper_amplitude_pu": 0.0982,
            "from_safe": true,
            "to_safe": false
          }
        ],
        "non_star_shaped": false,
        "search_upper_amplitude_pu": 0.3
      },
      "solver_failure_total": 0,
      "recovery_phase_physical_violation_case_files": [],
      "evaluation_count": 7
    },
    {
      "wave_ray_index": 55,
      "global_ray_key": {
        "power_pu": 1.0,
        "soc": 0.2,
        "phase_rad": 4.71238898038469,
        "controller": "MPC",
        "frequency_label": "q0.99"
      },
      "coarse_scan": {
        "amplitude_grid_pu": [
          0.0,
          0.024548310554290048,
          0.0544,
          0.0982,
          0.1322,
          0.2168,
          0.3
        ],
        "evaluation_count": 7,
        "forcing_stage": {
          "label": "forcing_stage_safe",
          "status": "bracketed_first_failure",
          "center_safe": true,
          "all_safe": false,
          "first_failure_bracket": {
            "lower_amplitude_pu": 0.0544,
            "upper_amplitude_pu": 0.0982,
            "from_safe": true,
            "to_safe": false
          },
          "transitions": [
            {
              "lower_amplitude_pu": 0.0544,
              "upper_amplitude_pu": 0.0982,
              "from_safe": true,
              "to_safe": false
            }
          ],
          "non_star_shaped": false,
          "search_upper_amplitude_pu": 0.3
        },
        "joint_recovery": {
          "label": "joint_valid_for_boundary",
          "status": "bracketed_first_failure",
          "center_safe": true,
          "all_safe": false,
          "first_failure_bracket": {
            "lower_amplitude_pu": 0.0544,
            "upper_amplitude_pu": 0.0982,
            "from_safe": true,
            "to_safe": false
          },
          "transitions": [
            {
              "lower_amplitude_pu": 0.0544,
              "upper_amplitude_pu": 0.0982,
              "from_safe": true,
              "to_safe": false
            }
          ],
          "non_star_shaped": false,
          "search_upper_amplitude_pu": 0.3
        }
      },
      "forcing_stage_boundary": {
        "label": "forcing_stage_safe",
        "status": "bracketed_first_failure",
        "center_safe": true,
        "all_safe": false,
        "first_failure_bracket": {
          "lower_amplitude_pu": 0.0544,
          "upper_amplitude_pu": 0.0982,
          "from_safe": true,
          "to_safe": false
        },
        "transitions": [
          {
            "lower_amplitude_pu": 0.0544,
            "upper_amplitude_pu": 0.0982,
            "from_safe": true,
            "to_safe": false
          }
        ],
        "non_star_shaped": false,
        "search_upper_amplitude_pu": 0.3
      },
      "joint_recovery_complete_boundary": {
        "label": "joint_valid_for_boundary",
        "status": "bracketed_first_failure",
        "center_safe": true,
        "all_safe": false,
        "first_failure_bracket": {
          "lower_amplitude_pu": 0.0544,
          "upper_amplitude_pu": 0.0982,
          "from_safe": true,
          "to_safe": false
        },
        "transitions": [
          {
            "lower_amplitude_pu": 0.0544,
            "upper_amplitude_pu": 0.0982,
            "from_safe": true,
            "to_safe": false
          }
        ],
        "non_star_shaped": false,
        "search_upper_amplitude_pu": 0.3
      },
      "solver_failure_total": 0,
      "recovery_phase_physical_violation_case_files": [],
      "evaluation_count": 7
    },
    {
      "wave_ray_index": 56,
      "global_ray_key": {
        "power_pu": 1.0,
        "soc": 0.5,
        "phase_rad": 0.0,
        "controller": "PID",
        "frequency_label": "q0.99"
      },
      "coarse_scan": {
        "amplitude_grid_pu": [
          0.0,
          0.024548310554290048,
          0.0544,
          0.0982,
          0.1322,
          0.2168,
          0.3
        ],
        "evaluation_count": 7,
        "forcing_stage": {
          "label": "forcing_stage_safe",
          "status": "bracketed_first_failure",
          "center_safe": true,
          "all_safe": false,
          "first_failure_bracket": {
            "lower_amplitude_pu": 0.0982,
            "upper_amplitude_pu": 0.1322,
            "from_safe": true,
            "to_safe": false
          },
          "transitions": [
            {
              "lower_amplitude_pu": 0.0982,
              "upper_amplitude_pu": 0.1322,
              "from_safe": true,
              "to_safe": false
            }
          ],
          "non_star_shaped": false,
          "search_upper_amplitude_pu": 0.3
        },
        "joint_recovery": {
          "label": "joint_valid_for_boundary",
          "status": "bracketed_first_failure",
          "center_safe": true,
          "all_safe": false,
          "first_failure_bracket": {
            "lower_amplitude_pu": 0.0982,
            "upper_amplitude_pu": 0.1322,
            "from_safe": true,
            "to_safe": false
          },
          "transitions": [
            {
              "lower_amplitude_pu": 0.0982,
              "upper_amplitude_pu": 0.1322,
              "from_safe": true,
              "to_safe": false
            }
          ],
          "non_star_shaped": false,
          "search_upper_amplitude_pu": 0.3
        }
      },
      "forcing_stage_boundary": {
        "label": "forcing_stage_safe",
        "status": "bracketed_first_failure",
        "center_safe": true,
        "all_safe": false,
        "first_failure_bracket": {
          "lower_amplitude_pu": 0.0982,
          "upper_amplitude_pu": 0.1322,
          "from_safe": true,
          "to_safe": false
        },
        "transitions": [
          {
            "lower_amplitude_pu": 0.0982,
            "upper_amplitude_pu": 0.1322,
            "from_safe": true,
            "to_safe": false
          }
        ],
        "non_star_shaped": false,
        "search_upper_amplitude_pu": 0.3
      },
      "joint_recovery_complete_boundary": {
        "label": "joint_valid_for_boundary",
        "status": "bracketed_first_failure",
        "center_safe": true,
        "all_safe": false,
        "first_failure_bracket": {
          "lower_amplitude_pu": 0.0982,
          "upper_amplitude_pu": 0.1322,
          "from_safe": true,
          "to_safe": false
        },
        "transitions": [
          {
            "lower_amplitude_pu": 0.0982,
            "upper_amplitude_pu": 0.1322,
            "from_safe": true,
            "to_safe": false
          }
        ],
        "non_star_shaped": false,
        "search_upper_amplitude_pu": 0.3
      },
      "solver_failure_total": 0,
      "recovery_phase_physical_violation_case_files": [],
      "evaluation_count": 7
    },
    {
      "wave_ray_index": 57,
      "global_ray_key": {
        "power_pu": 1.0,
        "soc": 0.5,
        "phase_rad": 0.0,
        "controller": "MPC",
        "frequency_label": "q0.99"
      },
      "coarse_scan": {
        "amplitude_grid_pu": [
          0.0,
          0.024548310554290048,
          0.0544,
          0.0982,
          0.1322,
          0.2168,
          0.3
        ],
        "evaluation_count": 7,
        "forcing_stage": {
          "label": "forcing_stage_safe",
          "status": "bracketed_first_failure",
          "center_safe": true,
          "all_safe": false,
          "first_failure_bracket": {
            "lower_amplitude_pu": 0.0982,
            "upper_amplitude_pu": 0.1322,
            "from_safe": true,
            "to_safe": false
          },
          "transitions": [
            {
              "lower_amplitude_pu": 0.0982,
              "upper_amplitude_pu": 0.1322,
              "from_safe": true,
              "to_safe": false
            }
          ],
          "non_star_shaped": false,
          "search_upper_amplitude_pu": 0.3
        },
        "joint_recovery": {
          "label": "joint_valid_for_boundary",
          "status": "bracketed_first_failure",
          "center_safe": true,
          "all_safe": false,
          "first_failure_bracket": {
            "lower_amplitude_pu": 0.0982,
            "upper_amplitude_pu": 0.1322,
            "from_safe": true,
            "to_safe": false
          },
          "transitions": [
            {
              "lower_amplitude_pu": 0.0982,
              "upper_amplitude_pu": 0.1322,
              "from_safe": true,
              "to_safe": false
            }
          ],
          "non_star_shaped": false,
          "search_upper_amplitude_pu": 0.3
        }
      },
      "forcing_stage_boundary": {
        "label": "forcing_stage_safe",
        "status": "bracketed_first_failure",
        "center_safe": true,
        "all_safe": false,
        "first_failure_bracket": {
          "lower_amplitude_pu": 0.0982,
          "upper_amplitude_pu": 0.1322,
          "from_safe": true,
          "to_safe": false
        },
        "transitions": [
          {
            "lower_amplitude_pu": 0.0982,
            "upper_amplitude_pu": 0.1322,
            "from_safe": true,
            "to_safe": false
          }
        ],
        "non_star_shaped": false,
        "search_upper_amplitude_pu": 0.3
      },
      "joint_recovery_complete_boundary": {
        "label": "joint_valid_for_boundary",
        "status": "bracketed_first_failure",
        "center_safe": true,
        "all_safe": false,
        "first_failure_bracket": {
          "lower_amplitude_pu": 0.0982,
          "upper_amplitude_pu": 0.1322,
          "from_safe": true,
          "to_safe": false
        },
        "transitions": [
          {
            "lower_amplitude_pu": 0.0982,
            "upper_amplitude_pu": 0.1322,
            "from_safe": true,
            "to_safe": false
          }
        ],
        "non_star_shaped": false,
        "search_upper_amplitude_pu": 0.3
      },
      "solver_failure_total": 0,
      "recovery_phase_physical_violation_case_files": [],
      "evaluation_count": 7
    },
    {
      "wave_ray_index": 58,
      "global_ray_key": {
        "power_pu": 1.0,
        "soc": 0.5,
        "phase_rad": 1.5707963267948966,
        "controller": "PID",
        "frequency_label": "q0.99"
      },
      "coarse_scan": {
        "amplitude_grid_pu": [
          0.0,
          0.024548310554290048,
          0.0544,
          0.0982,
          0.1322,
          0.2168,
          0.3
        ],
        "evaluation_count": 7,
        "forcing_stage": {
          "label": "forcing_stage_safe",
          "status": "bracketed_first_failure",
          "center_safe": true,
          "all_safe": false,
          "first_failure_bracket": {
            "lower_amplitude_pu": 0.0982,
            "upper_amplitude_pu": 0.1322,
            "from_safe": true,
            "to_safe": false
          },
          "transitions": [
            {
              "lower_amplitude_pu": 0.0982,
              "upper_amplitude_pu": 0.1322,
              "from_safe": true,
              "to_safe": false
            }
          ],
          "non_star_shaped": false,
          "search_upper_amplitude_pu": 0.3
        },
        "joint_recovery": {
          "label": "joint_valid_for_boundary",
          "status": "bracketed_first_failure",
          "center_safe": true,
          "all_safe": false,
          "first_failure_bracket": {
            "lower_amplitude_pu": 0.0982,
            "upper_amplitude_pu": 0.1322,
            "from_safe": true,
            "to_safe": false
          },
          "transitions": [
            {
              "lower_amplitude_pu": 0.0982,
              "upper_amplitude_pu": 0.1322,
              "from_safe": true,
              "to_safe": false
            }
          ],
          "non_star_shaped": false,
          "search_upper_amplitude_pu": 0.3
        }
      },
      "forcing_stage_boundary": {
        "label": "forcing_stage_safe",
        "status": "bracketed_first_failure",
        "center_safe": true,
        "all_safe": false,
        "first_failure_bracket": {
          "lower_amplitude_pu": 0.0982,
          "upper_amplitude_pu": 0.1322,
          "from_safe": true,
          "to_safe": false
        },
        "transitions": [
          {
            "lower_amplitude_pu": 0.0982,
            "upper_amplitude_pu": 0.1322,
            "from_safe": true,
            "to_safe": false
          }
        ],
        "non_star_shaped": false,
        "search_upper_amplitude_pu": 0.3
      },
      "joint_recovery_complete_boundary": {
        "label": "joint_valid_for_boundary",
        "status": "bracketed_first_failure",
        "center_safe": true,
        "all_safe": false,
        "first_failure_bracket": {
          "lower_amplitude_pu": 0.0982,
          "upper_amplitude_pu": 0.1322,
          "from_safe": true,
          "to_safe": false
        },
        "transitions": [
          {
            "lower_amplitude_pu": 0.0982,
            "upper_amplitude_pu": 0.1322,
            "from_safe": true,
            "to_safe": false
          }
        ],
        "non_star_shaped": false,
        "search_upper_amplitude_pu": 0.3
      },
      "solver_failure_total": 0,
      "recovery_phase_physical_violation_case_files": [],
      "evaluation_count": 7
    },
    {
      "wave_ray_index": 59,
      "global_ray_key": {
        "power_pu": 1.0,
        "soc": 0.5,
        "phase_rad": 1.5707963267948966,
        "controller": "MPC",
        "frequency_label": "q0.99"
      },
      "coarse_scan": {
        "amplitude_grid_pu": [
          0.0,
          0.024548310554290048,
          0.0544,
          0.0982,
          0.1322,
          0.2168,
          0.3
        ],
        "evaluation_count": 7,
        "forcing_stage": {
          "label": "forcing_stage_safe",
          "status": "bracketed_first_failure",
          "center_safe": true,
          "all_safe": false,
          "first_failure_bracket": {
            "lower_amplitude_pu": 0.0982,
            "upper_amplitude_pu": 0.1322,
            "from_safe": true,
            "to_safe": false
          },
          "transitions": [
            {
              "lower_amplitude_pu": 0.0982,
              "upper_amplitude_pu": 0.1322,
              "from_safe": true,
              "to_safe": false
            }
          ],
          "non_star_shaped": false,
          "search_upper_amplitude_pu": 0.3
        },
        "joint_recovery": {
          "label": "joint_valid_for_boundary",
          "status": "bracketed_first_failure",
          "center_safe": true,
          "all_safe": false,
          "first_failure_bracket": {
            "lower_amplitude_pu": 0.0982,
            "upper_amplitude_pu": 0.1322,
            "from_safe": true,
            "to_safe": false
          },
          "transitions": [
            {
              "lower_amplitude_pu": 0.0982,
              "upper_amplitude_pu": 0.1322,
              "from_safe": true,
              "to_safe": false
            }
          ],
          "non_star_shaped": false,
          "search_upper_amplitude_pu": 0.3
        }
      },
      "forcing_stage_boundary": {
        "label": "forcing_stage_safe",
        "status": "bracketed_first_failure",
        "center_safe": true,
        "all_safe": false,
        "first_failure_bracket": {
          "lower_amplitude_pu": 0.0982,
          "upper_amplitude_pu": 0.1322,
          "from_safe": true,
          "to_safe": false
        },
        "transitions": [
          {
            "lower_amplitude_pu": 0.0982,
            "upper_amplitude_pu": 0.1322,
            "from_safe": true,
            "to_safe": false
          }
        ],
        "non_star_shaped": false,
        "search_upper_amplitude_pu": 0.3
      },
      "joint_recovery_complete_boundary": {
        "label": "joint_valid_for_boundary",
        "status": "bracketed_first_failure",
        "center_safe": true,
        "all_safe": false,
        "first_failure_bracket": {
          "lower_amplitude_pu": 0.0982,
          "upper_amplitude_pu": 0.1322,
          "from_safe": true,
          "to_safe": false
        },
        "transitions": [
          {
            "lower_amplitude_pu": 0.0982,
            "upper_amplitude_pu": 0.1322,
            "from_safe": true,
            "to_safe": false
          }
        ],
        "non_star_shaped": false,
        "search_upper_amplitude_pu": 0.3
      },
      "solver_failure_total": 0,
      "recovery_phase_physical_violation_case_files": [],
      "evaluation_count": 7
    },
    {
      "wave_ray_index": 60,
      "global_ray_key": {
        "power_pu": 1.0,
        "soc": 0.5,
        "phase_rad": 3.141592653589793,
        "controller": "PID",
        "frequency_label": "q0.99"
      },
      "coarse_scan": {
        "amplitude_grid_pu": [
          0.0,
          0.024548310554290048,
          0.0544,
          0.0982,
          0.1322,
          0.2168,
          0.3
        ],
        "evaluation_count": 7,
        "forcing_stage": {
          "label": "forcing_stage_safe",
          "status": "bracketed_first_failure",
          "center_safe": true,
          "all_safe": false,
          "first_failure_bracket": {
            "lower_amplitude_pu": 0.0982,
            "upper_amplitude_pu": 0.1322,
            "from_safe": true,
            "to_safe": false
          },
          "transitions": [
            {
              "lower_amplitude_pu": 0.0982,
              "upper_amplitude_pu": 0.1322,
              "from_safe": true,
              "to_safe": false
            }
          ],
          "non_star_shaped": false,
          "search_upper_amplitude_pu": 0.3
        },
        "joint_recovery": {
          "label": "joint_valid_for_boundary",
          "status": "bracketed_first_failure",
          "center_safe": true,
          "all_safe": false,
          "first_failure_bracket": {
            "lower_amplitude_pu": 0.0982,
            "upper_amplitude_pu": 0.1322,
            "from_safe": true,
            "to_safe": false
          },
          "transitions": [
            {
              "lower_amplitude_pu": 0.0982,
              "upper_amplitude_pu": 0.1322,
              "from_safe": true,
              "to_safe": false
            }
          ],
          "non_star_shaped": false,
          "search_upper_amplitude_pu": 0.3
        }
      },
      "forcing_stage_boundary": {
        "label": "forcing_stage_safe",
        "status": "bracketed_first_failure",
        "center_safe": true,
        "all_safe": false,
        "first_failure_bracket": {
          "lower_amplitude_pu": 0.0982,
          "upper_amplitude_pu": 0.1322,
          "from_safe": true,
          "to_safe": false
        },
        "transitions": [
          {
            "lower_amplitude_pu": 0.0982,
            "upper_amplitude_pu": 0.1322,
            "from_safe": true,
            "to_safe": false
          }
        ],
        "non_star_shaped": false,
        "search_upper_amplitude_pu": 0.3
      },
      "joint_recovery_complete_boundary": {
        "label": "joint_valid_for_boundary",
        "status": "bracketed_first_failure",
        "center_safe": true,
        "all_safe": false,
        "first_failure_bracket": {
          "lower_amplitude_pu": 0.0982,
          "upper_amplitude_pu": 0.1322,
          "from_safe": true,
          "to_safe": false
        },
        "transitions": [
          {
            "lower_amplitude_pu": 0.0982,
            "upper_amplitude_pu": 0.1322,
            "from_safe": true,
            "to_safe": false
          }
        ],
        "non_star_shaped": false,
        "search_upper_amplitude_pu": 0.3
      },
      "solver_failure_total": 0,
      "recovery_phase_physical_violation_case_files": [],
      "evaluation_count": 7
    },
    {
      "wave_ray_index": 61,
      "global_ray_key": {
        "power_pu": 1.0,
        "soc": 0.5,
        "phase_rad": 3.141592653589793,
        "controller": "MPC",
        "frequency_label": "q0.99"
      },
      "coarse_scan": {
        "amplitude_grid_pu": [
          0.0,
          0.024548310554290048,
          0.0544,
          0.0982,
          0.1322,
          0.2168,
          0.3
        ],
        "evaluation_count": 7,
        "forcing_stage": {
          "label": "forcing_stage_safe",
          "status": "bracketed_first_failure",
          "center_safe": true,
          "all_safe": false,
          "first_failure_bracket": {
            "lower_amplitude_pu": 0.0982,
            "upper_amplitude_pu": 0.1322,
            "from_safe": true,
            "to_safe": false
          },
          "transitions": [
            {
              "lower_amplitude_pu": 0.0982,
              "upper_amplitude_pu": 0.1322,
              "from_safe": true,
              "to_safe": false
            }
          ],
          "non_star_shaped": false,
          "search_upper_amplitude_pu": 0.3
        },
        "joint_recovery": {
          "label": "joint_valid_for_boundary",
          "status": "bracketed_first_failure",
          "center_safe": true,
          "all_safe": false,
          "first_failure_bracket": {
            "lower_amplitude_pu": 0.0982,
            "upper_amplitude_pu": 0.1322,
            "from_safe": true,
            "to_safe": false
          },
          "transitions": [
            {
              "lower_amplitude_pu": 0.0982,
              "upper_amplitude_pu": 0.1322,
              "from_safe": true,
              "to_safe": false
            }
          ],
          "non_star_shaped": false,
          "search_upper_amplitude_pu": 0.3
        }
      },
      "forcing_stage_boundary": {
        "label": "forcing_stage_safe",
        "status": "bracketed_first_failure",
        "center_safe": true,
        "all_safe": false,
        "first_failure_bracket": {
          "lower_amplitude_pu": 0.0982,
          "upper_amplitude_pu": 0.1322,
          "from_safe": true,
          "to_safe": false
        },
        "transitions": [
          {
            "lower_amplitude_pu": 0.0982,
            "upper_amplitude_pu": 0.1322,
            "from_safe": true,
            "to_safe": false
          }
        ],
        "non_star_shaped": false,
        "search_upper_amplitude_pu": 0.3
      },
      "joint_recovery_complete_boundary": {
        "label": "joint_valid_for_boundary",
        "status": "bracketed_first_failure",
        "center_safe": true,
        "all_safe": false,
        "first_failure_bracket": {
          "lower_amplitude_pu": 0.0982,
          "upper_amplitude_pu": 0.1322,
          "from_safe": true,
          "to_safe": false
        },
        "transitions": [
          {
            "lower_amplitude_pu": 0.0982,
            "upper_amplitude_pu": 0.1322,
            "from_safe": true,
            "to_safe": false
          }
        ],
        "non_star_shaped": false,
        "search_upper_amplitude_pu": 0.3
      },
      "solver_failure_total": 0,
      "recovery_phase_physical_violation_case_files": [],
      "evaluation_count": 7
    },
    {
      "wave_ray_index": 62,
      "global_ray_key": {
        "power_pu": 1.0,
        "soc": 0.5,
        "phase_rad": 4.71238898038469,
        "controller": "PID",
        "frequency_label": "q0.99"
      },
      "coarse_scan": {
        "amplitude_grid_pu": [
          0.0,
          0.024548310554290048,
          0.0544,
          0.0982,
          0.1322,
          0.2168,
          0.3
        ],
        "evaluation_count": 7,
        "forcing_stage": {
          "label": "forcing_stage_safe",
          "status": "bracketed_first_failure",
          "center_safe": true,
          "all_safe": false,
          "first_failure_bracket": {
            "lower_amplitude_pu": 0.0544,
            "upper_amplitude_pu": 0.0982,
            "from_safe": true,
            "to_safe": false
          },
          "transitions": [
            {
              "lower_amplitude_pu": 0.0544,
              "upper_amplitude_pu": 0.0982,
              "from_safe": true,
              "to_safe": false
            }
          ],
          "non_star_shaped": false,
          "search_upper_amplitude_pu": 0.3
        },
        "joint_recovery": {
          "label": "joint_valid_for_boundary",
          "status": "bracketed_first_failure",
          "center_safe": true,
          "all_safe": false,
          "first_failure_bracket": {
            "lower_amplitude_pu": 0.0544,
            "upper_amplitude_pu": 0.0982,
            "from_safe": true,
            "to_safe": false
          },
          "transitions": [
            {
              "lower_amplitude_pu": 0.0544,
              "upper_amplitude_pu": 0.0982,
              "from_safe": true,
              "to_safe": false
            }
          ],
          "non_star_shaped": false,
          "search_upper_amplitude_pu": 0.3
        }
      },
      "forcing_stage_boundary": {
        "label": "forcing_stage_safe",
        "status": "bracketed_first_failure",
        "center_safe": true,
        "all_safe": false,
        "first_failure_bracket": {
          "lower_amplitude_pu": 0.0544,
          "upper_amplitude_pu": 0.0982,
          "from_safe": true,
          "to_safe": false
        },
        "transitions": [
          {
            "lower_amplitude_pu": 0.0544,
            "upper_amplitude_pu": 0.0982,
            "from_safe": true,
            "to_safe": false
          }
        ],
        "non_star_shaped": false,
        "search_upper_amplitude_pu": 0.3
      },
      "joint_recovery_complete_boundary": {
        "label": "joint_valid_for_boundary",
        "status": "bracketed_first_failure",
        "center_safe": true,
        "all_safe": false,
        "first_failure_bracket": {
          "lower_amplitude_pu": 0.0544,
          "upper_amplitude_pu": 0.0982,
          "from_safe": true,
          "to_safe": false
        },
        "transitions": [
          {
            "lower_amplitude_pu": 0.0544,
            "upper_amplitude_pu": 0.0982,
            "from_safe": true,
            "to_safe": false
          }
        ],
        "non_star_shaped": false,
        "search_upper_amplitude_pu": 0.3
      },
      "solver_failure_total": 0,
      "recovery_phase_physical_violation_case_files": [],
      "evaluation_count": 7
    },
    {
      "wave_ray_index": 63,
      "global_ray_key": {
        "power_pu": 1.0,
        "soc": 0.5,
        "phase_rad": 4.71238898038469,
        "controller": "MPC",
        "frequency_label": "q0.99"
      },
      "coarse_scan": {
        "amplitude_grid_pu": [
          0.0,
          0.024548310554290048,
          0.0544,
          0.0982,
          0.1322,
          0.2168,
          0.3
        ],
        "evaluation_count": 7,
        "forcing_stage": {
          "label": "forcing_stage_safe",
          "status": "bracketed_first_failure",
          "center_safe": true,
          "all_safe": false,
          "first_failure_bracket": {
            "lower_amplitude_pu": 0.0544,
            "upper_amplitude_pu": 0.0982,
            "from_safe": true,
            "to_safe": false
          },
          "transitions": [
            {
              "lower_amplitude_pu": 0.0544,
              "upper_amplitude_pu": 0.0982,
              "from_safe": true,
              "to_safe": false
            }
          ],
          "non_star_shaped": false,
          "search_upper_amplitude_pu": 0.3
        },
        "joint_recovery": {
          "label": "joint_valid_for_boundary",
          "status": "bracketed_first_failure",
          "center_safe": true,
          "all_safe": false,
          "first_failure_bracket": {
            "lower_amplitude_pu": 0.0544,
            "upper_amplitude_pu": 0.0982,
            "from_safe": true,
            "to_safe": false
          },
          "transitions": [
            {
              "lower_amplitude_pu": 0.0544,
              "upper_amplitude_pu": 0.0982,
              "from_safe": true,
              "to_safe": false
            }
          ],
          "non_star_shaped": false,
          "search_upper_amplitude_pu": 0.3
        }
      },
      "forcing_stage_boundary": {
        "label": "forcing_stage_safe",
        "status": "bracketed_first_failure",
        "center_safe": true,
        "all_safe": false,
        "first_failure_bracket": {
          "lower_amplitude_pu": 0.0544,
          "upper_amplitude_pu": 0.0982,
          "from_safe": true,
          "to_safe": false
        },
        "transitions": [
          {
            "lower_amplitude_pu": 0.0544,
            "upper_amplitude_pu": 0.0982,
            "from_safe": true,
            "to_safe": false
          }
        ],
        "non_star_shaped": false,
        "search_upper_amplitude_pu": 0.3
      },
      "joint_recovery_complete_boundary": {
        "label": "joint_valid_for_boundary",
        "status": "bracketed_first_failure",
        "center_safe": true,
        "all_safe": false,
        "first_failure_bracket": {
          "lower_amplitude_pu": 0.0544,
          "upper_amplitude_pu": 0.0982,
          "from_safe": true,
          "to_safe": false
        },
        "transitions": [
          {
            "lower_amplitude_pu": 0.0544,
            "upper_amplitude_pu": 0.0982,
            "from_safe": true,
            "to_safe": false
          }
        ],
        "non_star_shaped": false,
        "search_upper_amplitude_pu": 0.3
      },
      "solver_failure_total": 0,
      "recovery_phase_physical_violation_case_files": [],
      "evaluation_count": 7
    },
    {
      "wave_ray_index": 64,
      "global_ray_key": {
        "power_pu": 1.0,
        "soc": 0.8,
        "phase_rad": 0.0,
        "controller": "PID",
        "frequency_label": "q0.99"
      },
      "coarse_scan": {
        "amplitude_grid_pu": [
          0.0,
          0.024548310554290048,
          0.0544,
          0.0982,
          0.1322,
          0.2168,
          0.3
        ],
        "evaluation_count": 7,
        "forcing_stage": {
          "label": "forcing_stage_safe",
          "status": "bracketed_first_failure",
          "center_safe": true,
          "all_safe": false,
          "first_failure_bracket": {
            "lower_amplitude_pu": 0.0982,
            "upper_amplitude_pu": 0.1322,
            "from_safe": true,
            "to_safe": false
          },
          "transitions": [
            {
              "lower_amplitude_pu": 0.0982,
              "upper_amplitude_pu": 0.1322,
              "from_safe": true,
              "to_safe": false
            }
          ],
          "non_star_shaped": false,
          "search_upper_amplitude_pu": 0.3
        },
        "joint_recovery": {
          "label": "joint_valid_for_boundary",
          "status": "bracketed_first_failure",
          "center_safe": true,
          "all_safe": false,
          "first_failure_bracket": {
            "lower_amplitude_pu": 0.0982,
            "upper_amplitude_pu": 0.1322,
            "from_safe": true,
            "to_safe": false
          },
          "transitions": [
            {
              "lower_amplitude_pu": 0.0982,
              "upper_amplitude_pu": 0.1322,
              "from_safe": true,
              "to_safe": false
            }
          ],
          "non_star_shaped": false,
          "search_upper_amplitude_pu": 0.3
        }
      },
      "forcing_stage_boundary": {
        "label": "forcing_stage_safe",
        "status": "bracketed_first_failure",
        "center_safe": true,
        "all_safe": false,
        "first_failure_bracket": {
          "lower_amplitude_pu": 0.0982,
          "upper_amplitude_pu": 0.1322,
          "from_safe": true,
          "to_safe": false
        },
        "transitions": [
          {
            "lower_amplitude_pu": 0.0982,
            "upper_amplitude_pu": 0.1322,
            "from_safe": true,
            "to_safe": false
          }
        ],
        "non_star_shaped": false,
        "search_upper_amplitude_pu": 0.3
      },
      "joint_recovery_complete_boundary": {
        "label": "joint_valid_for_boundary",
        "status": "bracketed_first_failure",
        "center_safe": true,
        "all_safe": false,
        "first_failure_bracket": {
          "lower_amplitude_pu": 0.0982,
          "upper_amplitude_pu": 0.1322,
          "from_safe": true,
          "to_safe": false
        },
        "transitions": [
          {
            "lower_amplitude_pu": 0.0982,
            "upper_amplitude_pu": 0.1322,
            "from_safe": true,
            "to_safe": false
          }
        ],
        "non_star_shaped": false,
        "search_upper_amplitude_pu": 0.3
      },
      "solver_failure_total": 0,
      "recovery_phase_physical_violation_case_files": [],
      "evaluation_count": 7
    },
    {
      "wave_ray_index": 65,
      "global_ray_key": {
        "power_pu": 1.0,
        "soc": 0.8,
        "phase_rad": 0.0,
        "controller": "MPC",
        "frequency_label": "q0.99"
      },
      "coarse_scan": {
        "amplitude_grid_pu": [
          0.0,
          0.024548310554290048,
          0.0544,
          0.0982,
          0.1322,
          0.2168,
          0.3
        ],
        "evaluation_count": 7,
        "forcing_stage": {
          "label": "forcing_stage_safe",
          "status": "bracketed_first_failure",
          "center_safe": true,
          "all_safe": false,
          "first_failure_bracket": {
            "lower_amplitude_pu": 0.0982,
            "upper_amplitude_pu": 0.1322,
            "from_safe": true,
            "to_safe": false
          },
          "transitions": [
            {
              "lower_amplitude_pu": 0.0982,
              "upper_amplitude_pu": 0.1322,
              "from_safe": true,
              "to_safe": false
            }
          ],
          "non_star_shaped": false,
          "search_upper_amplitude_pu": 0.3
        },
        "joint_recovery": {
          "label": "joint_valid_for_boundary",
          "status": "bracketed_first_failure",
          "center_safe": true,
          "all_safe": false,
          "first_failure_bracket": {
            "lower_amplitude_pu": 0.0982,
            "upper_amplitude_pu": 0.1322,
            "from_safe": true,
            "to_safe": false
          },
          "transitions": [
            {
              "lower_amplitude_pu": 0.0982,
              "upper_amplitude_pu": 0.1322,
              "from_safe": true,
              "to_safe": false
            }
          ],
          "non_star_shaped": false,
          "search_upper_amplitude_pu": 0.3
        }
      },
      "forcing_stage_boundary": {
        "label": "forcing_stage_safe",
        "status": "bracketed_first_failure",
        "center_safe": true,
        "all_safe": false,
        "first_failure_bracket": {
          "lower_amplitude_pu": 0.0982,
          "upper_amplitude_pu": 0.1322,
          "from_safe": true,
          "to_safe": false
        },
        "transitions": [
          {
            "lower_amplitude_pu": 0.0982,
            "upper_amplitude_pu": 0.1322,
            "from_safe": true,
            "to_safe": false
          }
        ],
        "non_star_shaped": false,
        "search_upper_amplitude_pu": 0.3
      },
      "joint_recovery_complete_boundary": {
        "label": "joint_valid_for_boundary",
        "status": "bracketed_first_failure",
        "center_safe": true,
        "all_safe": false,
        "first_failure_bracket": {
          "lower_amplitude_pu": 0.0982,
          "upper_amplitude_pu": 0.1322,
          "from_safe": true,
          "to_safe": false
        },
        "transitions": [
          {
            "lower_amplitude_pu": 0.0982,
            "upper_amplitude_pu": 0.1322,
            "from_safe": true,
            "to_safe": false
          }
        ],
        "non_star_shaped": false,
        "search_upper_amplitude_pu": 0.3
      },
      "solver_failure_total": 0,
      "recovery_phase_physical_violation_case_files": [],
      "evaluation_count": 7
    },
    {
      "wave_ray_index": 66,
      "global_ray_key": {
        "power_pu": 1.0,
        "soc": 0.8,
        "phase_rad": 1.5707963267948966,
        "controller": "PID",
        "frequency_label": "q0.99"
      },
      "coarse_scan": {
        "amplitude_grid_pu": [
          0.0,
          0.024548310554290048,
          0.0544,
          0.0982,
          0.1322,
          0.2168,
          0.3
        ],
        "evaluation_count": 7,
        "forcing_stage": {
          "label": "forcing_stage_safe",
          "status": "bracketed_first_failure",
          "center_safe": true,
          "all_safe": false,
          "first_failure_bracket": {
            "lower_amplitude_pu": 0.0982,
            "upper_amplitude_pu": 0.1322,
            "from_safe": true,
            "to_safe": false
          },
          "transitions": [
            {
              "lower_amplitude_pu": 0.0982,
              "upper_amplitude_pu": 0.1322,
              "from_safe": true,
              "to_safe": false
            }
          ],
          "non_star_shaped": false,
          "search_upper_amplitude_pu": 0.3
        },
        "joint_recovery": {
          "label": "joint_valid_for_boundary",
          "status": "bracketed_first_failure",
          "center_safe": true,
          "all_safe": false,
          "first_failure_bracket": {
            "lower_amplitude_pu": 0.0982,
            "upper_amplitude_pu": 0.1322,
            "from_safe": true,
            "to_safe": false
          },
          "transitions": [
            {
              "lower_amplitude_pu": 0.0982,
              "upper_amplitude_pu": 0.1322,
              "from_safe": true,
              "to_safe": false
            }
          ],
          "non_star_shaped": false,
          "search_upper_amplitude_pu": 0.3
        }
      },
      "forcing_stage_boundary": {
        "label": "forcing_stage_safe",
        "status": "bracketed_first_failure",
        "center_safe": true,
        "all_safe": false,
        "first_failure_bracket": {
          "lower_amplitude_pu": 0.0982,
          "upper_amplitude_pu": 0.1322,
          "from_safe": true,
          "to_safe": false
        },
        "transitions": [
          {
            "lower_amplitude_pu": 0.0982,
            "upper_amplitude_pu": 0.1322,
            "from_safe": true,
            "to_safe": false
          }
        ],
        "non_star_shaped": false,
        "search_upper_amplitude_pu": 0.3
      },
      "joint_recovery_complete_boundary": {
        "label": "joint_valid_for_boundary",
        "status": "bracketed_first_failure",
        "center_safe": true,
        "all_safe": false,
        "first_failure_bracket": {
          "lower_amplitude_pu": 0.0982,
          "upper_amplitude_pu": 0.1322,
          "from_safe": true,
          "to_safe": false
        },
        "transitions": [
          {
            "lower_amplitude_pu": 0.0982,
            "upper_amplitude_pu": 0.1322,
            "from_safe": true,
            "to_safe": false
          }
        ],
        "non_star_shaped": false,
        "search_upper_amplitude_pu": 0.3
      },
      "solver_failure_total": 0,
      "recovery_phase_physical_violation_case_files": [],
      "evaluation_count": 7
    },
    {
      "wave_ray_index": 67,
      "global_ray_key": {
        "power_pu": 1.0,
        "soc": 0.8,
        "phase_rad": 1.5707963267948966,
        "controller": "MPC",
        "frequency_label": "q0.99"
      },
      "coarse_scan": {
        "amplitude_grid_pu": [
          0.0,
          0.024548310554290048,
          0.0544,
          0.0982,
          0.1322,
          0.2168,
          0.3
        ],
        "evaluation_count": 7,
        "forcing_stage": {
          "label": "forcing_stage_safe",
          "status": "bracketed_first_failure",
          "center_safe": true,
          "all_safe": false,
          "first_failure_bracket": {
            "lower_amplitude_pu": 0.0982,
            "upper_amplitude_pu": 0.1322,
            "from_safe": true,
            "to_safe": false
          },
          "transitions": [
            {
              "lower_amplitude_pu": 0.0982,
              "upper_amplitude_pu": 0.1322,
              "from_safe": true,
              "to_safe": false
            }
          ],
          "non_star_shaped": false,
          "search_upper_amplitude_pu": 0.3
        },
        "joint_recovery": {
          "label": "joint_valid_for_boundary",
          "status": "bracketed_first_failure",
          "center_safe": true,
          "all_safe": false,
          "first_failure_bracket": {
            "lower_amplitude_pu": 0.0982,
            "upper_amplitude_pu": 0.1322,
            "from_safe": true,
            "to_safe": false
          },
          "transitions": [
            {
              "lower_amplitude_pu": 0.0982,
              "upper_amplitude_pu": 0.1322,
              "from_safe": true,
              "to_safe": false
            }
          ],
          "non_star_shaped": false,
          "search_upper_amplitude_pu": 0.3
        }
      },
      "forcing_stage_boundary": {
        "label": "forcing_stage_safe",
        "status": "bracketed_first_failure",
        "center_safe": true,
        "all_safe": false,
        "first_failure_bracket": {
          "lower_amplitude_pu": 0.0982,
          "upper_amplitude_pu": 0.1322,
          "from_safe": true,
          "to_safe": false
        },
        "transitions": [
          {
            "lower_amplitude_pu": 0.0982,
            "upper_amplitude_pu": 0.1322,
            "from_safe": true,
            "to_safe": false
          }
        ],
        "non_star_shaped": false,
        "search_upper_amplitude_pu": 0.3
      },
      "joint_recovery_complete_boundary": {
        "label": "joint_valid_for_boundary",
        "status": "bracketed_first_failure",
        "center_safe": true,
        "all_safe": false,
        "first_failure_bracket": {
          "lower_amplitude_pu": 0.0982,
          "upper_amplitude_pu": 0.1322,
          "from_safe": true,
          "to_safe": false
        },
        "transitions": [
          {
            "lower_amplitude_pu": 0.0982,
            "upper_amplitude_pu": 0.1322,
            "from_safe": true,
            "to_safe": false
          }
        ],
        "non_star_shaped": false,
        "search_upper_amplitude_pu": 0.3
      },
      "solver_failure_total": 0,
      "recovery_phase_physical_violation_case_files": [],
      "evaluation_count": 7
    },
    {
      "wave_ray_index": 68,
      "global_ray_key": {
        "power_pu": 1.0,
        "soc": 0.8,
        "phase_rad": 3.141592653589793,
        "controller": "PID",
        "frequency_label": "q0.99"
      },
      "coarse_scan": {
        "amplitude_grid_pu": [
          0.0,
          0.024548310554290048,
          0.0544,
          0.0982,
          0.1322,
          0.2168,
          0.3
        ],
        "evaluation_count": 7,
        "forcing_stage": {
          "label": "forcing_stage_safe",
          "status": "bracketed_first_failure",
          "center_safe": true,
          "all_safe": false,
          "first_failure_bracket": {
            "lower_amplitude_pu": 0.0982,
            "upper_amplitude_pu": 0.1322,
            "from_safe": true,
            "to_safe": false
          },
          "transitions": [
            {
              "lower_amplitude_pu": 0.0982,
              "upper_amplitude_pu": 0.1322,
              "from_safe": true,
              "to_safe": false
            }
          ],
          "non_star_shaped": false,
          "search_upper_amplitude_pu": 0.3
        },
        "joint_recovery": {
          "label": "joint_valid_for_boundary",
          "status": "bracketed_first_failure",
          "center_safe": true,
          "all_safe": false,
          "first_failure_bracket": {
            "lower_amplitude_pu": 0.0982,
            "upper_amplitude_pu": 0.1322,
            "from_safe": true,
            "to_safe": false
          },
          "transitions": [
            {
              "lower_amplitude_pu": 0.0982,
              "upper_amplitude_pu": 0.1322,
              "from_safe": true,
              "to_safe": false
            }
          ],
          "non_star_shaped": false,
          "search_upper_amplitude_pu": 0.3
        }
      },
      "forcing_stage_boundary": {
        "label": "forcing_stage_safe",
        "status": "bracketed_first_failure",
        "center_safe": true,
        "all_safe": false,
        "first_failure_bracket": {
          "lower_amplitude_pu": 0.0982,
          "upper_amplitude_pu": 0.1322,
          "from_safe": true,
          "to_safe": false
        },
        "transitions": [
          {
            "lower_amplitude_pu": 0.0982,
            "upper_amplitude_pu": 0.1322,
            "from_safe": true,
            "to_safe": false
          }
        ],
        "non_star_shaped": false,
        "search_upper_amplitude_pu": 0.3
      },
      "joint_recovery_complete_boundary": {
        "label": "joint_valid_for_boundary",
        "status": "bracketed_first_failure",
        "center_safe": true,
        "all_safe": false,
        "first_failure_bracket": {
          "lower_amplitude_pu": 0.0982,
          "upper_amplitude_pu": 0.1322,
          "from_safe": true,
          "to_safe": false
        },
        "transitions": [
          {
            "lower_amplitude_pu": 0.0982,
            "upper_amplitude_pu": 0.1322,
            "from_safe": true,
            "to_safe": false
          }
        ],
        "non_star_shaped": false,
        "search_upper_amplitude_pu": 0.3
      },
      "solver_failure_total": 0,
      "recovery_phase_physical_violation_case_files": [],
      "evaluation_count": 7
    },
    {
      "wave_ray_index": 69,
      "global_ray_key": {
        "power_pu": 1.0,
        "soc": 0.8,
        "phase_rad": 3.141592653589793,
        "controller": "MPC",
        "frequency_label": "q0.99"
      },
      "coarse_scan": {
        "amplitude_grid_pu": [
          0.0,
          0.024548310554290048,
          0.0544,
          0.0982,
          0.1322,
          0.2168,
          0.3
        ],
        "evaluation_count": 7,
        "forcing_stage": {
          "label": "forcing_stage_safe",
          "status": "bracketed_first_failure",
          "center_safe": true,
          "all_safe": false,
          "first_failure_bracket": {
            "lower_amplitude_pu": 0.0982,
            "upper_amplitude_pu": 0.1322,
            "from_safe": true,
            "to_safe": false
          },
          "transitions": [
            {
              "lower_amplitude_pu": 0.0982,
              "upper_amplitude_pu": 0.1322,
              "from_safe": true,
              "to_safe": false
            }
          ],
          "non_star_shaped": false,
          "search_upper_amplitude_pu": 0.3
        },
        "joint_recovery": {
          "label": "joint_valid_for_boundary",
          "status": "bracketed_first_failure",
          "center_safe": true,
          "all_safe": false,
          "first_failure_bracket": {
            "lower_amplitude_pu": 0.0982,
            "upper_amplitude_pu": 0.1322,
            "from_safe": true,
            "to_safe": false
          },
          "transitions": [
            {
              "lower_amplitude_pu": 0.0982,
              "upper_amplitude_pu": 0.1322,
              "from_safe": true,
              "to_safe": false
            }
          ],
          "non_star_shaped": false,
          "search_upper_amplitude_pu": 0.3
        }
      },
      "forcing_stage_boundary": {
        "label": "forcing_stage_safe",
        "status": "bracketed_first_failure",
        "center_safe": true,
        "all_safe": false,
        "first_failure_bracket": {
          "lower_amplitude_pu": 0.0982,
          "upper_amplitude_pu": 0.1322,
          "from_safe": true,
          "to_safe": false
        },
        "transitions": [
          {
            "lower_amplitude_pu": 0.0982,
            "upper_amplitude_pu": 0.1322,
            "from_safe": true,
            "to_safe": false
          }
        ],
        "non_star_shaped": false,
        "search_upper_amplitude_pu": 0.3
      },
      "joint_recovery_complete_boundary": {
        "label": "joint_valid_for_boundary",
        "status": "bracketed_first_failure",
        "center_safe": true,
        "all_safe": false,
        "first_failure_bracket": {
          "lower_amplitude_pu": 0.0982,
          "upper_amplitude_pu": 0.1322,
          "from_safe": true,
          "to_safe": false
        },
        "transitions": [
          {
            "lower_amplitude_pu": 0.0982,
            "upper_amplitude_pu": 0.1322,
            "from_safe": true,
            "to_safe": false
          }
        ],
        "non_star_shaped": false,
        "search_upper_amplitude_pu": 0.3
      },
      "solver_failure_total": 0,
      "recovery_phase_physical_violation_case_files": [],
      "evaluation_count": 7
    },
    {
      "wave_ray_index": 70,
      "global_ray_key": {
        "power_pu": 1.0,
        "soc": 0.8,
        "phase_rad": 4.71238898038469,
        "controller": "PID",
        "frequency_label": "q0.99"
      },
      "coarse_scan": {
        "amplitude_grid_pu": [
          0.0,
          0.024548310554290048,
          0.0544,
          0.0982,
          0.1322,
          0.2168,
          0.3
        ],
        "evaluation_count": 7,
        "forcing_stage": {
          "label": "forcing_stage_safe",
          "status": "bracketed_first_failure",
          "center_safe": true,
          "all_safe": false,
          "first_failure_bracket": {
            "lower_amplitude_pu": 0.0544,
            "upper_amplitude_pu": 0.0982,
            "from_safe": true,
            "to_safe": false
          },
          "transitions": [
            {
              "lower_amplitude_pu": 0.0544,
              "upper_amplitude_pu": 0.0982,
              "from_safe": true,
              "to_safe": false
            }
          ],
          "non_star_shaped": false,
          "search_upper_amplitude_pu": 0.3
        },
        "joint_recovery": {
          "label": "joint_valid_for_boundary",
          "status": "bracketed_first_failure",
          "center_safe": true,
          "all_safe": false,
          "first_failure_bracket": {
            "lower_amplitude_pu": 0.0544,
            "upper_amplitude_pu": 0.0982,
            "from_safe": true,
            "to_safe": false
          },
          "transitions": [
            {
              "lower_amplitude_pu": 0.0544,
              "upper_amplitude_pu": 0.0982,
              "from_safe": true,
              "to_safe": false
            }
          ],
          "non_star_shaped": false,
          "search_upper_amplitude_pu": 0.3
        }
      },
      "forcing_stage_boundary": {
        "label": "forcing_stage_safe",
        "status": "bracketed_first_failure",
        "center_safe": true,
        "all_safe": false,
        "first_failure_bracket": {
          "lower_amplitude_pu": 0.0544,
          "upper_amplitude_pu": 0.0982,
          "from_safe": true,
          "to_safe": false
        },
        "transitions": [
          {
            "lower_amplitude_pu": 0.0544,
            "upper_amplitude_pu": 0.0982,
            "from_safe": true,
            "to_safe": false
          }
        ],
        "non_star_shaped": false,
        "search_upper_amplitude_pu": 0.3
      },
      "joint_recovery_complete_boundary": {
        "label": "joint_valid_for_boundary",
        "status": "bracketed_first_failure",
        "center_safe": true,
        "all_safe": false,
        "first_failure_bracket": {
          "lower_amplitude_pu": 0.0544,
          "upper_amplitude_pu": 0.0982,
          "from_safe": true,
          "to_safe": false
        },
        "transitions": [
          {
            "lower_amplitude_pu": 0.0544,
            "upper_amplitude_pu": 0.0982,
            "from_safe": true,
            "to_safe": false
          }
        ],
        "non_star_shaped": false,
        "search_upper_amplitude_pu": 0.3
      },
      "solver_failure_total": 0,
      "recovery_phase_physical_violation_case_files": [],
      "evaluation_count": 7
    },
    {
      "wave_ray_index": 71,
      "global_ray_key": {
        "power_pu": 1.0,
        "soc": 0.8,
        "phase_rad": 4.71238898038469,
        "controller": "MPC",
        "frequency_label": "q0.99"
      },
      "coarse_scan": {
        "amplitude_grid_pu": [
          0.0,
          0.024548310554290048,
          0.0544,
          0.0982,
          0.1322,
          0.2168,
          0.3
        ],
        "evaluation_count": 7,
        "forcing_stage": {
          "label": "forcing_stage_safe",
          "status": "bracketed_first_failure",
          "center_safe": true,
          "all_safe": false,
          "first_failure_bracket": {
            "lower_amplitude_pu": 0.0544,
            "upper_amplitude_pu": 0.0982,
            "from_safe": true,
            "to_safe": false
          },
          "transitions": [
            {
              "lower_amplitude_pu": 0.0544,
              "upper_amplitude_pu": 0.0982,
              "from_safe": true,
              "to_safe": false
            }
          ],
          "non_star_shaped": false,
          "search_upper_amplitude_pu": 0.3
        },
        "joint_recovery": {
          "label": "joint_valid_for_boundary",
          "status": "bracketed_first_failure",
          "center_safe": true,
          "all_safe": false,
          "first_failure_bracket": {
            "lower_amplitude_pu": 0.0544,
            "upper_amplitude_pu": 0.0982,
            "from_safe": true,
            "to_safe": false
          },
          "transitions": [
            {
              "lower_amplitude_pu": 0.0544,
              "upper_amplitude_pu": 0.0982,
              "from_safe": true,
              "to_safe": false
            }
          ],
          "non_star_shaped": false,
          "search_upper_amplitude_pu": 0.3
        }
      },
      "forcing_stage_boundary": {
        "label": "forcing_stage_safe",
        "status": "bracketed_first_failure",
        "center_safe": true,
        "all_safe": false,
        "first_failure_bracket": {
          "lower_amplitude_pu": 0.0544,
          "upper_amplitude_pu": 0.0982,
          "from_safe": true,
          "to_safe": false
        },
        "transitions": [
          {
            "lower_amplitude_pu": 0.0544,
            "upper_amplitude_pu": 0.0982,
            "from_safe": true,
            "to_safe": false
          }
        ],
        "non_star_shaped": false,
        "search_upper_amplitude_pu": 0.3
      },
      "joint_recovery_complete_boundary": {
        "label": "joint_valid_for_boundary",
        "status": "bracketed_first_failure",
        "center_safe": true,
        "all_safe": false,
        "first_failure_bracket": {
          "lower_amplitude_pu": 0.0544,
          "upper_amplitude_pu": 0.0982,
          "from_safe": true,
          "to_safe": false
        },
        "transitions": [
          {
            "lower_amplitude_pu": 0.0544,
            "upper_amplitude_pu": 0.0982,
            "from_safe": true,
            "to_safe": false
          }
        ],
        "non_star_shaped": false,
        "search_upper_amplitude_pu": 0.3
      },
      "solver_failure_total": 0,
      "recovery_phase_physical_violation_case_files": [],
      "evaluation_count": 7
    }
  ]
}
